latitude,longitude,frp,daynight,datetime
17.90913,82.63764,4.76,D,2026-05-14 07:12:00
17.90961,82.6364,4.82,D,2026-05-14 07:12:00
18.20374,77.79069,12.03,D,2026-05-14 07:12:00
18.2065,77.79298,8.55,D,2026-05-14 07:12:00
18.47787,79.45326,7.81,D,2026-05-14 07:12:00
18.4955,79.12315,11.84,D,2026-05-14 07:12:00
18.65073,83.08579,5.63,D,2026-05-14 07:12:00
18.65134,83.0887,5.63,D,2026-05-14 07:12:00
18.65248,83.08656,6.01,D,2026-05-14 07:12:00
18.65308,83.08948,6.01,D,2026-05-14 07:12:00
18.67493,78.41737,5.33,D,2026-05-14 07:12:00
18.67681,78.41964,6.33,D,2026-05-14 07:12:00
18.77474,83.76781,4.79,D,2026-05-14 07:12:00
18.77524,83.77025,4.79,D,2026-05-14 07:12:00
18.81081,83.82372,8.12,D,2026-05-14 07:12:00
18.81124,83.82584,16.33,D,2026-05-14 07:12:00
18.96376,83.07436,7.3,D,2026-05-14 07:12:00
18.96422,83.07536,6.91,D,2026-05-14 07:12:00
18.99579,82.83526,6.95,D,2026-05-14 07:12:00
18.99646,82.83846,6.95,D,2026-05-14 07:12:00
19.0026,79.09606,5.86,D,2026-05-14 07:12:00
19.00404,79.10222,10.82,D,2026-05-14 07:12:00
19.05691,82.82217,3.92,D,2026-05-14 07:12:00
19.05766,82.82569,7.97,D,2026-05-14 07:12:00
19.06597,82.81261,1.34,D,2026-05-14 07:12:00
19.06982,82.80462,7.62,D,2026-05-14 07:12:00
19.07061,82.80835,12.8,D,2026-05-14 07:12:00
19.09792,82.85927,5.27,D,2026-05-14 07:12:00
19.20367,83.46983,3.54,D,2026-05-14 07:12:00
19.24056,84.37061,2.74,D,2026-05-14 07:12:00
19.2441,84.36716,10.75,D,2026-05-14 07:12:00
19.24504,84.37175,10.75,D,2026-05-14 07:12:00
19.24516,84.36862,13.4,D,2026-05-14 07:12:00
19.51861,78.14767,6.93,D,2026-05-14 07:12:00
19.52018,78.15412,10.75,D,2026-05-14 07:12:00
19.52035,78.14956,10.46,D,2026-05-14 07:12:00
19.54551,83.2357,3.85,D,2026-05-14 07:12:00
19.54667,83.23423,3.37,D,2026-05-14 07:12:00
19.54725,83.23696,3.37,D,2026-05-14 07:12:00
19.59678,83.24392,2.77,D,2026-05-14 07:12:00
19.84798,83.90668,38.04,D,2026-05-14 07:12:00
20.16116,80.66954,2.84,D,2026-05-14 07:12:00
20.22104,86.47216,2.6,D,2026-05-14 07:12:00
20.37203,86.39958,2.89,D,2026-05-14 07:12:00
20.41899,78.25526,8.41,D,2026-05-14 07:12:00
20.68355,84.22253,2.48,D,2026-05-14 07:12:00
20.79366,85.25384,2.56,D,2026-05-14 07:12:00
20.83163,84.19733,3.49,D,2026-05-14 07:12:00
20.8319,84.19429,3.93,D,2026-05-14 07:12:00
20.83766,81.53097,4.37,D,2026-05-14 07:12:00
20.83855,84.13133,5.05,D,2026-05-14 07:12:00
20.8643,84.20902,4.88,D,2026-05-14 07:12:00
20.88666,84.98447,6.27,D,2026-05-14 07:12:00
20.90011,81.39057,5.24,D,2026-05-14 07:12:00
20.90287,81.38945,4.66,D,2026-05-14 07:12:00
20.95067,86.04993,3.78,D,2026-05-14 07:12:00
20.95535,85.01522,5.3,D,2026-05-14 07:12:00
20.96252,85.16869,4.1,D,2026-05-14 07:12:00
20.96262,85.1924,8.38,D,2026-05-14 07:12:00
20.96343,85.17328,4.1,D,2026-05-14 07:12:00
20.96383,86.00474,5.24,D,2026-05-14 07:12:00
20.9646,86.00881,5.24,D,2026-05-14 07:12:00
20.96781,85.17229,6.53,D,2026-05-14 07:12:00
20.96872,85.1769,11.33,D,2026-05-14 07:12:00
20.96948,85.15743,5.4,D,2026-05-14 07:12:00
20.97387,85.15645,5.95,D,2026-05-14 07:12:00
21.06416,83.95206,3.95,D,2026-05-14 07:12:00
21.25196,82.5556,2.52,D,2026-05-14 07:12:00
21.25315,82.55548,2.54,D,2026-05-14 07:12:00
21.32459,79.53235,2.85,D,2026-05-14 07:12:00
21.34402,79.22738,3.72,D,2026-05-14 07:12:00
21.36642,78.66127,6.86,D,2026-05-14 07:12:00
21.37109,78.65691,4.42,D,2026-05-14 07:12:00
21.47291,76.88627,2.31,D,2026-05-14 07:12:00
21.48933,81.81281,3.69,D,2026-05-14 07:12:00
21.60338,83.92298,4.0,D,2026-05-14 07:12:00
21.60447,83.92834,4.0,D,2026-05-14 07:12:00
21.60868,84.04465,19.05,D,2026-05-14 07:12:00
21.61704,77.19101,12.82,D,2026-05-14 07:12:00
21.621,77.18774,3.96,D,2026-05-14 07:12:00
21.6227,77.19435,5.65,D,2026-05-14 07:12:00
21.62722,77.20225,8.13,D,2026-05-14 07:12:00
21.63125,77.19895,5.65,D,2026-05-14 07:12:00
21.67867,83.88055,4.9,D,2026-05-14 07:12:00
21.68052,84.03882,3.75,D,2026-05-14 07:12:00
21.72211,77.41245,2.89,D,2026-05-14 07:12:00
21.72361,77.41431,4.15,D,2026-05-14 07:12:00
21.74427,78.12021,9.49,D,2026-05-14 07:12:00
21.74935,78.12308,4.93,D,2026-05-14 07:12:00
21.74985,83.81911,7.8,D,2026-05-14 07:12:00
21.75004,83.81635,8.19,D,2026-05-14 07:12:00
21.78185,81.68148,5.26,D,2026-05-14 07:12:00
21.78266,81.68517,6.51,D,2026-05-14 07:12:00
21.81183,77.82688,7.21,D,2026-05-14 07:12:00
21.83328,81.68425,2.05,D,2026-05-14 07:12:00
21.83436,81.68347,2.17,D,2026-05-14 07:12:00
21.92114,83.35146,4.15,D,2026-05-14 07:12:00
22.01782,79.18863,9.69,D,2026-05-14 07:12:00
22.01906,79.18578,12.36,D,2026-05-14 07:12:00
22.02091,79.03769,5.03,D,2026-05-14 07:12:00
22.0411,81.29974,1.78,D,2026-05-14 07:12:00
22.09002,83.11705,7.01,D,2026-05-14 07:12:00
22.15201,77.36464,4.81,D,2026-05-14 07:12:00
22.15242,80.36652,4.41,D,2026-05-14 07:12:00
22.16905,77.20242,3.31,D,2026-05-14 07:12:00
22.20741,76.90272,4.78,D,2026-05-14 07:12:00
22.21058,76.90345,4.69,D,2026-05-14 07:12:00
22.21457,84.84174,3.92,D,2026-05-14 07:12:00
22.3788,87.27919,11.77,D,2026-05-14 07:12:00
22.38134,79.66318,5.95,D,2026-05-14 07:12:00
22.42929,79.70611,9.56,D,2026-05-14 07:12:00
22.4506,80.1636,1.93,D,2026-05-14 07:12:00
22.45587,80.16357,3.14,D,2026-05-14 07:12:00
22.55654,80.46473,6.49,D,2026-05-14 07:12:00
22.55752,80.46896,6.49,D,2026-05-14 07:12:00
22.57477,85.89274,2.71,D,2026-05-14 07:12:00
22.64561,79.13403,6.43,D,2026-05-14 07:12:00
22.64605,79.13222,6.43,D,2026-05-14 07:12:00
22.94085,79.80481,7.58,D,2026-05-14 07:12:00
22.94347,79.80322,3.54,D,2026-05-14 07:12:00
22.94452,79.80777,3.54,D,2026-05-14 07:12:00
23.04709,80.07419,3.9,D,2026-05-14 07:12:00
23.05266,80.01936,6.3,D,2026-05-14 07:12:00
23.06362,79.75576,5.81,D,2026-05-14 07:12:00
23.09755,80.00223,4.43,D,2026-05-14 07:12:00
23.1647,82.34034,4.15,D,2026-05-14 07:12:00
23.16632,82.34175,2.85,D,2026-05-14 07:12:00
23.18634,81.23547,3.71,D,2026-05-14 07:12:00
23.244,78.4448,3.63,D,2026-05-14 07:12:00
23.27384,79.67004,3.3,D,2026-05-14 07:12:00
23.32638,81.47401,2.23,D,2026-05-14 07:12:00
23.64838,85.4381,6.78,D,2026-05-14 07:12:00
23.71139,86.45209,7.92,D,2026-05-14 07:12:00
23.7365,86.43556,11.93,D,2026-05-14 07:12:00
23.76257,86.4022,4.32,D,2026-05-14 07:12:00
23.76351,86.40528,4.61,D,2026-05-14 07:12:00
23.76738,86.40441,4.61,D,2026-05-14 07:12:00
23.76743,86.40672,9.12,D,2026-05-14 07:12:00
23.77579,86.36364,5.22,D,2026-05-14 07:12:00
23.7794,86.21107,8.8,D,2026-05-14 07:12:00
23.78087,86.39044,13.11,D,2026-05-14 07:12:00
23.79808,86.35323,2.3,D,2026-05-14 07:12:00
23.82331,84.57278,6.26,D,2026-05-14 07:12:00
23.85951,82.74203,7.45,D,2026-05-14 07:12:00
24.12431,83.50392,3.21,D,2026-05-14 07:12:00
23.24623,78.44666,3.5,D,2026-05-14 07:14:00
23.30146,77.14745,2.44,D,2026-05-14 07:14:00
23.36145,77.89923,6.35,D,2026-05-14 07:14:00
23.36342,77.90163,9.86,D,2026-05-14 07:14:00
23.41572,77.72942,7.48,D,2026-05-14 07:14:00
23.46803,77.44288,8.22,D,2026-05-14 07:14:00
23.46951,77.43648,8.99,D,2026-05-14 07:14:00
23.47107,77.44263,7.96,D,2026-05-14 07:14:00
23.49556,78.35666,3.74,D,2026-05-14 07:14:00
23.521,79.33437,7.93,D,2026-05-14 07:14:00
23.54572,78.38615,7.9,D,2026-05-14 07:14:00
23.54995,78.38829,6.91,D,2026-05-14 07:14:00
23.5638,78.35178,9.33,D,2026-05-14 07:14:00
23.56511,78.35701,9.33,D,2026-05-14 07:14:00
23.56808,78.35332,14.03,D,2026-05-14 07:14:00
23.56903,78.4262,4.26,D,2026-05-14 07:14:00
23.57526,78.42451,4.26,D,2026-05-14 07:14:00
23.60589,79.82189,15.15,D,2026-05-14 07:14:00
23.60695,79.82639,18.05,D,2026-05-14 07:14:00
23.69666,77.93123,8.57,D,2026-05-14 07:14:00
23.69805,77.93459,15.22,D,2026-05-14 07:14:00
23.69808,77.93706,8.57,D,2026-05-14 07:14:00
23.70308,78.91607,9.29,D,2026-05-14 07:14:00
23.77957,78.57125,8.45,D,2026-05-14 07:14:00
23.78344,78.58712,9.11,D,2026-05-14 07:14:00
23.83015,79.09781,6.6,D,2026-05-14 07:14:00
23.83056,79.09628,9.7,D,2026-05-14 07:14:00
23.86926,78.23805,6.37,D,2026-05-14 07:14:00
23.87712,77.66993,9.56,D,2026-05-14 07:14:00
23.89403,79.60251,2.82,D,2026-05-14 07:14:00
23.90213,78.0188,7.24,D,2026-05-14 07:14:00
23.90306,78.01616,6.32,D,2026-05-14 07:14:00
23.91346,78.56372,5.67,D,2026-05-14 07:14:00
23.91373,78.59177,8.98,D,2026-05-14 07:14:00
23.93609,78.06692,2.72,D,2026-05-14 07:14:00
23.93845,80.25626,6.36,D,2026-05-14 07:14:00
23.94228,78.26386,9.04,D,2026-05-14 07:14:00
23.94401,78.21665,7.32,D,2026-05-14 07:14:00
23.94749,78.21889,9.31,D,2026-05-14 07:14:00
23.97791,80.87427,5.56,D,2026-05-14 07:14:00
23.98137,78.68992,16.32,D,2026-05-14 07:14:00
23.98248,78.68805,24.46,D,2026-05-14 07:14:00
23.98374,78.6933,24.52,D,2026-05-14 07:14:00
23.98744,78.68823,20.52,D,2026-05-14 07:14:00
24.07462,78.27572,7.4,D,2026-05-14 07:14:00
24.12403,77.9521,6.84,D,2026-05-14 07:14:00
24.15207,81.35207,1.1,D,2026-05-14 07:14:00
24.15576,81.3496,12.13,D,2026-05-14 07:14:00
24.15724,81.35056,8.51,D,2026-05-14 07:14:00
24.18499,80.32635,4.31,D,2026-05-14 07:14:00
24.20504,80.58801,2.72,D,2026-05-14 07:14:00
24.20593,80.5918,2.72,D,2026-05-14 07:14:00
24.20622,80.59031,3.96,D,2026-05-14 07:14:00
24.26553,82.66944,2.08,D,2026-05-14 07:14:00
24.30868,82.24196,4.29,D,2026-05-14 07:14:00
24.31041,79.77361,3.03,D,2026-05-14 07:14:00
24.35432,81.09016,4.74,D,2026-05-14 07:14:00
24.37586,79.95191,5.21,D,2026-05-14 07:14:00
24.37729,78.36417,6.5,D,2026-05-14 07:14:00
24.37807,79.95203,5.64,D,2026-05-14 07:14:00
24.46488,77.08876,5.05,D,2026-05-14 07:14:00
24.46902,77.08991,5.61,D,2026-05-14 07:14:00
24.49888,80.48934,7.03,D,2026-05-14 07:14:00
24.49901,80.48932,4.52,D,2026-05-14 07:14:00
24.50584,80.31976,7.34,D,2026-05-14 07:14:00
24.52358,79.04063,5.12,D,2026-05-14 07:14:00
24.52413,80.62608,7.81,D,2026-05-14 07:14:00
24.525,80.62992,15.15,D,2026-05-14 07:14:00
24.52533,80.78178,5.26,D,2026-05-14 07:14:00
24.52603,80.62943,16.92,D,2026-05-14 07:14:00
24.52783,79.97317,11.35,D,2026-05-14 07:14:00
24.53854,76.53378,10.12,D,2026-05-14 07:14:00
24.57243,80.6572,6.82,D,2026-05-14 07:14:00
24.57777,81.06259,3.28,D,2026-05-14 07:14:00
24.57858,81.06617,3.28,D,2026-05-14 07:14:00
24.58381,81.06474,4.54,D,2026-05-14 07:14:00
24.58462,81.06834,10.96,D,2026-05-14 07:14:00
24.58543,81.07192,10.96,D,2026-05-14 07:14:00
24.58905,81.06332,4.54,D,2026-05-14 07:14:00
24.58986,81.06693,10.96,D,2026-05-14 07:14:00
24.59068,81.07055,10.96,D,2026-05-14 07:14:00
24.59871,80.722,9.34,D,2026-05-14 07:14:00
24.59957,80.72575,9.34,D,2026-05-14 07:14:00
24.60623,81.16429,5.68,D,2026-05-14 07:14:00
24.60703,81.16784,5.66,D,2026-05-14 07:14:00
24.60826,79.51878,2.33,D,2026-05-14 07:14:00
24.60896,79.51789,2.42,D,2026-05-14 07:14:00
24.6339,79.54939,6.0,D,2026-05-14 07:14:00
24.63668,81.1524,2.29,D,2026-05-14 07:14:00
24.65254,78.59483,3.95,D,2026-05-14 07:14:00
24.66018,81.45375,1.5,D,2026-05-14 07:14:00
24.67011,83.29671,5.48,D,2026-05-14 07:14:00
24.68793,80.06178,5.04,D,2026-05-14 07:14:00
24.68888,80.06586,5.29,D,2026-05-14 07:14:00
24.69194,81.00858,8.17,D,2026-05-14 07:14:00
24.69275,81.01218,8.17,D,2026-05-14 07:14:00
24.69688,80.60052,4.08,D,2026-05-14 07:14:00
24.72406,83.02897,15.55,D,2026-05-14 07:14:00
24.72504,83.02728,17.46,D,2026-05-14 07:14:00
24.74702,81.04022,2.93,D,2026-05-14 07:14:00
24.74871,81.03905,2.75,D,2026-05-14 07:14:00
24.75494,80.30061,7.45,D,2026-05-14 07:14:00
24.75988,77.16918,11.36,D,2026-05-14 07:14:00
24.7961,80.47985,3.7,D,2026-05-14 07:14:00
24.81015,78.14363,4.47,D,2026-05-14 07:14:00
24.84429,79.11111,2.13,D,2026-05-14 07:14:00
24.87795,81.03564,5.14,D,2026-05-14 07:14:00
24.89806,76.54327,8.28,D,2026-05-14 07:14:00
24.90496,79.86823,3.27,D,2026-05-14 07:14:00
24.91407,76.10756,12.62,D,2026-05-14 07:14:00
24.93357,82.35992,1.22,D,2026-05-14 07:14:00
24.93603,82.36113,7.46,D,2026-05-14 07:14:00
24.9964,78.21658,6.18,D,2026-05-14 07:14:00
25.0354,84.1095,4.63,D,2026-05-14 07:14:00
25.10153,78.72041,2.38,D,2026-05-14 07:14:00
25.12353,85.30156,1.82,D,2026-05-14 07:14:00
25.14842,82.52287,4.4,D,2026-05-14 07:14:00
25.15193,77.15594,6.61,D,2026-05-14 07:14:00
25.20135,79.68293,6.44,D,2026-05-14 07:14:00
25.20476,79.68175,5.84,D,2026-05-14 07:14:00
25.21366,84.47559,4.1,D,2026-05-14 07:14:00
25.22676,80.50045,4.1,D,2026-05-14 07:14:00
25.23042,76.95351,5.67,D,2026-05-14 07:14:00
25.23686,76.86996,6.94,D,2026-05-14 07:14:00
25.24134,76.87246,9.62,D,2026-05-14 07:14:00
25.2884,84.17011,5.13,D,2026-05-14 07:14:00
25.29644,84.43354,6.35,D,2026-05-14 07:14:00
25.29731,84.4379,6.35,D,2026-05-14 07:14:00
25.30066,84.43253,3.88,D,2026-05-14 07:14:00
25.30277,76.19891,8.82,D,2026-05-14 07:14:00
25.30346,76.20137,14.58,D,2026-05-14 07:14:00
25.33374,84.46555,5.23,D,2026-05-14 07:14:00
25.36425,84.4457,5.53,D,2026-05-14 07:14:00
25.37153,80.49901,5.87,D,2026-05-14 07:14:00
25.37497,80.49886,5.8,D,2026-05-14 07:14:00
25.38668,84.29314,3.17,D,2026-05-14 07:14:00
25.38669,80.46688,5.68,D,2026-05-14 07:14:00
25.39713,85.00616,1.55,D,2026-05-14 07:14:00
25.47113,76.69949,7.87,D,2026-05-14 07:14:00
25.48399,83.71844,3.41,D,2026-05-14 07:14:00
25.50799,80.55237,2.21,D,2026-05-14 07:14:00
25.50987,80.55136,2.3,D,2026-05-14 07:14:00
25.54457,78.76746,6.93,D,2026-05-14 07:14:00
25.59812,76.57586,8.79,D,2026-05-14 07:14:00
25.59871,79.92421,10.8,D,2026-05-14 07:14:00
25.59978,76.58226,8.79,D,2026-05-14 07:14:00
25.60082,76.57545,15.66,D,2026-05-14 07:14:00
25.60252,76.58182,15.43,D,2026-05-14 07:14:00
25.64576,79.85081,6.08,D,2026-05-14 07:14:00
25.6467,79.85487,6.08,D,2026-05-14 07:14:00
25.65051,78.51993,6.03,D,2026-05-14 07:14:00
25.66377,83.93163,4.48,D,2026-05-14 07:14:00
25.68338,77.97691,5.04,D,2026-05-14 07:14:00
25.68492,79.94699,8.95,D,2026-05-14 07:14:00
25.68556,79.94678,6.57,D,2026-05-14 07:14:00
25.68946,77.97511,5.04,D,2026-05-14 07:14:00
25.70398,79.09478,5.37,D,2026-05-14 07:14:00
25.70447,79.09589,6.66,D,2026-05-14 07:14:00
25.71459,78.1011,4.72,D,2026-05-14 07:14:00
25.71587,78.10621,4.72,D,2026-05-14 07:14:00
25.71849,78.03891,7.6,D,2026-05-14 07:14:00
25.71979,78.0441,6.86,D,2026-05-14 07:14:00
25.73376,80.03051,5.13,D,2026-05-14 07:14:00
25.75176,78.1722,9.7,D,2026-05-14 07:14:00
25.75303,78.1773,10.24,D,2026-05-14 07:14:00
25.75777,78.17043,8.63,D,2026-05-14 07:14:00
25.75904,78.17553,7.0,D,2026-05-14 07:14:00
25.7655,79.0962,4.85,D,2026-05-14 07:14:00
25.78285,78.97104,4.31,D,2026-05-14 07:14:00
25.78302,77.96532,2.73,D,2026-05-14 07:14:00
25.78422,78.96991,6.79,D,2026-05-14 07:14:00
25.80649,78.23731,1.36,D,2026-05-14 07:14:00
25.82037,80.63329,3.12,D,2026-05-14 07:14:00
25.84176,80.27213,3.43,D,2026-05-14 07:14:00
25.84447,80.25924,3.18,D,2026-05-14 07:14:00
25.84711,80.27065,19.62,D,2026-05-14 07:14:00
25.85262,80.07173,4.37,D,2026-05-14 07:14:00
25.87476,82.81075,6.59,D,2026-05-14 07:14:00
25.90696,83.0562,6.46,D,2026-05-14 07:14:00
25.90952,78.03082,13.59,D,2026-05-14 07:14:00
25.91426,78.0239,12.34,D,2026-05-14 07:14:00
25.91434,78.38775,5.75,D,2026-05-14 07:14:00
25.95968,78.57156,2.82,D,2026-05-14 07:14:00
25.96947,83.31136,3.79,D,2026-05-14 07:14:00
25.98277,78.19473,7.33,D,2026-05-14 07:14:00
25.99411,79.7192,3.0,D,2026-05-14 07:14:00
25.99564,78.69268,4.25,D,2026-05-14 07:14:00
26.00031,78.68629,2.54,D,2026-05-14 07:14:00
26.00772,78.03892,10.55,D,2026-05-14 07:14:00
26.00798,79.72826,5.43,D,2026-05-14 07:14:00
26.0088,78.03967,8.37,D,2026-05-14 07:14:00
26.00901,78.04402,11.85,D,2026-05-14 07:14:00
26.01006,78.04478,8.37,D,2026-05-14 07:14:00
26.02631,77.98415,6.38,D,2026-05-14 07:14:00
26.03376,79.83704,6.22,D,2026-05-14 07:14:00
26.04808,84.3008,3.31,D,2026-05-14 07:14:00
26.05472,78.22704,2.18,D,2026-05-14 07:14:00
26.05481,78.22584,5.75,D,2026-05-14 07:14:00
26.06718,78.40153,5.89,D,2026-05-14 07:14:00
26.13795,78.85067,2.17,D,2026-05-14 07:14:00
26.14186,80.20031,4.65,D,2026-05-14 07:14:00
26.14258,78.84443,5.26,D,2026-05-14 07:14:00
26.14369,78.84899,5.73,D,2026-05-14 07:14:00
26.17103,81.4781,1.14,D,2026-05-14 07:14:00
26.19561,77.27579,9.69,D,2026-05-14 07:14:00
26.26838,79.82905,2.46,D,2026-05-14 07:14:00
26.28703,77.49236,2.92,D,2026-05-14 07:14:00
26.29044,77.49166,3.48,D,2026-05-14 07:14:00
26.29848,79.68857,3.76,D,2026-05-14 07:14:00
26.29925,79.68781,2.89,D,2026-05-14 07:14:00
26.31286,78.32999,4.88,D,2026-05-14 07:14:00
26.31838,79.19456,3.33,D,2026-05-14 07:14:00
26.32694,77.54441,5.43,D,2026-05-14 07:14:00
26.32995,77.54377,12.57,D,2026-05-14 07:14:00
26.33307,77.54253,5.43,D,2026-05-14 07:14:00
26.33817,77.69072,4.44,D,2026-05-14 07:14:00
26.33867,79.05335,3.12,D,2026-05-14 07:14:00
26.33973,79.0536,3.26,D,2026-05-14 07:14:00
26.34034,77.69061,5.9,D,2026-05-14 07:14:00
26.34456,77.50986,5.75,D,2026-05-14 07:14:00
26.34853,77.67094,6.24,D,2026-05-14 07:14:00
26.35236,77.6693,9.14,D,2026-05-14 07:14:00
26.36647,77.71675,3.73,D,2026-05-14 07:14:00
26.3702,78.70233,2.72,D,2026-05-14 07:14:00
26.37423,79.68835,1.86,D,2026-05-14 07:14:00
26.37869,77.79215,2.46,D,2026-05-14 07:14:00
26.38321,77.7901,7.35,D,2026-05-14 07:14:00
26.38473,77.79028,3.66,D,2026-05-14 07:14:00
26.38666,80.21406,1.73,D,2026-05-14 07:14:00
26.39351,77.70227,3.72,D,2026-05-14 07:14:00
26.39485,77.70754,3.72,D,2026-05-14 07:14:00
26.4018,77.57937,9.21,D,2026-05-14 07:14:00
26.40315,77.58473,11.28,D,2026-05-14 07:14:00
26.40688,77.58044,9.01,D,2026-05-14 07:14:00
26.40871,83.04357,3.19,D,2026-05-14 07:14:00
26.4185,77.59991,8.54,D,2026-05-14 07:14:00
26.47393,77.76467,5.91,D,2026-05-14 07:14:00
26.47512,77.76754,5.67,D,2026-05-14 07:14:00
26.49745,77.67776,1.16,D,2026-05-14 07:14:00
26.50559,79.75886,2.69,D,2026-05-14 07:14:00
26.53391,78.55121,4.11,D,2026-05-14 07:14:00
26.53505,78.55588,4.11,D,2026-05-14 07:14:00
26.64112,79.47852,9.98,D,2026-05-14 07:14:00
26.64162,80.04182,3.26,D,2026-05-14 07:14:00
26.64186,79.21992,1.88,D,2026-05-14 07:14:00
26.6421,79.48263,10.72,D,2026-05-14 07:14:00
26.6866,79.47826,4.14,D,2026-05-14 07:14:00
26.68788,79.47797,4.74,D,2026-05-14 07:14:00
26.69789,80.05739,0.97,D,2026-05-14 07:14:00
26.70173,80.05685,3.3,D,2026-05-14 07:14:00
26.70319,80.05588,1.36,D,2026-05-14 07:14:00
26.70934,79.79207,1.46,D,2026-05-14 07:14:00
26.72244,79.94508,2.01,D,2026-05-14 07:14:00
26.72507,82.3166,5.31,D,2026-05-14 07:14:00
26.75938,79.42414,6.82,D,2026-05-14 07:14:00
26.76105,79.42151,3.99,D,2026-05-14 07:14:00
26.81391,79.59678,1.44,D,2026-05-14 07:14:00
26.83067,79.27944,6.55,D,2026-05-14 07:14:00
26.83418,79.2787,3.12,D,2026-05-14 07:14:00
26.8352,79.28286,3.12,D,2026-05-14 07:14:00
26.92506,79.41091,4.81,D,2026-05-14 07:14:00
27.0407,83.31607,2.57,D,2026-05-14 07:14:00
27.11513,78.99204,2.29,D,2026-05-14 07:14:00
27.2052,80.10893,2.4,D,2026-05-14 07:14:00
27.26241,83.11382,1.69,D,2026-05-14 07:14:00
27.42961,80.24867,1.55,D,2026-05-14 07:14:00
27.52718,79.90914,2.45,D,2026-05-14 07:14:00
27.70957,78.47809,5.46,D,2026-05-14 07:14:00
27.79139,79.12715,1.63,D,2026-05-14 07:14:00
27.88825,82.98261,6.44,D,2026-05-14 07:14:00
27.92177,79.35438,1.76,D,2026-05-14 07:14:00
28.00288,79.86246,2.87,D,2026-05-14 07:14:00
28.00918,77.55327,2.95,D,2026-05-14 07:14:00
28.01045,77.55827,3.13,D,2026-05-14 07:14:00
28.18543,80.19281,1.1,D,2026-05-14 07:14:00
28.25847,80.22691,1.7,D,2026-05-14 07:14:00
28.27961,80.19718,1.64,D,2026-05-14 07:14:00
28.32494,80.34456,3.31,D,2026-05-14 07:14:00
28.48086,79.93201,3.04,D,2026-05-14 07:14:00
28.69473,81.71201,23.44,D,2026-05-14 07:14:00
28.78233,79.71684,2.49,D,2026-05-14 07:14:00
28.79047,79.82183,2.01,D,2026-05-14 07:14:00
28.80311,77.06795,2.66,D,2026-05-14 07:14:00
28.80394,77.07143,4.21,D,2026-05-14 07:14:00
28.84447,79.88904,1.93,D,2026-05-14 07:14:00
28.95201,80.2282,1.46,D,2026-05-14 07:14:00
28.9751,79.23636,3.26,D,2026-05-14 07:14:00
28.99132,79.50593,2.75,D,2026-05-14 07:14:00
28.9917,79.32909,1.43,D,2026-05-14 07:14:00
29.0235,79.22569,3.12,D,2026-05-14 07:14:00
29.04278,75.80658,4.68,D,2026-05-14 07:14:00
29.04451,75.81027,8.29,D,2026-05-14 07:14:00
29.04597,75.81857,9.38,D,2026-05-14 07:14:00
29.04614,75.81625,7.47,D,2026-05-14 07:14:00
29.04934,79.28723,1.83,D,2026-05-14 07:14:00
29.05217,79.28562,1.63,D,2026-05-14 07:14:00
29.17318,79.16891,4.14,D,2026-05-14 07:14:00
29.21282,78.99438,2.69,D,2026-05-14 07:14:00
29.21733,79.9291,1.57,D,2026-05-14 07:14:00
29.21995,79.17524,1.37,D,2026-05-14 07:14:00
29.33548,78.97721,2.81,D,2026-05-14 07:14:00
29.36354,73.78487,5.21,D,2026-05-14 07:14:00
29.36646,73.78462,3.16,D,2026-05-14 07:14:00
29.4481,74.04613,4.29,D,2026-05-14 07:14:00
29.50748,79.4156,3.22,D,2026-05-14 07:14:00
29.50784,79.41582,3.48,D,2026-05-14 07:14:00
29.508,79.41776,3.22,D,2026-05-14 07:14:00
29.50836,79.41799,3.48,D,2026-05-14 07:14:00
29.56529,75.27123,6.64,D,2026-05-14 07:14:00
29.56604,75.26974,7.48,D,2026-05-14 07:14:00
29.74899,82.02198,5.39,D,2026-05-14 07:14:00
29.76057,79.94597,2.78,D,2026-05-14 07:14:00
29.80441,75.71518,4.24,D,2026-05-14 07:14:00
29.80727,79.01311,8.46,D,2026-05-14 07:14:00
29.81678,79.00581,7.06,D,2026-05-14 07:14:00
29.81769,79.00958,11.97,D,2026-05-14 07:14:00
29.81932,79.01637,5.04,D,2026-05-14 07:14:00
29.82006,79.0194,5.04,D,2026-05-14 07:14:00
29.87562,76.01305,2.86,D,2026-05-14 07:14:00
29.88282,76.85621,3.44,D,2026-05-14 07:14:00
29.8881,76.85787,5.91,D,2026-05-14 07:14:00
29.88851,76.11215,3.91,D,2026-05-14 07:14:00
29.89105,76.10806,2.77,D,2026-05-14 07:14:00
29.90065,79.21654,3.31,D,2026-05-14 07:14:00
29.90945,75.02087,3.53,D,2026-05-14 07:14:00
29.91004,75.75468,5.89,D,2026-05-14 07:14:00
29.91124,75.02721,3.53,D,2026-05-14 07:14:00
29.91167,75.02291,5.95,D,2026-05-14 07:14:00
29.91172,75.75156,5.63,D,2026-05-14 07:14:00
29.92172,79.16814,5.21,D,2026-05-14 07:14:00
29.94701,74.17075,8.97,D,2026-05-14 07:14:00
29.94904,74.17784,7.62,D,2026-05-14 07:14:00
29.97957,81.19915,8.08,D,2026-05-14 07:14:00
29.99369,79.61256,4.73,D,2026-05-14 07:14:00
30.0141,75.64896,2.6,D,2026-05-14 07:14:00
30.01446,75.50021,3.47,D,2026-05-14 07:14:00
30.04012,76.10193,3.38,D,2026-05-14 07:14:00
30.05934,75.92479,4.34,D,2026-05-14 07:14:00
30.06576,78.80862,6.16,D,2026-05-14 07:14:00
30.07095,78.80663,6.16,D,2026-05-14 07:14:00
30.09136,74.60326,2.7,D,2026-05-14 07:14:00
30.1731,78.84484,8.74,D,2026-05-14 07:14:00
30.18725,74.87055,3.46,D,2026-05-14 07:14:00
30.19888,76.06158,3.61,D,2026-05-14 07:14:00
30.23393,79.20846,5.75,D,2026-05-14 07:14:00
30.23464,79.20895,9.34,D,2026-05-14 07:14:00
30.23469,79.21154,8.65,D,2026-05-14 07:14:00
30.23538,79.21208,9.59,D,2026-05-14 07:14:00
30.23958,79.20898,2.77,D,2026-05-14 07:14:00
30.25613,79.18615,5.78,D,2026-05-14 07:14:00
30.25697,79.18961,5.78,D,2026-05-14 07:14:00
30.29461,78.82014,2.48,D,2026-05-14 07:14:00
30.31081,79.02439,2.37,D,2026-05-14 07:14:00
30.31177,79.0249,3.45,D,2026-05-14 07:14:00
30.3151,79.11019,9.5,D,2026-05-14 07:14:00
30.31555,79.11104,8.95,D,2026-05-14 07:14:00
30.31613,79.1144,9.5,D,2026-05-14 07:14:00
30.31657,79.11537,8.95,D,2026-05-14 07:14:00
30.31725,79.11898,5.99,D,2026-05-14 07:14:00
30.32364,79.09971,3.18,D,2026-05-14 07:14:00
30.32419,79.10091,1.44,D,2026-05-14 07:14:00
30.38828,78.99934,3.73,D,2026-05-14 07:14:00
30.40911,78.38859,3.73,D,2026-05-14 07:14:00
30.40977,78.39127,3.73,D,2026-05-14 07:14:00
30.42481,79.01825,2.85,D,2026-05-14 07:14:00
30.5064,75.97111,6.58,D,2026-05-14 07:14:00
30.50786,75.97658,6.58,D,2026-05-14 07:14:00
30.552,76.43652,4.89,D,2026-05-14 07:14:00
30.18501,74.7979,4.25,D,2026-05-14 07:16:00
30.19036,74.86674,5.11,D,2026-05-14 07:16:00
30.24606,74.05882,5.76,D,2026-05-14 07:16:00
30.27004,73.96132,5.67,D,2026-05-14 07:16:00
30.27016,73.9629,7.49,D,2026-05-14 07:16:00
30.30471,75.14561,4.01,D,2026-05-14 07:16:00
30.30486,75.1497,5.92,D,2026-05-14 07:16:00
30.32105,74.27014,4.57,D,2026-05-14 07:16:00
30.35277,74.35643,3.8,D,2026-05-14 07:16:00
30.36128,74.27602,3.12,D,2026-05-14 07:16:00
30.39432,75.19809,2.8,D,2026-05-14 07:16:00
30.39594,75.20191,4.28,D,2026-05-14 07:16:00
30.41579,74.11047,2.37,D,2026-05-14 07:16:00
30.41909,74.14776,7.19,D,2026-05-14 07:16:00
30.4681,74.66525,5.09,D,2026-05-14 07:16:00
30.47663,73.93768,5.28,D,2026-05-14 07:16:00
30.47701,73.93661,6.89,D,2026-05-14 07:16:00
30.505,75.97431,2.98,D,2026-05-14 07:16:00
30.51103,75.9722,10.25,D,2026-05-14 07:16:00
30.52765,75.9604,4.22,D,2026-05-14 07:16:00
30.53051,74.66875,3.18,D,2026-05-14 07:16:00
30.53548,75.15859,4.13,D,2026-05-14 07:16:00
30.53564,75.15815,3.64,D,2026-05-14 07:16:00
30.56752,74.90051,4.37,D,2026-05-14 07:16:00
30.56879,74.90234,4.25,D,2026-05-14 07:16:00
30.58066,75.47513,5.25,D,2026-05-14 07:16:00
30.58219,75.47445,4.52,D,2026-05-14 07:16:00
30.64086,75.13804,2.81,D,2026-05-14 07:16:00
30.68774,74.5424,4.67,D,2026-05-14 07:16:00
30.68826,74.88816,6.13,D,2026-05-14 07:16:00
30.69017,74.88994,5.24,D,2026-05-14 07:16:00
30.69041,74.54279,4.03,D,2026-05-14 07:16:00
30.6933,74.66158,4.73,D,2026-05-14 07:16:00
30.69357,74.65595,3.9,D,2026-05-14 07:16:00
30.6947,76.07071,6.51,D,2026-05-14 07:16:00
30.70378,74.86884,6.66,D,2026-05-14 07:16:00
30.70599,75.92398,3.65,D,2026-05-14 07:16:00
30.73211,75.67804,3.57,D,2026-05-14 07:16:00
30.74563,75.77745,3.63,D,2026-05-14 07:16:00
30.77026,74.75955,4.84,D,2026-05-14 07:16:00
30.79793,75.42937,4.77,D,2026-05-14 07:16:00
30.80816,74.86989,6.92,D,2026-05-14 07:16:00
30.80989,74.87609,6.77,D,2026-05-14 07:16:00
30.82592,75.39036,6.84,D,2026-05-14 07:16:00
30.82687,75.38717,7.98,D,2026-05-14 07:16:00
30.83859,76.0015,3.63,D,2026-05-14 07:16:00
30.83941,75.40813,9.54,D,2026-05-14 07:16:00
30.85621,74.64798,3.12,D,2026-05-14 07:16:00
30.8631,74.44576,2.36,D,2026-05-14 07:16:00
30.87704,74.47844,3.34,D,2026-05-14 07:16:00
30.87865,74.47602,3.6,D,2026-05-14 07:16:00
30.89522,75.03393,5.5,D,2026-05-14 07:16:00
30.97005,75.12911,5.1,D,2026-05-14 07:16:00
30.98421,75.84237,6.94,D,2026-05-14 07:16:00
30.98456,75.05788,5.16,D,2026-05-14 07:16:00
31.04233,75.13628,3.94,D,2026-05-14 07:16:00
31.04598,75.07598,5.3,D,2026-05-14 07:16:00
31.05048,75.07325,13.06,D,2026-05-14 07:16:00
31.0522,75.07371,8.06,D,2026-05-14 07:16:00
31.08191,75.79314,18.89,D,2026-05-14 07:16:00
31.10462,75.75507,4.69,D,2026-05-14 07:16:00
31.11532,75.91734,5.91,D,2026-05-14 07:16:00
31.12172,75.86797,7.14,D,2026-05-14 07:16:00
31.1223,73.36533,4.24,D,2026-05-14 07:16:00
31.12915,75.56036,5.9,D,2026-05-14 07:16:00
31.1438,76.02364,3.41,D,2026-05-14 07:16:00
31.15029,75.97492,8.02,D,2026-05-14 07:16:00
31.161,75.53033,4.76,D,2026-05-14 07:16:00
31.1652,75.52932,5.2,D,2026-05-14 07:16:00
31.17265,75.72092,9.81,D,2026-05-14 07:16:00
31.17664,76.02532,8.86,D,2026-05-14 07:16:00
31.17708,73.62679,3.69,D,2026-05-14 07:16:00
31.17762,76.02882,3.52,D,2026-05-14 07:16:00
31.1875,75.75149,5.66,D,2026-05-14 07:16:00
31.19363,75.72533,3.41,D,2026-05-14 07:16:00
31.19734,75.67011,3.7,D,2026-05-14 07:16:00
31.19839,75.66938,2.85,D,2026-05-14 07:16:00
31.20884,76.04837,2.37,D,2026-05-14 07:16:00
31.23049,75.62183,4.77,D,2026-05-14 07:16:00
31.29701,75.84267,3.33,D,2026-05-14 07:16:00
31.31236,75.77815,2.54,D,2026-05-14 07:16:00
31.31343,75.71467,8.23,D,2026-05-14 07:16:00
31.31426,75.98215,2.92,D,2026-05-14 07:16:00
31.31427,75.71191,12.46,D,2026-05-14 07:16:00
31.31492,75.72012,8.23,D,2026-05-14 07:16:00
31.31573,75.71737,12.46,D,2026-05-14 07:16:00
31.31922,75.85235,3.0,D,2026-05-14 07:16:00
31.31942,75.71253,8.23,D,2026-05-14 07:16:00
31.32092,75.71796,8.23,D,2026-05-14 07:16:00
31.33132,75.82442,6.48,D,2026-05-14 07:16:00
31.33872,75.82764,3.91,D,2026-05-14 07:16:00
31.34172,75.76991,2.66,D,2026-05-14 07:16:00
31.37628,75.91962,2.94,D,2026-05-14 07:16:00
31.37663,75.92163,4.31,D,2026-05-14 07:16:00
31.38674,75.7182,5.81,D,2026-05-14 07:16:00
31.40437,75.15298,5.81,D,2026-05-14 07:16:00
31.43785,75.02171,3.62,D,2026-05-14 07:16:00
31.44816,75.72847,6.58,D,2026-05-14 07:16:00
31.47916,74.97372,2.87,D,2026-05-14 07:16:00
31.48037,75.27433,3.45,D,2026-05-14 07:16:00
31.4885,73.91488,2.78,D,2026-05-14 07:16:00
31.492,73.91875,6.34,D,2026-05-14 07:16:00
31.51297,75.3931,7.22,D,2026-05-14 07:16:00
31.52511,73.88356,6.14,D,2026-05-14 07:16:00
31.56084,73.832,3.94,D,2026-05-14 07:16:00
31.64493,74.0014,4.7,D,2026-05-14 07:16:00
31.75178,73.67444,6.75,D,2026-05-14 07:16:00
31.75362,73.67191,8.56,D,2026-05-14 07:16:00
31.78169,74.391,7.32,D,2026-05-14 07:16:00
31.79429,73.58688,5.2,D,2026-05-14 07:16:00
31.80303,74.58881,10.95,D,2026-05-14 07:16:00
31.80309,74.59156,6.84,D,2026-05-14 07:16:00
31.80934,74.58918,6.84,D,2026-05-14 07:16:00
31.81378,74.65499,1.98,D,2026-05-14 07:16:00
31.81658,75.12889,3.05,D,2026-05-14 07:16:00
31.83725,73.68521,2.63,D,2026-05-14 07:16:00
31.83816,74.54164,2.17,D,2026-05-14 07:16:00
31.85539,73.64756,3.07,D,2026-05-14 07:16:00
31.85825,73.65156,5.38,D,2026-05-14 07:16:00
31.8833,73.23247,6.05,D,2026-05-14 07:16:00
31.9607,73.83018,9.09,D,2026-05-14 07:16:00
31.96521,73.82099,15.44,D,2026-05-14 07:16:00
31.96714,73.82769,9.09,D,2026-05-14 07:16:00
14.71469,77.83862,1.51,D,2026-05-14 08:50:00
15.02604,78.24358,3.04,D,2026-05-14 08:50:00
15.07054,78.50506,2.34,D,2026-05-14 08:50:00
15.17422,77.03082,3.73,D,2026-05-14 08:52:00
15.23951,78.3323,1.64,D,2026-05-14 08:52:00
15.34175,78.15109,7.64,D,2026-05-14 08:52:00
15.34491,78.14995,7.02,D,2026-05-14 08:52:00
15.37399,78.36884,1.7,D,2026-05-14 08:52:00
15.46574,78.57029,3.1,D,2026-05-14 08:52:00
15.47452,78.4332,2.22,D,2026-05-14 08:52:00
15.57747,78.96182,4.94,D,2026-05-14 08:52:00
15.66386,73.86859,3.43,D,2026-05-14 08:52:00
15.67545,73.99226,3.95,D,2026-05-14 08:52:00
15.69781,78.55014,2.6,D,2026-05-14 08:52:00
15.74212,73.9799,4.85,D,2026-05-14 08:52:00
15.95307,78.04234,6.3,D,2026-05-14 08:52:00
16.04504,80.53091,5.79,D,2026-05-14 08:52:00
16.2494,80.61948,6.35,D,2026-05-14 08:52:00
16.31268,80.64928,15.72,D,2026-05-14 08:52:00
16.31321,73.6486,3.12,D,2026-05-14 08:52:00
16.31537,80.6394,6.7,D,2026-05-14 08:52:00
16.31592,80.64536,6.7,D,2026-05-14 08:52:00
16.3162,78.17931,3.06,D,2026-05-14 08:52:00
16.45111,73.79575,6.82,D,2026-05-14 08:52:00
16.74219,81.96928,11.99,D,2026-05-14 08:52:00
17.32417,73.54347,2.08,D,2026-05-14 08:52:00
17.61377,73.63721,2.3,D,2026-05-14 08:52:00
17.68641,73.53401,7.76,D,2026-05-14 08:52:00
17.68799,73.53385,8.51,D,2026-05-14 08:52:00
17.69469,73.35362,14.68,D,2026-05-14 08:52:00
17.69891,73.35303,10.88,D,2026-05-14 08:52:00
17.70199,73.51933,4.4,D,2026-05-14 08:52:00
17.70684,73.34773,2.6,D,2026-05-14 08:52:00
17.85582,78.03864,4.38,D,2026-05-14 08:52:00
17.85626,78.04282,7.96,D,2026-05-14 08:52:00
17.85932,78.07224,5.36,D,2026-05-14 08:52:00
18.03301,78.16562,8.63,D,2026-05-14 08:52:00
18.05248,78.24222,2.99,D,2026-05-14 08:52:00
18.07356,78.10152,3.59,D,2026-05-14 08:52:00
18.07369,78.1022,4.1,D,2026-05-14 08:52:00
18.09237,78.05681,3.23,D,2026-05-14 08:52:00
18.09279,78.05734,2.73,D,2026-05-14 08:52:00
18.12649,78.16112,5.39,D,2026-05-14 08:52:00
18.12692,78.16547,5.39,D,2026-05-14 08:52:00
18.15505,73.26509,2.97,D,2026-05-14 08:52:00
18.17945,78.15993,6.19,D,2026-05-14 08:52:00
18.18023,77.75842,4.69,D,2026-05-14 08:52:00
18.22069,73.38223,2.77,D,2026-05-14 08:52:00
18.22491,73.38125,2.77,D,2026-05-14 08:52:00
18.28041,78.00267,7.05,D,2026-05-14 08:52:00
18.31716,73.26172,7.67,D,2026-05-14 08:52:00
18.38734,77.83442,1.5,D,2026-05-14 08:52:00
18.39024,73.83506,5.68,D,2026-05-14 08:52:00
18.39219,77.83468,3.81,D,2026-05-14 08:52:00
18.39307,77.83381,1.5,D,2026-05-14 08:52:00
18.43036,77.85896,4.41,D,2026-05-14 08:52:00
18.49508,73.41548,5.3,D,2026-05-14 08:52:00
18.54418,76.80167,4.94,D,2026-05-14 08:52:00
18.54456,76.80521,5.96,D,2026-05-14 08:52:00
18.5708,78.39621,4.43,D,2026-05-14 08:52:00
18.59079,75.24193,6.82,D,2026-05-14 08:52:00
18.59254,76.02216,3.35,D,2026-05-14 08:52:00
18.59509,77.98175,1.68,D,2026-05-14 08:52:00
18.59764,76.02152,3.35,D,2026-05-14 08:52:00
18.64339,78.43535,3.33,D,2026-05-14 08:52:00
18.64382,78.43993,3.33,D,2026-05-14 08:52:00
18.65685,78.19802,8.13,D,2026-05-14 08:52:00
18.65994,77.98786,3.24,D,2026-05-14 08:52:00
18.66231,78.19305,6.87,D,2026-05-14 08:52:00
18.68007,73.04224,6.84,D,2026-05-14 08:52:00
18.68426,73.04168,4.57,D,2026-05-14 08:52:00
18.68744,73.0331,5.7,D,2026-05-14 08:52:00
18.6878,73.03307,2.48,D,2026-05-14 08:52:00
18.7014,75.63796,18.55,D,2026-05-14 08:52:00
18.77987,78.19335,3.51,D,2026-05-14 08:52:00
18.7971,78.6934,4.18,D,2026-05-14 08:52:00
18.80096,77.93356,4.15,D,2026-05-14 08:52:00
18.80133,77.93384,3.54,D,2026-05-14 08:52:00
18.85651,78.02293,3.12,D,2026-05-14 08:52:00
18.89186,73.51859,5.12,D,2026-05-14 08:52:00
18.89237,73.52292,5.12,D,2026-05-14 08:52:00
18.8962,73.51808,3.56,D,2026-05-14 08:52:00
18.91175,73.76253,2.28,D,2026-05-14 08:52:00
18.96241,78.87977,4.37,D,2026-05-14 08:52:00
19.00474,77.97754,5.62,D,2026-05-14 08:52:00
19.00587,79.09737,5.23,D,2026-05-14 08:52:00
19.00631,79.10241,16.29,D,2026-05-14 08:52:00
19.00814,79.10008,8.26,D,2026-05-14 08:52:00
19.00862,79.10513,8.26,D,2026-05-14 08:52:00
19.01841,78.00626,4.43,D,2026-05-14 08:52:00
19.01943,78.00659,3.91,D,2026-05-14 08:52:00
19.02604,73.67576,3.54,D,2026-05-14 08:52:00
19.03435,73.52267,4.85,D,2026-05-14 08:52:00
19.06395,73.13291,5.31,D,2026-05-14 08:52:00
19.12262,78.05547,2.71,D,2026-05-14 08:52:00
19.12269,78.10612,2.85,D,2026-05-14 08:52:00
19.17792,70.94778,2.78,D,2026-05-14 08:52:00
19.18626,78.03969,3.78,D,2026-05-14 08:52:00
19.18669,78.04414,3.57,D,2026-05-14 08:52:00
19.19044,78.0217,2.64,D,2026-05-14 08:52:00
19.19468,78.06551,2.8,D,2026-05-14 08:52:00
19.1957,73.45191,8.57,D,2026-05-14 08:52:00
19.32511,73.56571,8.21,D,2026-05-14 08:52:00
19.32563,73.57014,8.91,D,2026-05-14 08:52:00
19.32988,73.27418,5.69,D,2026-05-14 08:52:00
19.33,73.56958,6.86,D,2026-05-14 08:52:00
19.33067,78.0779,4.37,D,2026-05-14 08:52:00
19.33111,78.08242,8.05,D,2026-05-14 08:52:00
19.33835,74.9656,2.93,D,2026-05-14 08:52:00
19.33945,74.96725,3.08,D,2026-05-14 08:52:00
19.36994,71.35351,7.87,D,2026-05-14 08:52:00
19.50871,73.05527,3.07,D,2026-05-14 08:52:00
19.54045,73.39104,16.28,D,2026-05-14 08:52:00
19.5638,73.51265,12.65,D,2026-05-14 08:52:00
19.56433,73.5171,12.65,D,2026-05-14 08:52:00
19.58681,78.42305,4.98,D,2026-05-14 08:52:00
19.60766,73.24383,2.73,D,2026-05-14 08:52:00
19.63456,73.39711,5.57,D,2026-05-14 08:52:00
19.63892,73.39661,3.47,D,2026-05-14 08:52:00
19.64097,73.33972,1.66,D,2026-05-14 08:52:00
19.64479,73.33491,1.66,D,2026-05-14 08:52:00
19.64497,73.59984,3.22,D,2026-05-14 08:52:00
19.64543,73.60376,3.22,D,2026-05-14 08:52:00
19.68271,79.52526,6.23,D,2026-05-14 08:52:00
19.68339,79.5228,5.09,D,2026-05-14 08:52:00
19.8193,75.49063,3.96,D,2026-05-14 08:52:00
19.87944,75.93391,1.2,D,2026-05-14 08:52:00
19.88518,75.88782,3.45,D,2026-05-14 08:52:00
19.97313,79.38792,4.87,D,2026-05-14 08:52:00
20.02151,76.18554,0.85,D,2026-05-14 08:52:00
20.17507,75.83489,1.79,D,2026-05-14 08:52:00
20.17567,73.3773,3.15,D,2026-05-14 08:52:00
20.1774,75.83617,2.44,D,2026-05-14 08:52:00
20.25196,75.52672,1.29,D,2026-05-14 08:52:00
20.2775,74.61783,3.53,D,2026-05-14 08:52:00
20.3238,75.34034,7.83,D,2026-05-14 08:52:00
20.32441,75.34601,7.35,D,2026-05-14 08:52:00
20.38014,73.41268,3.13,D,2026-05-14 08:52:00
20.44241,75.74419,2.68,D,2026-05-14 08:52:00
20.45128,75.39378,3.59,D,2026-05-14 08:52:00
20.57467,73.24609,5.52,D,2026-05-14 08:52:00
20.60266,74.06474,4.64,D,2026-05-14 08:52:00
20.60686,73.90013,4.01,D,2026-05-14 08:52:00
20.60744,73.89805,3.62,D,2026-05-14 08:52:00
20.6843,73.58781,10.12,D,2026-05-14 08:52:00
20.7089,73.48571,3.45,D,2026-05-14 08:52:00
20.85929,73.43176,4.36,D,2026-05-14 08:52:00
20.87813,74.03906,7.86,D,2026-05-14 08:52:00
20.87868,74.04408,6.3,D,2026-05-14 08:52:00
20.90323,78.4806,4.3,D,2026-05-14 08:52:00
20.98501,72.90942,2.29,D,2026-05-14 08:52:00
21.08589,76.02261,16.6,D,2026-05-14 08:52:00
21.08623,76.02605,16.6,D,2026-05-14 08:52:00
21.10189,72.63515,8.55,D,2026-05-14 08:52:00
21.10237,72.63856,9.05,D,2026-05-14 08:52:00
21.10237,72.6393,9.81,D,2026-05-14 08:52:00
21.10332,72.64761,7.23,D,2026-05-14 08:52:00
21.10338,72.64685,8.05,D,2026-05-14 08:52:00
21.10754,72.64705,7.23,D,2026-05-14 08:52:00
21.10761,72.64629,12.16,D,2026-05-14 08:52:00
21.10829,72.72244,7.85,D,2026-05-14 08:52:00
21.14816,74.94052,7.44,D,2026-05-14 08:52:00
21.28948,72.66551,3.66,D,2026-05-14 08:52:00
21.36826,75.515,3.55,D,2026-05-14 08:52:00
21.38424,75.83064,3.09,D,2026-05-14 08:52:00
21.38896,81.37592,5.84,D,2026-05-14 08:52:00
21.4409,79.35807,5.84,D,2026-05-14 08:52:00
21.44119,79.35587,6.94,D,2026-05-14 08:52:00
21.51273,77.44635,3.38,D,2026-05-14 08:52:00
21.52657,76.44755,7.48,D,2026-05-14 08:52:00
21.52785,76.44727,9.16,D,2026-05-14 08:52:00
21.5657,77.38582,3.8,D,2026-05-14 08:52:00
21.56575,76.6756,1.05,D,2026-05-14 08:52:00
21.5661,77.39014,3.8,D,2026-05-14 08:52:00
21.56878,73.75172,7.48,D,2026-05-14 08:52:00
21.56931,73.75661,10.38,D,2026-05-14 08:52:00
21.57092,76.67117,5.72,D,2026-05-14 08:52:00
21.57128,76.67505,5.72,D,2026-05-14 08:52:00
21.61861,77.19046,5.94,D,2026-05-14 08:52:00
21.61901,77.19482,5.94,D,2026-05-14 08:52:00
21.61941,77.19927,8.86,D,2026-05-14 08:52:00
21.62512,77.19865,8.86,D,2026-05-14 08:52:00
21.64482,77.09985,9.8,D,2026-05-14 08:52:00
21.6452,77.104,6.53,D,2026-05-14 08:52:00
21.6509,77.10355,6.53,D,2026-05-14 08:52:00
21.68612,73.39214,2.46,D,2026-05-14 08:52:00
21.76161,73.31765,10.67,D,2026-05-14 08:52:00
21.77682,77.26559,7.3,D,2026-05-14 08:52:00
21.80992,77.82995,3.82,D,2026-05-14 08:52:00
21.83125,73.29523,3.52,D,2026-05-14 08:52:00
21.83462,73.29628,5.6,D,2026-05-14 08:52:00
21.86703,75.78941,7.49,D,2026-05-14 08:52:00
21.86717,75.78845,6.3,D,2026-05-14 08:52:00
21.92796,76.20718,5.15,D,2026-05-14 08:52:00
21.98601,72.8158,11.38,D,2026-05-14 08:52:00
22.01701,79.04627,4.84,D,2026-05-14 08:52:00
22.11894,75.09441,13.95,D,2026-05-14 08:52:00
22.12196,79.53594,4.48,D,2026-05-14 08:52:00
22.12703,73.64025,4.25,D,2026-05-14 08:52:00
22.13758,73.06042,7.53,D,2026-05-14 08:52:00
22.14353,72.80016,9.74,D,2026-05-14 08:52:00
22.1438,73.58304,7.57,D,2026-05-14 08:52:00
22.16911,76.94841,6.14,D,2026-05-14 08:52:00
22.20834,76.9073,6.08,D,2026-05-14 08:52:00
22.25545,74.7515,6.69,D,2026-05-14 08:52:00
22.29775,76.94823,4.69,D,2026-05-14 08:52:00
22.29981,76.94543,5.2,D,2026-05-14 08:52:00
22.30016,76.94952,5.2,D,2026-05-14 08:52:00
22.30342,76.94761,4.69,D,2026-05-14 08:52:00
22.31079,75.83338,6.92,D,2026-05-14 08:52:00
22.31157,75.83461,5.7,D,2026-05-14 08:52:00
22.33357,77.41002,6.45,D,2026-05-14 08:52:00
22.40583,75.60946,6.59,D,2026-05-14 08:52:00
22.41134,80.21732,3.66,D,2026-05-14 08:52:00
22.48857,76.82251,3.83,D,2026-05-14 08:52:00
22.49151,76.82315,5.38,D,2026-05-14 08:52:00
22.55969,80.46988,8.8,D,2026-05-14 08:52:00
22.56136,80.46867,7.93,D,2026-05-14 08:52:00
22.56669,80.46938,4.94,D,2026-05-14 08:52:00
22.75293,77.12044,3.86,D,2026-05-14 08:54:00
22.75339,77.11985,5.12,D,2026-05-14 08:54:00
22.83492,69.5127,16.81,D,2026-05-14 08:54:00
23.00463,70.00845,11.46,D,2026-05-14 08:54:00
23.14164,77.21464,13.94,D,2026-05-14 08:54:00
23.16151,76.32751,12.62,D,2026-05-14 08:54:00
23.21513,77.18992,13.5,D,2026-05-14 08:54:00
23.2864,79.43456,14.51,D,2026-05-14 08:54:00
23.28684,79.44068,15.06,D,2026-05-14 08:54:00
23.29304,79.43394,10.81,D,2026-05-14 08:54:00
23.29347,79.44,19.85,D,2026-05-14 08:54:00
23.30582,77.15389,13.5,D,2026-05-14 08:54:00
23.34442,69.71613,18.62,D,2026-05-14 08:54:00
23.3496,77.39347,4.93,D,2026-05-14 08:54:00
23.43981,69.81609,17.67,D,2026-05-14 08:54:00
23.47678,77.44678,10.99,D,2026-05-14 08:54:00
23.55007,77.34842,8.19,D,2026-05-14 08:54:00
23.60903,69.21291,22.95,D,2026-05-14 08:54:00
23.61449,77.98942,22.06,D,2026-05-14 08:54:00
23.63479,74.17659,13.98,D,2026-05-14 08:54:00
23.63532,74.17271,15.82,D,2026-05-14 08:54:00
23.68479,79.69624,4.67,D,2026-05-14 08:54:00
23.68699,79.69429,5.06,D,2026-05-14 08:54:00
23.7028,69.24504,49.46,D,2026-05-14 08:54:00
23.73389,69.25846,14.32,D,2026-05-14 08:54:00
23.79215,75.27309,4.77,D,2026-05-14 08:54:00
23.82069,78.10345,11.53,D,2026-05-14 08:54:00
23.84061,74.06101,11.12,D,2026-05-14 08:54:00
23.86805,73.33467,7.26,D,2026-05-14 08:54:00
23.98859,78.6893,2.91,D,2026-05-14 08:54:00
24.08801,79.41605,2.08,D,2026-05-14 08:54:00
24.08847,79.42238,2.08,D,2026-05-14 08:54:00
24.0919,79.42068,5.73,D,2026-05-14 08:54:00
24.17771,80.3306,4.42,D,2026-05-14 08:54:00
24.28534,74.31395,7.59,D,2026-05-14 08:54:00
24.33638,73.76021,13.92,D,2026-05-14 08:54:00
24.44711,78.99009,3.61,D,2026-05-14 08:54:00
24.44794,78.99286,1.71,D,2026-05-14 08:54:00
24.46192,80.77024,6.53,D,2026-05-14 08:54:00
24.50124,73.01325,5.5,D,2026-05-14 08:54:00
24.51081,76.53046,7.31,D,2026-05-14 08:54:00
24.52815,80.63544,11.05,D,2026-05-14 08:54:00
24.53119,80.63377,10.46,D,2026-05-14 08:54:00
24.55272,80.63251,12.21,D,2026-05-14 08:54:00
24.55529,80.17908,5.74,D,2026-05-14 08:54:00
24.55669,80.18105,7.36,D,2026-05-14 08:54:00
24.55687,80.63392,10.73,D,2026-05-14 08:54:00
24.5684,75.20118,4.44,D,2026-05-14 08:54:00
24.56873,75.20464,4.44,D,2026-05-14 08:54:00
24.56941,75.20298,3.77,D,2026-05-14 08:54:00
24.56972,75.20644,4.72,D,2026-05-14 08:54:00
24.59017,81.0695,7.4,D,2026-05-14 08:54:00
24.59064,81.07759,13.95,D,2026-05-14 08:54:00
24.5907,81.06826,9.04,D,2026-05-14 08:54:00
24.59113,81.07636,9.04,D,2026-05-14 08:54:00
24.62958,68.31153,7.67,D,2026-05-14 08:54:00
24.64612,78.57846,2.36,D,2026-05-14 08:54:00
24.65102,74.55069,6.83,D,2026-05-14 08:54:00
24.65603,74.55016,6.83,D,2026-05-14 08:54:00
24.66265,80.62422,19.28,D,2026-05-14 08:54:00
24.66711,80.61853,14.54,D,2026-05-14 08:54:00
24.66734,74.10916,14.37,D,2026-05-14 08:54:00
24.66758,80.62624,14.54,D,2026-05-14 08:54:00
24.66983,80.62378,19.28,D,2026-05-14 08:54:00
24.67429,80.61811,8.62,D,2026-05-14 08:54:00
24.67476,80.62582,8.62,D,2026-05-14 08:54:00
24.67701,80.62331,4.52,D,2026-05-14 08:54:00
24.69049,80.60695,5.39,D,2026-05-14 08:54:00
24.69533,80.60911,6.42,D,2026-05-14 08:54:00
24.85444,74.9784,1.45,D,2026-05-14 08:54:00
24.85477,74.98187,5.23,D,2026-05-14 08:54:00
24.85991,74.98117,6.15,D,2026-05-14 08:54:00
24.86243,74.93599,13.03,D,2026-05-14 08:54:00
24.86577,74.93406,7.13,D,2026-05-14 08:54:00
24.8661,74.93741,7.13,D,2026-05-14 08:54:00
24.86757,74.9354,4.36,D,2026-05-14 08:54:00
24.87634,81.0338,5.7,D,2026-05-14 08:54:00
24.90357,79.87325,2.39,D,2026-05-14 08:54:00
24.90363,79.87112,4.49,D,2026-05-14 08:54:00
24.90799,76.10825,7.54,D,2026-05-14 08:54:00
25.12792,76.21822,9.25,D,2026-05-14 08:54:00
25.30478,76.20109,13.11,D,2026-05-14 08:54:00
25.30867,76.20153,18.1,D,2026-05-14 08:54:00
25.32545,76.50582,16.29,D,2026-05-14 08:54:00
25.32703,76.50261,12.71,D,2026-05-14 08:54:00
25.32737,76.50687,15.09,D,2026-05-14 08:54:00
25.37662,80.48955,3.61,D,2026-05-14 08:54:00
25.4844,77.78609,5.91,D,2026-05-14 08:54:00
25.48477,77.79115,5.91,D,2026-05-14 08:54:00
25.49096,77.79091,5.91,D,2026-05-14 08:54:00
25.51405,68.39001,6.07,D,2026-05-14 08:54:00
25.52203,78.59361,3.73,D,2026-05-14 08:54:00
25.56852,78.60811,1.19,D,2026-05-14 08:54:00
25.56854,78.61073,2.58,D,2026-05-14 08:54:00
25.56984,75.73675,8.6,D,2026-05-14 08:54:00
25.57863,73.04656,17.6,D,2026-05-14 08:54:00
25.64081,76.48466,8.28,D,2026-05-14 08:54:00
25.65018,79.74924,2.65,D,2026-05-14 08:54:00
25.7154,78.76308,4.08,D,2026-05-14 08:54:00
25.71626,78.76802,5.27,D,2026-05-14 08:54:00
25.75312,78.17364,5.52,D,2026-05-14 08:54:00
25.79138,78.1385,4.54,D,2026-05-14 08:54:00
25.80211,78.1099,3.66,D,2026-05-14 08:54:00
25.80249,78.11539,2.69,D,2026-05-14 08:54:00
25.81143,78.53709,5.75,D,2026-05-14 08:54:00
25.82012,80.63814,5.8,D,2026-05-14 08:54:00
25.82295,78.13608,8.49,D,2026-05-14 08:54:00
25.83903,80.27582,7.58,D,2026-05-14 08:54:00
25.8443,79.39866,3.55,D,2026-05-14 08:54:00
25.84614,80.27538,7.58,D,2026-05-14 08:54:00
26.03686,77.32728,13.69,D,2026-05-14 08:54:00
26.03757,77.33716,10.11,D,2026-05-14 08:54:00
26.03792,77.3421,10.11,D,2026-05-14 08:54:00
26.05468,77.94657,8.98,D,2026-05-14 08:54:00
26.05699,77.94941,7.48,D,2026-05-14 08:54:00
26.0695,78.39964,3.52,D,2026-05-14 08:54:00
26.07083,76.9765,9.16,D,2026-05-14 08:54:00
26.07107,77.54987,4.94,D,2026-05-14 08:54:00
26.07446,76.97907,9.74,D,2026-05-14 08:54:00
26.15694,79.05694,5.92,D,2026-05-14 08:54:00
26.20851,77.58102,6.83,D,2026-05-14 08:54:00
26.31206,78.32802,6.08,D,2026-05-14 08:54:00
26.31377,78.3311,5.87,D,2026-05-14 08:54:00
26.32555,79.19347,5.74,D,2026-05-14 08:54:00
26.33839,77.68941,5.28,D,2026-05-14 08:54:00
26.33873,77.69465,5.28,D,2026-05-14 08:54:00
26.33971,77.68793,5.21,D,2026-05-14 08:54:00
26.34009,77.69318,5.21,D,2026-05-14 08:54:00
26.34438,77.66651,10.78,D,2026-05-14 08:54:00
26.34457,77.6889,5.2,D,2026-05-14 08:54:00
26.34492,77.69413,5.2,D,2026-05-14 08:54:00
26.3459,77.68745,5.21,D,2026-05-14 08:54:00
26.34628,77.69269,5.21,D,2026-05-14 08:54:00
26.34901,77.66212,15.33,D,2026-05-14 08:54:00
26.34936,77.66737,25.5,D,2026-05-14 08:54:00
26.35055,77.66602,11.28,D,2026-05-14 08:54:00
26.35093,77.67126,11.28,D,2026-05-14 08:54:00
26.3511,77.69366,5.2,D,2026-05-14 08:54:00
26.36524,77.71907,7.69,D,2026-05-14 08:54:00
26.36595,77.72964,4.89,D,2026-05-14 08:54:00
26.36676,77.71761,8.75,D,2026-05-14 08:54:00
26.36754,77.72817,5.4,D,2026-05-14 08:54:00
26.37345,79.96842,4.08,D,2026-05-14 08:54:00
26.37534,79.96939,2.85,D,2026-05-14 08:54:00
26.38646,77.57542,3.27,D,2026-05-14 08:54:00
26.39075,77.72768,4.12,D,2026-05-14 08:54:00
26.39549,77.70606,8.88,D,2026-05-14 08:54:00
26.39948,77.58478,4.87,D,2026-05-14 08:54:00
26.39984,77.58998,6.5,D,2026-05-14 08:54:00
26.40094,77.78563,13.78,D,2026-05-14 08:54:00
26.40562,77.58429,4.87,D,2026-05-14 08:54:00
26.40599,77.58949,6.5,D,2026-05-14 08:54:00
26.46701,77.76713,4.08,D,2026-05-14 08:54:00
26.51863,78.4811,3.92,D,2026-05-14 08:54:00
26.64514,79.4853,18.29,D,2026-05-14 08:54:00
26.6454,79.48612,18.66,D,2026-05-14 08:54:00
26.66142,79.80363,4.03,D,2026-05-14 08:54:00
26.66306,79.80223,5.37,D,2026-05-14 08:54:00
26.74157,79.99733,5.49,D,2026-05-14 08:54:00
27.10854,78.99174,4.44,D,2026-05-14 08:54:00
27.6417,69.00124,7.31,D,2026-05-14 08:54:00
27.69781,68.75842,10.14,D,2026-05-14 08:54:00
27.69843,68.76324,18.72,D,2026-05-14 08:54:00
28.67144,68.16479,5.51,D,2026-05-14 08:56:00
28.84255,76.23164,2.02,D,2026-05-14 08:56:00
28.86085,79.4503,2.03,D,2026-05-14 08:56:00
28.87191,77.0188,7.81,D,2026-05-14 08:56:00
28.92053,79.41174,4.73,D,2026-05-14 08:56:00
29.03007,77.17813,2.41,D,2026-05-14 08:56:00
29.09478,75.83646,4.72,D,2026-05-14 08:56:00
29.10047,75.83596,4.72,D,2026-05-14 08:56:00
29.54398,74.59341,6.28,D,2026-05-14 08:56:00
29.54929,74.5929,3.95,D,2026-05-14 08:56:00
29.55721,75.19693,6.26,D,2026-05-14 08:56:00
29.74541,70.72849,12.7,D,2026-05-14 08:56:00
29.75188,75.36851,3.23,D,2026-05-14 08:56:00
29.75356,75.36876,2.62,D,2026-05-14 08:56:00
29.79329,73.76463,1.61,D,2026-05-14 08:56:00
29.80692,79.00417,8.82,D,2026-05-14 08:56:00
29.81399,79.00905,13.99,D,2026-05-14 08:56:00
29.81445,74.73171,2.42,D,2026-05-14 08:56:00
29.81727,74.73101,2.52,D,2026-05-14 08:56:00
29.83552,75.43759,4.08,D,2026-05-14 08:56:00
29.84112,75.4371,4.08,D,2026-05-14 08:56:00
29.87191,76.03283,1.9,D,2026-05-14 08:56:00
29.87222,76.03746,1.9,D,2026-05-14 08:56:00
29.88505,76.13976,3.81,D,2026-05-14 08:56:00
29.92239,76.17001,4.78,D,2026-05-14 08:56:00
29.94457,75.56692,2.14,D,2026-05-14 08:56:00
29.96916,76.2682,2.8,D,2026-05-14 08:56:00
29.98963,79.40987,10.13,D,2026-05-14 08:56:00
30.02494,74.79605,4.69,D,2026-05-14 08:56:00
30.02707,74.79577,3.14,D,2026-05-14 08:56:00
30.03756,74.94203,1.53,D,2026-05-14 08:56:00
30.05637,74.13864,3.27,D,2026-05-14 08:56:00
30.06854,78.80766,8.16,D,2026-05-14 08:56:00
30.07337,78.80935,16.36,D,2026-05-14 08:56:00
30.07536,78.8083,10.74,D,2026-05-14 08:56:00
30.08869,76.50565,2.87,D,2026-05-14 08:56:00
30.09293,74.19995,3.27,D,2026-05-14 08:56:00
30.09308,74.20046,3.48,D,2026-05-14 08:56:00
30.14552,75.6831,4.06,D,2026-05-14 08:56:00
30.1514,74.61752,6.22,D,2026-05-14 08:56:00
30.15169,74.62135,5.76,D,2026-05-14 08:56:00
30.17968,74.56487,0.92,D,2026-05-14 08:56:00
30.18122,74.79832,8.77,D,2026-05-14 08:56:00
30.18152,74.80224,8.77,D,2026-05-14 08:56:00
30.18664,74.79781,4.31,D,2026-05-14 08:56:00
30.18693,74.80174,4.31,D,2026-05-14 08:56:00
30.19199,78.6509,16.8,D,2026-05-14 08:56:00
30.21867,73.67464,2.68,D,2026-05-14 08:56:00
30.223,75.706,5.53,D,2026-05-14 08:56:00
30.25324,74.0287,2.92,D,2026-05-14 08:56:00
30.25353,74.03225,3.2,D,2026-05-14 08:56:00
30.25959,76.50462,3.98,D,2026-05-14 08:56:00
30.25979,73.9819,3.76,D,2026-05-14 08:56:00
30.26158,76.50309,3.29,D,2026-05-14 08:56:00
30.26497,73.73788,2.15,D,2026-05-14 08:56:00
30.27243,78.73215,6.63,D,2026-05-14 08:56:00
30.27538,74.36945,6.61,D,2026-05-14 08:56:00
30.28032,73.70047,2.36,D,2026-05-14 08:56:00
30.29285,73.98783,3.75,D,2026-05-14 08:56:00
30.31135,78.84511,5.3,D,2026-05-14 08:56:00
30.32632,76.23227,6.17,D,2026-05-14 08:56:00
30.36299,75.62753,1.85,D,2026-05-14 08:56:00
30.38909,74.54718,4.53,D,2026-05-14 08:56:00
30.42369,76.01892,11.53,D,2026-05-14 08:56:00
30.42453,76.01804,12.75,D,2026-05-14 08:56:00
30.42864,76.00433,7.81,D,2026-05-14 08:56:00
30.42939,76.00349,9.41,D,2026-05-14 08:56:00
30.44892,74.43764,3.2,D,2026-05-14 08:56:00
30.45184,74.62217,5.67,D,2026-05-14 08:56:00
30.52063,74.0679,2.72,D,2026-05-14 08:56:00
30.52457,75.95055,5.21,D,2026-05-14 08:56:00
30.5248,75.95406,9.53,D,2026-05-14 08:56:00
30.52486,75.95523,5.21,D,2026-05-14 08:56:00
30.52585,74.67004,4.15,D,2026-05-14 08:56:00
30.53555,76.48042,7.75,D,2026-05-14 08:56:00
30.53609,74.80408,8.01,D,2026-05-14 08:56:00
30.54597,74.69671,3.82,D,2026-05-14 08:56:00
30.54609,75.48404,7.02,D,2026-05-14 08:56:00
30.54765,76.43594,5.41,D,2026-05-14 08:56:00
30.55095,76.43884,4.05,D,2026-05-14 08:56:00
30.55363,76.43546,6.27,D,2026-05-14 08:56:00
30.55392,76.44048,6.27,D,2026-05-14 08:56:00
30.55692,76.43839,6.66,D,2026-05-14 08:56:00
30.55725,76.44341,7.51,D,2026-05-14 08:56:00
30.57051,76.46261,6.25,D,2026-05-14 08:56:00
30.57304,76.45919,5.53,D,2026-05-14 08:56:00
30.57898,75.54771,3.11,D,2026-05-14 08:56:00
30.60917,74.89133,5.03,D,2026-05-14 08:56:00
30.61101,75.48489,9.1,D,2026-05-14 08:56:00
30.61428,75.48266,6.1,D,2026-05-14 08:56:00
30.62735,75.66502,5.8,D,2026-05-14 08:56:00
30.62861,75.66711,4.97,D,2026-05-14 08:56:00
30.67401,75.57304,4.45,D,2026-05-14 08:56:00
30.70733,74.86636,8.69,D,2026-05-14 08:56:00
30.7205,75.13042,5.99,D,2026-05-14 08:56:00
30.72954,75.10014,4.01,D,2026-05-14 08:56:00
30.73087,74.73925,4.57,D,2026-05-14 08:56:00
30.7442,75.14948,9.95,D,2026-05-14 08:56:00
30.74449,75.15369,9.95,D,2026-05-14 08:56:00
30.75854,75.03886,4.09,D,2026-05-14 08:56:00
30.76035,75.0638,5.01,D,2026-05-14 08:56:00
30.76066,75.06796,5.01,D,2026-05-14 08:56:00
30.76376,75.03423,8.78,D,2026-05-14 08:56:00
30.76406,75.03838,17.24,D,2026-05-14 08:56:00
30.7663,74.31522,5.53,D,2026-05-14 08:56:00
30.76658,74.31896,5.53,D,2026-05-14 08:56:00
30.78734,74.38148,1.24,D,2026-05-14 08:56:00
30.79246,74.3089,5.29,D,2026-05-14 08:56:00
30.79903,75.07243,5.92,D,2026-05-14 08:56:00
30.80866,74.81583,4.0,D,2026-05-14 08:56:00
30.81126,75.08813,5.25,D,2026-05-14 08:56:00
30.8198,74.38601,3.84,D,2026-05-14 08:56:00
30.8201,74.38979,3.84,D,2026-05-14 08:56:00
30.82512,74.3855,3.84,D,2026-05-14 08:56:00
30.82541,74.38928,3.84,D,2026-05-14 08:56:00
30.83297,74.92389,5.16,D,2026-05-14 08:56:00
30.84107,75.3604,4.68,D,2026-05-14 08:56:00
30.84611,75.35123,3.55,D,2026-05-14 08:56:00
30.84767,75.0514,10.65,D,2026-05-14 08:56:00
30.86527,74.44254,2.73,D,2026-05-14 08:56:00
30.8706,74.44202,2.73,D,2026-05-14 08:56:00
30.8707,75.06197,7.26,D,2026-05-14 08:56:00
30.90637,75.02122,7.34,D,2026-05-14 08:56:00
30.90665,75.02539,8.66,D,2026-05-14 08:56:00
30.91028,74.46915,6.35,D,2026-05-14 08:56:00
30.92643,75.06985,2.99,D,2026-05-14 08:56:00
30.9576,74.81024,8.01,D,2026-05-14 08:56:00
30.9616,75.95981,4.43,D,2026-05-14 08:56:00
30.96247,75.96321,2.73,D,2026-05-14 08:56:00
30.97515,75.20617,8.33,D,2026-05-14 08:56:00
30.9836,75.02452,4.43,D,2026-05-14 08:56:00
30.98583,75.05798,5.51,D,2026-05-14 08:56:00
30.99532,75.20211,6.43,D,2026-05-14 08:56:00
30.9972,75.2,6.67,D,2026-05-14 08:56:00
30.99795,75.88559,7.91,D,2026-05-14 08:56:00
31.00536,74.70209,5.25,D,2026-05-14 08:56:00
31.00712,75.10511,6.66,D,2026-05-14 08:56:00
31.02365,75.41177,5.82,D,2026-05-14 08:56:00
31.03119,75.43782,5.62,D,2026-05-14 08:56:00
31.03623,75.95211,5.14,D,2026-05-14 08:56:00
31.04173,75.75328,3.05,D,2026-05-14 08:56:00
31.04177,75.75528,5.76,D,2026-05-14 08:56:00
31.04202,75.75791,3.43,D,2026-05-14 08:56:00
31.04223,73.92167,14.87,D,2026-05-14 08:56:00
31.04379,76.1424,10.04,D,2026-05-14 08:56:00
31.0441,76.14727,9.54,D,2026-05-14 08:56:00
31.05444,75.16256,6.99,D,2026-05-14 08:56:00
31.05474,75.16682,7.84,D,2026-05-14 08:56:00
31.05995,75.08103,9.44,D,2026-05-14 08:56:00
31.06024,75.08525,9.44,D,2026-05-14 08:56:00
31.07039,74.9166,2.6,D,2026-05-14 08:56:00
31.07254,75.69048,13.95,D,2026-05-14 08:56:00
31.078,75.68543,3.61,D,2026-05-14 08:56:00
31.09286,75.56062,7.94,D,2026-05-14 08:56:00
31.09339,75.23688,6.51,D,2026-05-14 08:56:00
31.09649,75.61503,3.68,D,2026-05-14 08:56:00
31.11926,75.87399,4.84,D,2026-05-14 08:56:00
31.12011,75.70975,1.82,D,2026-05-14 08:56:00
31.12434,75.57765,3.66,D,2026-05-14 08:56:00
31.12575,73.38715,6.07,D,2026-05-14 08:56:00
31.12838,75.57594,10.64,D,2026-05-14 08:56:00
31.13006,75.57718,6.89,D,2026-05-14 08:56:00
31.13664,73.71436,1.52,D,2026-05-14 08:56:00
31.1388,74.30441,2.31,D,2026-05-14 08:56:00
31.15144,75.8306,3.49,D,2026-05-14 08:56:00
31.15145,75.7445,13.98,D,2026-05-14 08:56:00
31.15165,75.83362,4.75,D,2026-05-14 08:56:00
31.1518,75.7414,7.97,D,2026-05-14 08:56:00
31.15208,75.74605,7.97,D,2026-05-14 08:56:00
31.15412,75.68543,3.94,D,2026-05-14 08:56:00
31.16167,75.80931,19.64,D,2026-05-14 08:56:00
31.16189,75.8109,30.15,D,2026-05-14 08:56:00
31.16199,75.814,21.14,D,2026-05-14 08:56:00
31.16218,75.81557,34.57,D,2026-05-14 08:56:00
31.1623,75.81868,21.14,D,2026-05-14 08:56:00
31.16769,75.81042,4.0,D,2026-05-14 08:56:00
31.17623,73.62982,2.73,D,2026-05-14 08:56:00
31.19654,73.56535,1.93,D,2026-05-14 08:56:00
31.20322,75.55298,5.92,D,2026-05-14 08:56:00
31.21251,75.87321,2.73,D,2026-05-14 08:56:00
31.23157,73.64065,0.98,D,2026-05-14 08:56:00
31.24889,75.90887,5.01,D,2026-05-14 08:56:00
31.24993,75.90849,4.6,D,2026-05-14 08:56:00
31.25088,76.04405,4.31,D,2026-05-14 08:56:00
31.25246,76.03857,3.67,D,2026-05-14 08:56:00
31.25277,76.04343,3.67,D,2026-05-14 08:56:00
31.25648,76.03871,4.31,D,2026-05-14 08:56:00
31.26052,76.07204,3.05,D,2026-05-14 08:56:00
31.29353,75.8718,10.63,D,2026-05-14 08:56:00
31.29382,75.87656,10.63,D,2026-05-14 08:56:00
31.29442,75.98216,2.71,D,2026-05-14 08:56:00
31.30022,73.85375,2.89,D,2026-05-14 08:56:00
31.30866,74.52534,2.19,D,2026-05-14 08:56:00
31.31272,75.7146,6.9,D,2026-05-14 08:56:00
31.31301,75.71925,9.38,D,2026-05-14 08:56:00
31.32594,75.26641,4.74,D,2026-05-14 08:56:00
31.32606,75.83119,5.29,D,2026-05-14 08:56:00
31.33157,75.82601,3.47,D,2026-05-14 08:56:00
31.33187,75.83073,6.75,D,2026-05-14 08:56:00
31.33489,73.61422,2.59,D,2026-05-14 08:56:00
31.33981,75.77342,3.7,D,2026-05-14 08:56:00
31.34014,75.77494,3.82,D,2026-05-14 08:56:00
31.36258,73.77042,1.73,D,2026-05-14 08:56:00
31.3635,73.84943,3.36,D,2026-05-14 08:56:00
31.36377,73.85301,2.4,D,2026-05-14 08:56:00
31.36883,75.31565,5.22,D,2026-05-14 08:56:00
31.37284,75.83376,4.05,D,2026-05-14 08:56:00
31.37288,75.83218,2.21,D,2026-05-14 08:56:00
31.37689,74.56676,4.2,D,2026-05-14 08:56:00
31.37852,74.56574,1.84,D,2026-05-14 08:56:00
31.38332,75.71967,7.85,D,2026-05-14 08:56:00
31.38361,75.72434,8.53,D,2026-05-14 08:56:00
31.38938,75.72387,8.53,D,2026-05-14 08:56:00
31.39945,75.34859,8.58,D,2026-05-14 08:56:00
31.4184,73.94955,4.76,D,2026-05-14 08:56:00
31.42361,73.94904,4.76,D,2026-05-14 08:56:00
31.42869,75.23547,5.67,D,2026-05-14 08:56:00
31.42909,75.28401,6.48,D,2026-05-14 08:56:00
31.4294,75.2884,6.48,D,2026-05-14 08:56:00
31.43134,75.23545,5.91,D,2026-05-14 08:56:00
31.43177,75.28365,6.59,D,2026-05-14 08:56:00
31.43205,75.28804,6.59,D,2026-05-14 08:56:00
31.44779,73.63831,1.55,D,2026-05-14 08:56:00
31.45977,75.36575,7.22,D,2026-05-14 08:56:00
31.46006,75.37021,10.68,D,2026-05-14 08:56:00
31.47017,75.17915,1.99,D,2026-05-14 08:56:00
31.47532,75.34207,6.15,D,2026-05-14 08:56:00
31.49877,73.82583,1.88,D,2026-05-14 08:56:00
31.50776,73.67812,2.98,D,2026-05-14 08:56:00
31.50863,70.65753,11.93,D,2026-05-14 08:56:00
31.50908,72.24946,4.32,D,2026-05-14 08:56:00
31.51055,72.24708,4.7,D,2026-05-14 08:56:00
31.51259,75.74243,5.83,D,2026-05-14 08:56:00
31.51288,75.39274,5.15,D,2026-05-14 08:56:00
31.51318,75.3972,5.15,D,2026-05-14 08:56:00
31.51529,75.42857,2.69,D,2026-05-14 08:56:00
31.52921,73.75079,7.55,D,2026-05-14 08:56:00
31.53047,73.74905,3.14,D,2026-05-14 08:56:00
31.53074,73.7526,3.14,D,2026-05-14 08:56:00
31.53157,73.84432,1.47,D,2026-05-14 08:56:00
31.53821,75.60036,2.13,D,2026-05-14 08:56:00
31.53926,75.59911,1.93,D,2026-05-14 08:56:00
31.54248,75.66502,3.72,D,2026-05-14 08:56:00
31.54313,75.66385,3.4,D,2026-05-14 08:56:00
31.54888,73.58394,3.01,D,2026-05-14 08:56:00
31.54903,75.9491,3.03,D,2026-05-14 08:56:00
31.5538,73.78262,3.96,D,2026-05-14 08:56:00
31.5625,73.89806,1.55,D,2026-05-14 08:56:00
31.56277,73.9017,1.55,D,2026-05-14 08:56:00
31.56959,75.26126,2.42,D,2026-05-14 08:56:00
31.57163,73.54662,1.41,D,2026-05-14 08:56:00
31.58818,70.64475,3.64,D,2026-05-14 08:56:00
31.59232,73.87679,2.98,D,2026-05-14 08:56:00
31.59548,75.48414,8.13,D,2026-05-14 08:56:00
31.59779,73.87988,6.32,D,2026-05-14 08:56:00
31.60559,73.52219,2.09,D,2026-05-14 08:56:00
31.61145,75.2932,3.7,D,2026-05-14 08:56:00
31.61595,75.44598,4.76,D,2026-05-14 08:56:00
31.62282,75.37728,3.82,D,2026-05-14 08:56:00
31.64058,75.35783,4.0,D,2026-05-14 08:56:00
31.64998,75.35707,4.31,D,2026-05-14 08:56:00
31.65193,75.35686,4.18,D,2026-05-14 08:56:00
31.6676,73.82095,2.07,D,2026-05-14 08:56:00
31.67831,74.74677,2.22,D,2026-05-14 08:56:00
31.68379,74.74628,2.22,D,2026-05-14 08:56:00
31.68474,73.50929,1.41,D,2026-05-14 08:56:00
31.69742,75.26799,3.12,D,2026-05-14 08:56:00
31.70647,74.2022,4.03,D,2026-05-14 08:56:00
31.71347,76.52042,3.65,D,2026-05-14 08:56:00
31.71658,75.07379,1.28,D,2026-05-14 08:56:00
31.72823,74.74226,2.0,D,2026-05-14 08:56:00
31.72864,74.91402,8.11,D,2026-05-14 08:56:00
31.7291,74.91383,3.58,D,2026-05-14 08:56:00
31.7294,74.91804,3.58,D,2026-05-14 08:56:00
31.735,73.74893,1.64,D,2026-05-14 08:56:00
31.73598,74.38615,1.98,D,2026-05-14 08:56:00
31.74516,72.23363,9.13,D,2026-05-14 08:56:00
31.7569,73.74877,1.97,D,2026-05-14 08:56:00
31.76613,72.59236,3.4,D,2026-05-14 08:56:00
31.76906,73.24995,3.73,D,2026-05-14 08:56:00
31.76992,73.64696,1.85,D,2026-05-14 08:56:00
31.79888,74.72768,5.8,D,2026-05-14 08:56:00
31.79891,74.72697,5.95,D,2026-05-14 08:56:00
31.80139,74.51854,2.47,D,2026-05-14 08:56:00
31.80173,73.72257,0.79,D,2026-05-14 08:56:00
31.80546,74.5191,4.65,D,2026-05-14 08:56:00
31.81386,75.01775,2.6,D,2026-05-14 08:56:00
31.81527,74.89315,1.46,D,2026-05-14 08:56:00
31.82984,73.68382,6.66,D,2026-05-14 08:56:00
31.83162,73.68111,4.19,D,2026-05-14 08:56:00
31.83188,73.68467,4.19,D,2026-05-14 08:56:00
31.85635,75.00935,1.43,D,2026-05-14 08:56:00
31.85778,75.11786,7.58,D,2026-05-14 08:56:00
31.87024,73.25334,7.81,D,2026-05-14 08:56:00
31.87526,73.2528,7.81,D,2026-05-14 08:56:00
31.92323,74.84834,1.78,D,2026-05-14 08:56:00
31.92354,73.59669,2.08,D,2026-05-14 08:56:00
31.93693,73.63456,3.56,D,2026-05-14 08:56:00
31.93843,73.63309,2.84,D,2026-05-14 08:56:00
31.9387,73.63665,2.84,D,2026-05-14 08:56:00
31.93896,73.64021,2.56,D,2026-05-14 08:56:00
31.94207,73.63405,0.91,D,2026-05-14 08:56:00
31.95297,74.63303,4.44,D,2026-05-14 08:56:00
31.95445,74.57555,4.62,D,2026-05-14 08:56:00
31.97248,73.74153,1.16,D,2026-05-14 08:56:00
31.97625,74.97607,1.82,D,2026-05-14 08:56:00
31.99587,73.50641,3.01,D,2026-05-14 08:56:00
31.99703,73.86012,2.15,D,2026-05-14 08:56:00
32.01705,73.26334,5.73,D,2026-05-14 08:56:00
32.02131,73.26169,8.94,D,2026-05-14 08:56:00
32.02208,73.26282,5.73,D,2026-05-14 08:56:00
32.03018,73.54888,1.52,D,2026-05-14 08:56:00
32.03331,73.52378,1.77,D,2026-05-14 08:56:00
32.0336,73.52729,1.77,D,2026-05-14 08:56:00
32.0362,73.52605,3.69,D,2026-05-14 08:56:00
32.03939,73.36466,1.17,D,2026-05-14 08:56:00
32.0401,73.30766,2.18,D,2026-05-14 08:56:00
32.04869,73.98583,2.17,D,2026-05-14 08:56:00
32.0662,70.908,4.84,D,2026-05-14 08:56:00
32.10875,73.46568,1.59,D,2026-05-14 08:56:00
32.11694,74.2794,3.68,D,2026-05-14 08:56:00
32.13908,73.78636,2.45,D,2026-05-14 08:56:00
32.13936,73.79002,2.45,D,2026-05-14 08:56:00
32.14243,73.6295,2.28,D,2026-05-14 08:56:00
32.14372,73.62819,2.08,D,2026-05-14 08:56:00
32.14399,73.63176,2.22,D,2026-05-14 08:56:00
32.14446,73.52562,1.77,D,2026-05-14 08:56:00
32.14475,73.52914,1.77,D,2026-05-14 08:56:00
32.14668,73.52768,2.61,D,2026-05-14 08:56:00
32.14826,73.97556,1.3,D,2026-05-14 08:56:00
32.15044,73.66483,3.2,D,2026-05-14 08:56:00
32.15072,73.66843,4.34,D,2026-05-14 08:56:00
32.15176,73.66711,5.85,D,2026-05-14 08:56:00
32.1556,73.66433,1.17,D,2026-05-14 08:56:00
32.15694,74.02022,0.76,D,2026-05-14 08:56:00
32.15878,73.97454,2.47,D,2026-05-14 08:56:00
32.15907,73.97829,3.05,D,2026-05-14 08:56:00
32.16796,73.82042,4.41,D,2026-05-14 08:56:00
32.16802,73.81938,4.26,D,2026-05-14 08:56:00
32.16824,73.82409,4.41,D,2026-05-14 08:56:00
32.16829,73.82305,4.26,D,2026-05-14 08:56:00
32.1696,73.48983,3.0,D,2026-05-14 08:56:00
32.17462,73.83829,2.25,D,2026-05-14 08:56:00
32.17483,73.84091,3.13,D,2026-05-14 08:56:00
32.17909,73.90018,2.57,D,2026-05-14 08:56:00
32.18285,73.80681,1.14,D,2026-05-14 08:56:00
32.18851,74.44812,3.73,D,2026-05-14 08:56:00
32.19392,74.44765,5.68,D,2026-05-14 08:56:00
32.1996,73.74987,5.0,D,2026-05-14 08:56:00
32.20167,73.92047,3.0,D,2026-05-14 08:56:00
32.202,74.26354,3.74,D,2026-05-14 08:56:00
32.20454,74.26264,2.78,D,2026-05-14 08:56:00
32.2056,74.4381,4.42,D,2026-05-14 08:56:00
32.20955,74.43814,5.83,D,2026-05-14 08:56:00
32.21119,74.05226,2.77,D,2026-05-14 08:56:00
32.21328,73.86317,1.27,D,2026-05-14 08:56:00
32.21355,73.86687,2.23,D,2026-05-14 08:56:00
32.21685,73.56689,1.51,D,2026-05-14 08:56:00
32.21712,73.57045,1.51,D,2026-05-14 08:56:00
32.21843,73.72234,2.27,D,2026-05-14 08:56:00
32.22037,73.7478,3.63,D,2026-05-14 08:56:00
32.22086,74.11285,2.3,D,2026-05-14 08:56:00
32.22129,74.50971,3.69,D,2026-05-14 08:56:00
32.22734,73.98212,2.28,D,2026-05-14 08:56:00
32.22984,74.01609,3.72,D,2026-05-14 08:56:00
32.23412,73.65522,2.41,D,2026-05-14 08:56:00
32.23858,73.84953,2.88,D,2026-05-14 08:56:00
32.24012,73.66549,1.26,D,2026-05-14 08:56:00
32.2404,73.66909,1.26,D,2026-05-14 08:56:00
32.24162,73.61831,2.6,D,2026-05-14 08:56:00
32.24258,73.97308,1.26,D,2026-05-14 08:56:00
32.24507,73.59634,1.02,D,2026-05-14 08:56:00
32.24763,74.04108,6.89,D,2026-05-14 08:56:00
32.24915,73.78177,2.9,D,2026-05-14 08:56:00
32.24944,73.78543,2.9,D,2026-05-14 08:56:00
32.24959,73.8559,4.32,D,2026-05-14 08:56:00
32.24972,73.78909,3.37,D,2026-05-14 08:56:00
32.25521,73.79227,3.37,D,2026-05-14 08:56:00
32.25968,74.43311,5.65,D,2026-05-14 08:56:00
32.25997,74.43713,5.71,D,2026-05-14 08:56:00
32.26062,73.8623,1.71,D,2026-05-14 08:56:00
32.26291,73.74297,2.81,D,2026-05-14 08:56:00
32.26314,74.25319,6.06,D,2026-05-14 08:56:00
32.27021,73.85017,1.94,D,2026-05-14 08:56:00
32.27054,73.84964,2.18,D,2026-05-14 08:56:00
32.2722,74.08484,2.76,D,2026-05-14 08:56:00
32.27249,74.08865,3.92,D,2026-05-14 08:56:00
32.27433,74.18543,2.67,D,2026-05-14 08:56:00
32.3019,73.84652,1.71,D,2026-05-14 08:56:00
32.32718,74.19979,2.48,D,2026-05-14 08:56:00
32.3355,74.01703,5.28,D,2026-05-14 08:56:00
32.33771,74.04748,7.81,D,2026-05-14 08:56:00
32.34969,74.06557,3.56,D,2026-05-14 08:56:00
32.35808,74.10725,4.67,D,2026-05-14 08:56:00
32.49456,73.32781,1.9,D,2026-05-14 08:56:00
32.49483,73.33129,2.82,D,2026-05-14 08:56:00
32.55001,73.85246,2.62,D,2026-05-14 08:56:00
32.55518,73.78075,7.23,D,2026-05-14 08:56:00
32.56038,73.64339,4.58,D,2026-05-14 08:56:00
32.57253,73.80143,6.7,D,2026-05-14 08:56:00
32.57282,73.80515,6.7,D,2026-05-14 08:56:00
32.5731,73.80888,7.25,D,2026-05-14 08:56:00
32.57367,73.81632,2.17,D,2026-05-14 08:56:00
32.59805,73.57627,1.62,D,2026-05-14 08:56:00
32.61252,73.77389,2.01,D,2026-05-14 08:56:00
32.6222,73.69118,13.4,D,2026-05-14 08:56:00
32.6274,73.69067,13.4,D,2026-05-14 08:56:00
29.08607,88.01042,1.02,N,2026-05-14 19:38:00
29.22412,88.35017,1.33,N,2026-05-14 19:38:00
20.76185,85.29727,0.84,N,2026-05-14 19:40:00
20.76238,85.29302,1.07,N,2026-05-14 19:40:00
20.7825,85.25957,1.56,N,2026-05-14 19:40:00
20.78626,85.26443,1.7,N,2026-05-14 19:40:00
20.86302,84.98878,2.03,N,2026-05-14 19:40:00
20.86736,84.98951,2.03,N,2026-05-14 19:40:00
20.8712,84.9944,4.71,N,2026-05-14 19:40:00
20.88588,84.98286,4.95,N,2026-05-14 19:40:00
20.94115,86.06237,0.82,N,2026-05-14 19:40:00
20.94784,85.06038,0.61,N,2026-05-14 19:40:00
20.95121,86.04839,1.76,N,2026-05-14 19:40:00
20.95363,85.01167,1.5,N,2026-05-14 19:40:00
20.95799,85.01223,3.34,N,2026-05-14 19:40:00
20.96062,86.00677,0.71,N,2026-05-14 19:40:00
20.96067,85.17311,2.56,N,2026-05-14 19:40:00
20.9612,85.16875,1.66,N,2026-05-14 19:40:00
20.96173,85.16441,1.66,N,2026-05-14 19:40:00
20.96289,85.19092,1.61,N,2026-05-14 19:40:00
20.96341,85.18666,2.81,N,2026-05-14 19:40:00
20.9647,86.00735,0.71,N,2026-05-14 19:40:00
20.96499,85.17369,2.71,N,2026-05-14 19:40:00
20.96519,86.00349,0.71,N,2026-05-14 19:40:00
20.96552,85.16932,2.41,N,2026-05-14 19:40:00
20.96658,85.16059,2.41,N,2026-05-14 19:40:00
20.96764,85.15189,2.17,N,2026-05-14 19:40:00
20.96877,85.17861,2.71,N,2026-05-14 19:40:00
20.9693,85.17425,2.71,N,2026-05-14 19:40:00
20.96984,85.1699,2.41,N,2026-05-14 19:40:00
20.97143,85.1568,2.41,N,2026-05-14 19:40:00
20.97196,85.15244,2.17,N,2026-05-14 19:40:00
20.97894,85.13126,2.99,N,2026-05-14 19:40:00
20.99471,84.06374,2.39,N,2026-05-14 19:40:00
20.99739,86.01207,0.54,N,2026-05-14 19:40:00
21.18225,81.38364,3.65,N,2026-05-14 19:40:00
21.33422,78.967,5.24,N,2026-05-14 19:40:00
21.33479,78.96642,5.49,N,2026-05-14 19:40:00
21.64428,77.10231,3.19,N,2026-05-14 19:40:00
21.6767,84.03944,2.89,N,2026-05-14 19:40:00
21.73538,78.01879,1.44,N,2026-05-14 19:40:00
21.7547,84.02307,2.24,N,2026-05-14 19:40:00
21.76,84.01837,2.07,N,2026-05-14 19:40:00
21.76156,84.0202,1.64,N,2026-05-14 19:40:00
21.7647,84.019,2.07,N,2026-05-14 19:40:00
21.76626,84.02084,1.64,N,2026-05-14 19:40:00
21.7694,84.01962,2.82,N,2026-05-14 19:40:00
21.77214,77.21061,2.77,N,2026-05-14 19:40:00
21.77555,77.21266,2.51,N,2026-05-14 19:40:00
21.78482,77.91129,4.4,N,2026-05-14 19:40:00
21.78483,77.9124,4.61,N,2026-05-14 19:40:00
21.85974,77.1238,2.22,N,2026-05-14 19:40:00
21.92615,79.00777,2.15,N,2026-05-14 19:40:00
21.92622,85.22199,1.44,N,2026-05-14 19:40:00
21.92634,79.00723,2.4,N,2026-05-14 19:40:00
21.96011,78.91395,1.4,N,2026-05-14 19:40:00
21.96618,78.91402,4.25,N,2026-05-14 19:40:00
21.9666,78.91458,1.4,N,2026-05-14 19:40:00
21.96928,85.31223,0.83,N,2026-05-14 19:40:00
22.04098,78.7993,0.9,N,2026-05-14 19:40:00
22.05354,88.1254,4.1,N,2026-05-14 19:40:00
22.06516,88.12251,4.12,N,2026-05-14 19:40:00
22.20123,84.57915,0.71,N,2026-05-14 19:40:00
22.20421,84.8696,0.82,N,2026-05-14 19:40:00
22.20666,84.86649,1.76,N,2026-05-14 19:40:00
22.20868,84.87018,0.82,N,2026-05-14 19:40:00
22.21772,84.75478,2.15,N,2026-05-14 19:40:00
22.21884,84.75629,1.95,N,2026-05-14 19:40:00
22.24268,87.39009,2.69,N,2026-05-14 19:40:00
22.26494,76.90936,4.4,N,2026-05-14 19:40:00
22.26553,76.90999,3.31,N,2026-05-14 19:40:00
22.36181,87.01762,1.66,N,2026-05-14 19:40:00
22.3652,87.30106,4.54,N,2026-05-14 19:40:00
22.36572,87.01821,2.45,N,2026-05-14 19:40:00
22.37553,87.28169,2.2,N,2026-05-14 19:40:00
22.37619,87.27655,2.2,N,2026-05-14 19:40:00
22.37885,79.90836,8.51,N,2026-05-14 19:40:00
22.3793,79.90668,5.99,N,2026-05-14 19:40:00
22.38005,87.27713,2.2,N,2026-05-14 19:40:00
22.38643,87.28858,1.08,N,2026-05-14 19:40:00
22.57216,85.89572,2.69,N,2026-05-14 19:40:00
22.60849,85.9134,0.76,N,2026-05-14 19:40:00
22.78574,86.00662,1.94,N,2026-05-14 19:40:00
22.78778,86.19714,1.36,N,2026-05-14 19:40:00
22.79091,86.20578,2.13,N,2026-05-14 19:40:00
22.79605,86.19833,2.66,N,2026-05-14 19:40:00
23.06383,83.04987,1.72,N,2026-05-14 19:40:00
23.16442,82.33948,0.62,N,2026-05-14 19:40:00
23.36201,77.42707,3.15,N,2026-05-14 19:40:00
23.40176,78.658,0.96,N,2026-05-14 19:40:00
23.40219,78.17432,2.15,N,2026-05-14 19:40:00
23.46987,77.53001,2.67,N,2026-05-14 19:40:00
23.54788,86.54455,0.75,N,2026-05-14 19:40:00
23.55377,87.24098,0.96,N,2026-05-14 19:40:00
23.55769,87.24157,0.96,N,2026-05-14 19:40:00
23.55836,87.23617,0.66,N,2026-05-14 19:40:00
23.5614,87.08134,0.87,N,2026-05-14 19:40:00
23.57195,77.90382,1.75,N,2026-05-14 19:40:00
23.57239,77.89674,1.75,N,2026-05-14 19:40:00
23.5729,77.90822,1.64,N,2026-05-14 19:40:00
23.57339,77.90114,1.64,N,2026-05-14 19:40:00
23.58443,77.46764,3.94,N,2026-05-14 19:40:00
23.58921,77.74069,3.36,N,2026-05-14 19:40:00
23.59116,77.74538,2.74,N,2026-05-14 19:40:00
23.59166,77.73811,3.16,N,2026-05-14 19:40:00
23.61059,85.67455,0.93,N,2026-05-14 19:40:00
23.61535,85.65971,1.12,N,2026-05-14 19:40:00
23.64555,85.44024,1.87,N,2026-05-14 19:40:00
23.646,85.43868,3.74,N,2026-05-14 19:40:00
23.64606,85.43565,1.87,N,2026-05-14 19:40:00
23.65044,85.43632,1.63,N,2026-05-14 19:40:00
23.65589,85.50699,1.4,N,2026-05-14 19:40:00
23.66342,87.15432,2.43,N,2026-05-14 19:40:00
23.66524,84.99831,2.64,N,2026-05-14 19:40:00
23.67031,84.99406,1.9,N,2026-05-14 19:40:00
23.67508,86.08743,1.3,N,2026-05-14 19:40:00
23.67535,86.08557,3.5,N,2026-05-14 19:40:00
23.67559,86.08324,1.3,N,2026-05-14 19:40:00
23.67677,86.39938,2.63,N,2026-05-14 19:40:00
23.67713,86.07063,1.23,N,2026-05-14 19:40:00
23.67725,86.39538,2.75,N,2026-05-14 19:40:00
23.68138,86.39602,2.11,N,2026-05-14 19:40:00
23.68282,86.09514,2.4,N,2026-05-14 19:40:00
23.68567,82.80355,0.89,N,2026-05-14 19:40:00
23.686,86.39256,2.11,N,2026-05-14 19:40:00
23.68791,87.1189,1.35,N,2026-05-14 19:40:00
23.69186,87.1195,1.59,N,2026-05-14 19:40:00
23.69254,87.11403,1.59,N,2026-05-14 19:40:00
23.69322,87.10853,2.03,N,2026-05-14 19:40:00
23.69837,85.3678,1.4,N,2026-05-14 19:40:00
23.70468,77.88457,2.64,N,2026-05-14 19:40:00
23.70855,86.44917,2.2,N,2026-05-14 19:40:00
23.71267,86.44978,2.2,N,2026-05-14 19:40:00
23.71778,86.44236,1.41,N,2026-05-14 19:40:00
23.72042,85.00707,1.42,N,2026-05-14 19:40:00
23.7214,86.44702,1.58,N,2026-05-14 19:40:00
23.72239,86.43896,1.41,N,2026-05-14 19:40:00
23.72652,86.43956,1.85,N,2026-05-14 19:40:00
23.72964,86.44823,1.71,N,2026-05-14 19:40:00
23.733,86.43567,3.12,N,2026-05-14 19:40:00
23.73526,86.43674,1.89,N,2026-05-14 19:40:00
23.73576,86.43273,1.89,N,2026-05-14 19:40:00
23.7376,86.43227,3.12,N,2026-05-14 19:40:00
23.73849,85.0096,3.25,N,2026-05-14 19:40:00
23.73988,86.43335,1.89,N,2026-05-14 19:40:00
23.74491,85.50574,0.74,N,2026-05-14 19:40:00
23.75187,86.41803,1.9,N,2026-05-14 19:40:00
23.75234,86.41401,2.06,N,2026-05-14 19:40:00
23.75473,86.39365,1.47,N,2026-05-14 19:40:00
23.7579,86.40244,2.32,N,2026-05-14 19:40:00
23.75838,85.85347,2.3,N,2026-05-14 19:40:00
23.75839,86.39835,1.47,N,2026-05-14 19:40:00
23.76204,86.40307,2.82,N,2026-05-14 19:40:00
23.76252,86.39898,1.82,N,2026-05-14 19:40:00
23.76348,86.39085,2.16,N,2026-05-14 19:40:00
23.76618,86.40367,2.82,N,2026-05-14 19:40:00
23.76666,86.39959,1.82,N,2026-05-14 19:40:00
23.77031,86.40427,1.28,N,2026-05-14 19:40:00
23.7735,86.19613,1.91,N,2026-05-14 19:40:00
23.77511,86.36366,3.29,N,2026-05-14 19:40:00
23.77624,86.20924,1.79,N,2026-05-14 19:40:00
23.77636,86.38873,3.42,N,2026-05-14 19:40:00
23.77672,86.20508,1.79,N,2026-05-14 19:40:00
23.77684,86.38467,2.28,N,2026-05-14 19:40:00
23.77829,86.37244,1.17,N,2026-05-14 19:40:00
23.78002,86.39338,2.24,N,2026-05-14 19:40:00
23.78042,86.2099,1.79,N,2026-05-14 19:40:00
23.7805,86.38936,2.24,N,2026-05-14 19:40:00
23.78152,85.5773,2.2,N,2026-05-14 19:40:00
23.79316,86.35388,1.84,N,2026-05-14 19:40:00
23.79475,86.23296,1.4,N,2026-05-14 19:40:00
23.7973,86.35452,1.84,N,2026-05-14 19:40:00
23.79779,86.3504,1.84,N,2026-05-14 19:40:00
23.80022,86.33008,1.87,N,2026-05-14 19:40:00
23.80437,86.33068,1.7,N,2026-05-14 19:40:00
23.80487,86.32655,1.7,N,2026-05-14 19:40:00
23.80586,86.31828,2.56,N,2026-05-14 19:40:00
23.82206,85.49516,2.89,N,2026-05-14 19:40:00
23.82413,84.57143,5.97,N,2026-05-14 19:40:00
23.82878,84.57209,2.03,N,2026-05-14 19:40:00
23.83813,84.94947,2.25,N,2026-05-14 19:40:00
23.86736,77.51768,4.74,N,2026-05-14 19:40:00
23.94331,79.17144,0.84,N,2026-05-14 19:40:00
23.94379,77.60315,8.36,N,2026-05-14 19:40:00
23.94856,79.18964,1.45,N,2026-05-14 19:40:00
23.97721,79.24514,1.74,N,2026-05-14 19:40:00
24.11507,86.86034,1.12,N,2026-05-14 19:40:00
24.11515,86.85929,1.29,N,2026-05-14 19:40:00
24.13487,82.69308,2.02,N,2026-05-14 19:40:00
24.13616,82.6929,0.78,N,2026-05-14 19:40:00
24.14032,82.63299,1.99,N,2026-05-14 19:40:00
24.14202,82.63289,1.22,N,2026-05-14 19:40:00
24.14408,82.70907,2.03,N,2026-05-14 19:40:00
24.1449,82.65818,0.76,N,2026-05-14 19:40:00
24.14524,82.65472,0.76,N,2026-05-14 19:40:00
24.14527,82.70873,1.0,N,2026-05-14 19:40:00
24.15901,82.60429,1.46,N,2026-05-14 19:40:00
24.16208,82.62937,2.15,N,2026-05-14 19:40:00
24.16836,82.61927,1.31,N,2026-05-14 19:40:00
24.17605,82.65186,1.47,N,2026-05-14 19:40:00
24.20252,82.71107,2.02,N,2026-05-14 19:40:00
24.20284,82.70774,3.98,N,2026-05-14 19:40:00
24.20777,82.71198,2.02,N,2026-05-14 19:40:00
24.5102,77.56001,1.06,N,2026-05-14 19:40:00
24.51503,77.56,0.71,N,2026-05-14 19:40:00
24.53601,87.45741,1.82,N,2026-05-14 19:40:00
24.576,81.91064,4.44,N,2026-05-14 19:40:00
24.74456,80.38448,5.13,N,2026-05-14 19:40:00
24.9256,79.81183,1.13,N,2026-05-14 19:40:00
25.03003,87.37696,1.42,N,2026-05-14 19:40:00
25.03198,87.3943,1.02,N,2026-05-14 19:40:00
25.034,87.37753,1.42,N,2026-05-14 19:40:00
25.03466,87.37204,1.42,N,2026-05-14 19:40:00
25.32794,81.67123,0.7,N,2026-05-14 19:40:00
25.37321,81.25948,2.24,N,2026-05-14 19:40:00
25.53554,82.04218,1.33,N,2026-05-14 19:40:00
25.81903,79.47313,1.78,N,2026-05-14 19:40:00
25.82187,79.22863,2.04,N,2026-05-14 19:40:00
26.63844,79.47369,4.21,N,2026-05-14 19:40:00
26.64461,79.48038,5.79,N,2026-05-14 19:40:00
26.645,79.47423,4.21,N,2026-05-14 19:40:00
17.29499,82.336,0.6,N,2026-05-14 19:42:00
17.46267,80.65318,0.49,N,2026-05-14 19:42:00
17.6048,83.20205,4.83,N,2026-05-14 19:42:00
17.60656,83.20395,3.34,N,2026-05-14 19:42:00
17.60716,83.19876,4.51,N,2026-05-14 19:42:00
17.6095,83.20264,6.56,N,2026-05-14 19:42:00
17.61126,83.20455,5.05,N,2026-05-14 19:42:00
17.95521,80.78812,1.66,N,2026-05-14 19:42:00
17.97078,81.4132,0.36,N,2026-05-14 19:42:00
18.80915,83.82793,0.78,N,2026-05-14 19:42:00
18.80927,83.82648,1.38,N,2026-05-14 19:42:00
19.10229,82.16511,0.55,N,2026-05-14 19:42:00
19.1044,82.16354,0.76,N,2026-05-14 19:42:00
20.18829,78.82368,4.37,N,2026-05-14 19:42:00
20.1888,78.81816,4.37,N,2026-05-14 19:42:00
11.48941,77.68704,1.08,N,2026-05-14 19:45:00
15.17458,76.65495,1.97,N,2026-05-14 19:45:00
32.7203,72.92536,0.65,N,2026-05-14 21:18:00
32.88682,71.61699,1.07,N,2026-05-14 21:18:00
32.89021,71.61789,0.77,N,2026-05-14 21:18:00
33.23607,71.51564,0.62,N,2026-05-14 21:18:00
35.96671,68.6849,0.74,N,2026-05-14 21:18:00
35.97005,68.68561,0.74,N,2026-05-14 21:18:00
37.14478,79.49725,1.33,N,2026-05-14 21:18:00
23.40219,78.17735,1.51,N,2026-05-14 21:21:00
23.40229,78.17428,2.27,N,2026-05-14 21:21:00
23.40321,78.17297,1.58,N,2026-05-14 21:21:00
23.42346,78.21312,1.01,N,2026-05-14 21:21:00
23.48984,78.57648,0.54,N,2026-05-14 21:21:00
23.52281,77.86834,1.47,N,2026-05-14 21:21:00
23.53346,77.82275,1.66,N,2026-05-14 21:21:00
23.56437,77.79182,1.8,N,2026-05-14 21:21:00
23.58784,77.74143,1.64,N,2026-05-14 21:21:00
23.59008,78.69084,1.06,N,2026-05-14 21:21:00
23.59378,77.90623,1.41,N,2026-05-14 21:21:00
23.72206,78.41428,1.13,N,2026-05-14 21:21:00
23.73204,76.86301,2.56,N,2026-05-14 21:21:00
23.79402,78.51756,1.52,N,2026-05-14 21:21:00
23.86522,77.50977,1.55,N,2026-05-14 21:21:00
23.94134,77.74702,0.69,N,2026-05-14 21:21:00
23.94306,77.74995,0.63,N,2026-05-14 21:21:00
23.96389,79.48743,1.76,N,2026-05-14 21:21:00
23.96846,79.48898,2.44,N,2026-05-14 21:21:00
23.97213,77.81593,1.35,N,2026-05-14 21:21:00
23.97766,77.81744,1.21,N,2026-05-14 21:21:00
24.18278,77.53004,1.2,N,2026-05-14 21:21:00
24.4273,73.7626,1.75,N,2026-05-14 21:21:00
24.48273,77.14794,1.23,N,2026-05-14 21:21:00
24.63714,73.7608,2.76,N,2026-05-14 21:21:00
24.64146,73.76167,2.76,N,2026-05-14 21:21:00
24.65856,73.87697,1.33,N,2026-05-14 21:21:00
24.68967,73.00396,2.65,N,2026-05-14 21:21:00
24.75418,73.48918,0.58,N,2026-05-14 21:21:00
24.80136,76.48999,6.1,N,2026-05-14 21:21:00
24.9893,73.16509,0.64,N,2026-05-14 21:21:00
25.25318,76.49695,0.71,N,2026-05-14 21:21:00
25.28695,72.99812,1.44,N,2026-05-14 21:21:00
25.2879,72.99576,1.31,N,2026-05-14 21:21:00
25.29725,76.32343,2.11,N,2026-05-14 21:21:00
25.38692,68.58173,1.36,N,2026-05-14 21:21:00
25.44052,75.71954,2.57,N,2026-05-14 21:21:00
25.527,72.91113,0.53,N,2026-05-14 21:21:00
25.65079,76.55653,0.93,N,2026-05-14 21:21:00
25.77286,78.14011,0.88,N,2026-05-14 21:21:00
26.2566,74.09638,1.05,N,2026-05-14 21:21:00
26.64234,79.48058,2.64,N,2026-05-14 21:21:00
27.28837,73.83817,0.88,N,2026-05-14 21:21:00
27.53739,69.30992,2.23,N,2026-05-14 21:21:00
27.91549,69.6451,3.78,N,2026-05-14 21:21:00
27.91619,69.64104,3.78,N,2026-05-14 21:21:00
27.94119,69.45383,0.83,N,2026-05-14 21:21:00
28.05056,69.36758,0.85,N,2026-05-14 21:21:00
28.0539,69.36829,0.85,N,2026-05-14 21:21:00
28.0808,68.46969,1.16,N,2026-05-14 21:21:00
28.42566,69.69925,1.26,N,2026-05-14 21:21:00
17.67052,78.0586,1.17,N,2026-05-14 21:23:00
18.67946,73.0324,5.11,N,2026-05-14 21:23:00
18.68205,73.04346,2.94,N,2026-05-14 21:23:00
18.68506,73.0284,2.6,N,2026-05-14 21:23:00
18.69225,73.04045,4.49,N,2026-05-14 21:23:00
19.2451,74.07372,0.69,N,2026-05-14 21:23:00
19.36736,71.355,2.92,N,2026-05-14 21:23:00
19.36808,71.35114,2.92,N,2026-05-14 21:23:00
19.37144,71.35587,2.92,N,2026-05-14 21:23:00
19.37216,71.35201,2.92,N,2026-05-14 21:23:00
19.56195,74.06808,1.21,N,2026-05-14 21:23:00
19.86194,75.15662,1.65,N,2026-05-14 21:23:00
19.86707,75.15782,1.65,N,2026-05-14 21:23:00
19.9051,75.28417,1.75,N,2026-05-14 21:23:00
19.90516,75.28461,2.74,N,2026-05-14 21:23:00
20.08824,73.55309,0.66,N,2026-05-14 21:23:00
20.08832,75.54369,1.01,N,2026-05-14 21:23:00
20.35279,75.9816,0.61,N,2026-05-14 21:23:00
20.44508,75.30009,1.53,N,2026-05-14 21:23:00
20.44639,75.30067,1.35,N,2026-05-14 21:23:00
20.70196,75.17705,0.78,N,2026-05-14 21:23:00
20.82881,74.45255,1.75,N,2026-05-14 21:23:00
20.84795,79.84012,8.92,N,2026-05-14 21:23:00
20.85055,79.84064,3.12,N,2026-05-14 21:23:00
20.88477,74.05981,2.81,N,2026-05-14 21:23:00
20.90884,71.46056,0.95,N,2026-05-14 21:23:00
20.90956,71.45685,0.95,N,2026-05-14 21:23:00
21.09983,72.63587,2.67,N,2026-05-14 21:23:00
21.10236,72.64551,2.37,N,2026-05-14 21:23:00
21.1032,72.63451,4.89,N,2026-05-14 21:23:00
21.10411,72.63684,2.67,N,2026-05-14 21:23:00
21.10495,72.64853,5.08,N,2026-05-14 21:23:00
21.1058,72.64417,5.08,N,2026-05-14 21:23:00
21.10664,72.64648,7.94,N,2026-05-14 21:23:00
21.10748,72.63548,1.56,N,2026-05-14 21:23:00
21.10839,72.63779,1.67,N,2026-05-14 21:23:00
21.10926,72.63348,1.67,N,2026-05-14 21:23:00
21.11176,72.63644,1.56,N,2026-05-14 21:23:00
21.19885,74.12337,1.96,N,2026-05-14 21:23:00
21.33547,75.76823,3.1,N,2026-05-14 21:23:00
21.3359,75.76892,2.8,N,2026-05-14 21:23:00
21.4108,72.98727,1.71,N,2026-05-14 21:23:00
21.53524,71.71047,2.7,N,2026-05-14 21:23:00
21.6115,77.19892,3.24,N,2026-05-14 21:23:00
21.61531,77.18217,2.71,N,2026-05-14 21:23:00
21.63838,77.10651,2.64,N,2026-05-14 21:23:00
21.63931,77.10239,3.29,N,2026-05-14 21:23:00
21.6431,77.11173,2.42,N,2026-05-14 21:23:00
21.64402,77.10766,2.42,N,2026-05-14 21:23:00
21.6702,72.53925,0.3,N,2026-05-14 21:23:00
21.72233,75.54804,0.76,N,2026-05-14 21:23:00
21.77549,77.21527,2.7,N,2026-05-14 21:23:00
21.77773,77.21793,1.0,N,2026-05-14 21:23:00
21.77866,77.21391,1.61,N,2026-05-14 21:23:00
21.78112,77.21656,2.7,N,2026-05-14 21:23:00
21.89639,78.89038,0.94,N,2026-05-14 21:23:00
21.90065,75.90274,1.66,N,2026-05-14 21:23:00
21.90139,75.89938,1.66,N,2026-05-14 21:23:00
21.908,72.68124,0.67,N,2026-05-14 21:23:00
22.03382,78.96013,0.6,N,2026-05-14 21:23:00
22.03973,77.44608,1.0,N,2026-05-14 21:23:00
22.04374,77.44989,1.2,N,2026-05-14 21:23:00
22.04462,77.44595,2.62,N,2026-05-14 21:23:00
22.04529,77.44785,1.0,N,2026-05-14 21:23:00
22.04621,77.44392,2.09,N,2026-05-14 21:23:00
22.0761,76.81741,0.84,N,2026-05-14 21:23:00
22.07648,76.81661,1.04,N,2026-05-14 21:23:00
22.2645,75.13396,1.55,N,2026-05-14 21:23:00
22.26593,76.91728,1.72,N,2026-05-14 21:23:00
22.26635,76.91588,2.35,N,2026-05-14 21:23:00
22.26678,76.91346,2.33,N,2026-05-14 21:23:00
22.26723,76.91208,2.7,N,2026-05-14 21:23:00
22.32086,69.88123,1.91,N,2026-05-14 21:23:00
22.33209,69.7365,3.62,N,2026-05-14 21:23:00
22.37559,72.47832,1.67,N,2026-05-14 21:23:00
22.90945,69.69817,1.04,N,2026-05-14 21:23:00
22.92589,70.10783,4.73,N,2026-05-14 21:23:00
22.92756,69.82416,0.97,N,2026-05-14 21:23:00
22.92949,70.10859,4.73,N,2026-05-14 21:23:00
22.9307,69.70255,0.76,N,2026-05-14 21:23:00
22.93147,69.6982,0.76,N,2026-05-14 21:23:00
22.93501,69.69894,1.5,N,2026-05-14 21:23:00
22.97663,72.5667,1.09,N,2026-05-14 21:23:00
22.97741,72.56266,1.09,N,2026-05-14 21:23:00
22.97853,72.56589,2.17,N,2026-05-14 21:23:00
23.02917,79.50163,0.49,N,2026-05-14 21:23:00
23.03181,72.2769,0.6,N,2026-05-14 21:23:00
23.12203,70.08371,2.73,N,2026-05-14 21:23:00
23.25984,77.2413,1.56,N,2026-05-14 21:23:00
23.31074,77.14692,5.74,N,2026-05-14 21:23:00
23.31464,77.15107,8.11,N,2026-05-14 21:23:00
23.31553,70.48541,2.45,N,2026-05-14 21:23:00
23.34112,77.78693,2.71,N,2026-05-14 21:23:00
23.45227,77.35487,3.85,N,2026-05-14 21:23:00
23.48772,77.45094,4.2,N,2026-05-14 21:23:00
23.49577,76.43553,2.27,N,2026-05-14 21:23:00
23.77871,76.26936,0.73,N,2026-05-14 21:23:00
23.80453,74.36464,1.62,N,2026-05-14 21:23:00
23.80506,74.361,1.32,N,2026-05-14 21:23:00
23.84203,76.15181,0.28,N,2026-05-14 21:23:00
23.88719,74.37663,2.78,N,2026-05-14 21:23:00
23.92186,74.3693,1.84,N,2026-05-14 21:23:00
23.92285,74.36747,1.98,N,2026-05-14 21:23:00
15.17297,76.37508,1.55,N,2026-05-14 21:25:00
15.17658,76.65289,3.03,N,2026-05-14 21:25:00
15.17706,76.65739,2.21,N,2026-05-14 21:25:00
15.17811,76.65238,1.96,N,2026-05-14 21:25:00
18.6692,83.01091,9.3,D,2026-05-15 06:52:00
18.67093,83.01214,9.56,D,2026-05-15 06:52:00
18.88796,84.35443,5.27,D,2026-05-15 06:52:00
18.99551,84.29099,4.03,D,2026-05-15 06:52:00
18.99632,84.29549,5.91,D,2026-05-15 06:52:00
19.74046,84.91528,10.49,D,2026-05-15 06:52:00
19.84912,83.89207,9.04,D,2026-05-15 06:52:00
19.85103,83.89427,8.05,D,2026-05-15 06:52:00
19.90897,83.99773,6.97,D,2026-05-15 06:52:00
19.91413,83.99348,13.58,D,2026-05-15 06:52:00
24.36494,81.11385,2.49,D,2026-05-15 06:54:00
24.36671,81.1157,4.99,D,2026-05-15 06:54:00
24.48338,80.52902,4.06,D,2026-05-15 06:54:00
24.48531,80.87659,4.53,D,2026-05-15 06:54:00
24.51202,80.83741,7.13,D,2026-05-15 06:54:00
24.51922,80.39722,4.71,D,2026-05-15 06:54:00
24.52216,80.3957,2.74,D,2026-05-15 06:54:00
24.52439,80.55867,2.29,D,2026-05-15 06:54:00
24.53313,80.77631,5.81,D,2026-05-15 06:54:00
24.5377,80.77672,7.01,D,2026-05-15 06:54:00
24.63872,80.93729,3.7,D,2026-05-15 06:54:00
24.63966,80.93813,3.13,D,2026-05-15 06:54:00
24.67289,80.60606,7.22,D,2026-05-15 06:54:00
24.79884,80.99181,5.16,D,2026-05-15 06:54:00
24.80032,80.99333,7.5,D,2026-05-15 06:54:00
24.92284,84.16065,4.04,D,2026-05-15 06:54:00
24.92411,84.16215,2.53,D,2026-05-15 06:54:00
24.93317,82.15582,3.99,D,2026-05-15 06:54:00
25.02129,84.67888,3.26,D,2026-05-15 06:54:00
25.09231,83.6768,3.66,D,2026-05-15 06:54:00
25.09562,83.71624,1.96,D,2026-05-15 06:54:00
25.13101,84.3175,3.33,D,2026-05-15 06:54:00
25.17051,84.30632,4.35,D,2026-05-15 06:54:00
25.1711,84.3062,4.37,D,2026-05-15 06:54:00
25.22768,83.54085,2.62,D,2026-05-15 06:54:00
25.24783,84.4259,2.4,D,2026-05-15 06:54:00
25.29367,84.49372,8.43,D,2026-05-15 06:54:00
25.29395,84.4444,2.18,D,2026-05-15 06:54:00
25.32135,84.27359,2.47,D,2026-05-15 06:54:00
25.32291,84.45471,4.05,D,2026-05-15 06:54:00
25.32579,84.45332,3.74,D,2026-05-15 06:54:00
25.4395,83.72814,5.9,D,2026-05-15 06:54:00
25.44431,80.97922,3.14,D,2026-05-15 06:54:00
25.64542,83.82724,1.98,D,2026-05-15 06:54:00
25.69704,81.18324,3.14,D,2026-05-15 06:54:00
25.71408,80.0527,5.75,D,2026-05-15 06:54:00
25.7176,80.05022,3.55,D,2026-05-15 06:54:00
25.79521,80.05791,3.92,D,2026-05-15 06:54:00
25.8387,80.24514,4.66,D,2026-05-15 06:54:00
25.8903,80.07564,3.05,D,2026-05-15 06:54:00
26.64611,83.03184,2.59,D,2026-05-15 06:54:00
26.64229,79.47353,11.48,D,2026-05-15 06:57:00
26.64445,79.48134,11.48,D,2026-05-15 06:57:00
26.64616,79.47572,5.79,D,2026-05-15 06:57:00
26.71415,80.08462,4.3,D,2026-05-15 06:57:00
27.51037,79.91472,4.67,D,2026-05-15 06:57:00
27.58898,85.73848,3.53,D,2026-05-15 06:57:00
27.99637,83.59396,1.47,D,2026-05-15 06:57:00
13.36501,74.76374,3.27,D,2026-05-15 08:33:00
15.17804,76.65837,5.86,D,2026-05-15 08:33:00
15.29479,75.94096,3.96,D,2026-05-15 08:33:00
15.29779,75.93617,4.76,D,2026-05-15 08:33:00
15.3008,75.93137,4.76,D,2026-05-15 08:33:00
15.30439,75.93084,3.81,D,2026-05-15 08:33:00
15.30499,75.9351,3.81,D,2026-05-15 08:33:00
15.30673,75.97401,3.11,D,2026-05-15 08:33:00
15.30732,75.97827,3.11,D,2026-05-15 08:33:00
15.30978,75.9431,6.0,D,2026-05-15 08:33:00
15.31033,75.97349,5.28,D,2026-05-15 08:33:00
15.31037,75.94736,5.66,D,2026-05-15 08:33:00
15.3104,75.92125,3.35,D,2026-05-15 08:33:00
15.31099,75.92551,3.35,D,2026-05-15 08:33:00
15.31159,75.92977,3.81,D,2026-05-15 08:33:00
15.31218,75.93404,3.81,D,2026-05-15 08:33:00
15.3128,75.91222,3.73,D,2026-05-15 08:33:00
15.31335,75.96869,5.09,D,2026-05-15 08:33:00
15.31337,75.94257,4.86,D,2026-05-15 08:33:00
15.31394,75.97296,5.28,D,2026-05-15 08:33:00
15.31453,75.97722,5.28,D,2026-05-15 08:33:00
15.31459,75.92498,3.35,D,2026-05-15 08:33:00
15.31513,75.98148,3.13,D,2026-05-15 08:33:00
15.31518,75.92924,3.81,D,2026-05-15 08:33:00
15.31635,75.96389,3.26,D,2026-05-15 08:33:00
15.31638,75.93777,4.86,D,2026-05-15 08:33:00
15.31695,75.96815,3.26,D,2026-05-15 08:33:00
15.31697,75.94203,4.86,D,2026-05-15 08:33:00
15.31754,75.97242,3.09,D,2026-05-15 08:33:00
15.31757,75.9463,7.94,D,2026-05-15 08:33:00
15.31814,75.97668,3.09,D,2026-05-15 08:33:00
15.31873,75.98095,3.43,D,2026-05-15 08:33:00
15.31996,75.96336,3.26,D,2026-05-15 08:33:00
15.31998,75.93724,3.37,D,2026-05-15 08:33:00
15.32055,75.96762,3.26,D,2026-05-15 08:33:00
15.32115,75.97189,3.09,D,2026-05-15 08:33:00
15.32234,75.98042,3.43,D,2026-05-15 08:33:00
15.32356,75.96282,2.71,D,2026-05-15 08:33:00
15.32416,75.96709,2.71,D,2026-05-15 08:33:00
15.32595,75.97989,2.4,D,2026-05-15 08:33:00
15.32716,75.96228,2.71,D,2026-05-15 08:33:00
15.32776,75.96655,2.71,D,2026-05-15 08:33:00
15.32836,75.97082,3.09,D,2026-05-15 08:33:00
15.32837,75.94468,2.16,D,2026-05-15 08:33:00
15.32957,75.95322,4.74,D,2026-05-15 08:33:00
15.33136,75.96601,4.8,D,2026-05-15 08:33:00
15.33196,75.97029,3.84,D,2026-05-15 08:33:00
15.33737,75.95641,4.09,D,2026-05-15 08:33:00
15.33786,76.28003,2.41,D,2026-05-15 08:33:00
15.33797,75.96067,2.75,D,2026-05-15 08:33:00
15.33977,75.94734,5.6,D,2026-05-15 08:33:00
15.34037,75.95161,4.09,D,2026-05-15 08:33:00
15.34097,75.95588,4.09,D,2026-05-15 08:33:00
15.34157,75.96013,2.75,D,2026-05-15 08:33:00
15.34173,78.07841,4.46,D,2026-05-15 08:33:00
15.34277,75.94254,2.99,D,2026-05-15 08:33:00
15.34337,75.94681,2.99,D,2026-05-15 08:33:00
15.34397,75.95107,2.81,D,2026-05-15 08:33:00
15.34517,75.95959,2.37,D,2026-05-15 08:33:00
15.34818,75.9548,2.81,D,2026-05-15 08:33:00
15.34878,75.95906,2.37,D,2026-05-15 08:33:00
15.35178,75.95426,5.28,D,2026-05-15 08:33:00
15.35238,75.95853,4.04,D,2026-05-15 08:33:00
15.41309,80.00405,8.6,D,2026-05-15 08:33:00
15.55458,76.48479,4.94,D,2026-05-15 08:33:00
15.5583,76.48424,4.41,D,2026-05-15 08:33:00
15.57129,76.44046,4.16,D,2026-05-15 08:33:00
15.57191,76.445,4.16,D,2026-05-15 08:33:00
15.57562,76.44446,6.92,D,2026-05-15 08:33:00
15.60507,78.56777,5.1,D,2026-05-15 08:33:00
15.60511,78.56732,5.48,D,2026-05-15 08:33:00
15.61423,78.53794,7.14,D,2026-05-15 08:33:00
15.66054,78.56438,7.62,D,2026-05-15 08:33:00
15.67127,76.95222,9.23,D,2026-05-15 08:33:00
15.70388,78.59967,5.6,D,2026-05-15 08:33:00
15.70728,78.00144,5.62,D,2026-05-15 08:33:00
15.73449,78.54195,14.7,D,2026-05-15 08:33:00
15.79803,75.84518,3.8,D,2026-05-15 08:33:00
15.81207,78.37328,15.21,D,2026-05-15 08:33:00
15.82217,75.78085,2.89,D,2026-05-15 08:33:00
15.82276,75.78509,2.89,D,2026-05-15 08:33:00
15.82335,75.78933,3.67,D,2026-05-15 08:33:00
15.82394,75.79357,3.67,D,2026-05-15 08:33:00
15.82453,75.79782,5.28,D,2026-05-15 08:33:00
15.82517,75.77606,0.86,D,2026-05-15 08:33:00
15.8256,80.40518,5.54,D,2026-05-15 08:33:00
15.8256,80.40825,5.72,D,2026-05-15 08:33:00
15.82576,75.78031,2.89,D,2026-05-15 08:33:00
15.82635,75.78455,2.89,D,2026-05-15 08:33:00
15.82694,75.7888,3.67,D,2026-05-15 08:33:00
15.82753,75.79304,3.67,D,2026-05-15 08:33:00
15.82817,75.7713,3.19,D,2026-05-15 08:33:00
15.82876,75.77554,3.19,D,2026-05-15 08:33:00
15.82935,75.77978,3.63,D,2026-05-15 08:33:00
15.82973,80.39923,5.97,D,2026-05-15 08:33:00
15.82978,80.40229,12.15,D,2026-05-15 08:33:00
15.8304,80.40459,5.54,D,2026-05-15 08:33:00
15.83117,75.76654,3.1,D,2026-05-15 08:33:00
15.83176,75.77077,3.19,D,2026-05-15 08:33:00
15.83235,75.77499,3.19,D,2026-05-15 08:33:00
15.83294,75.77924,3.63,D,2026-05-15 08:33:00
15.83403,80.27242,11.92,D,2026-05-15 08:33:00
15.83416,75.76178,4.73,D,2026-05-15 08:33:00
15.83476,75.76601,4.73,D,2026-05-15 08:33:00
15.83653,75.77869,4.67,D,2026-05-15 08:33:00
15.85156,77.9064,8.22,D,2026-05-15 08:33:00
15.86088,76.79218,6.55,D,2026-05-15 08:33:00
15.88926,80.05495,3.89,D,2026-05-15 08:33:00
15.88989,80.05998,7.07,D,2026-05-15 08:33:00
15.89109,80.05654,6.96,D,2026-05-15 08:33:00
15.89395,80.05436,3.89,D,2026-05-15 08:33:00
15.89458,80.05942,7.07,D,2026-05-15 08:33:00
15.89579,80.05595,6.96,D,2026-05-15 08:33:00
15.89638,80.06104,10.76,D,2026-05-15 08:33:00
15.89928,80.05885,3.86,D,2026-05-15 08:33:00
15.95734,78.02463,4.54,D,2026-05-15 08:33:00
16.01211,78.02883,12.75,D,2026-05-15 08:33:00
16.03103,78.7123,6.01,D,2026-05-15 08:33:00
16.03309,80.855,4.75,D,2026-05-15 08:33:00
16.03474,78.70728,6.01,D,2026-05-15 08:33:00
16.03947,78.71008,4.93,D,2026-05-15 08:33:00
16.03996,78.71397,11.39,D,2026-05-15 08:33:00
16.04201,78.70975,4.17,D,2026-05-15 08:33:00
16.05016,80.53764,3.95,D,2026-05-15 08:33:00
16.06414,77.02505,6.83,D,2026-05-15 08:33:00
16.09455,80.55218,2.82,D,2026-05-15 08:33:00
16.10796,79.84563,6.79,D,2026-05-15 08:33:00
16.10855,79.85061,6.79,D,2026-05-15 08:33:00
16.11546,79.82959,6.16,D,2026-05-15 08:33:00
16.16243,79.82867,4.78,D,2026-05-15 08:33:00
16.16327,79.87402,14.25,D,2026-05-15 08:33:00
16.20238,79.8844,4.22,D,2026-05-15 08:33:00
16.21016,79.88529,13.02,D,2026-05-15 08:33:00
16.21466,80.8486,5.9,D,2026-05-15 08:33:00
16.21479,80.84774,4.04,D,2026-05-15 08:33:00
16.21607,80.86025,8.48,D,2026-05-15 08:33:00
16.21612,80.85941,5.19,D,2026-05-15 08:33:00
16.2252,79.8528,2.97,D,2026-05-15 08:33:00
16.23377,79.96465,2.0,D,2026-05-15 08:33:00
16.24026,79.97929,1.35,D,2026-05-15 08:33:00
16.24155,79.87096,3.44,D,2026-05-15 08:33:00
16.26765,80.04884,8.38,D,2026-05-15 08:33:00
16.26827,80.05404,4.54,D,2026-05-15 08:33:00
16.28649,76.84303,3.13,D,2026-05-15 08:33:00
16.28905,79.91115,2.94,D,2026-05-15 08:33:00
16.29035,77.1413,3.12,D,2026-05-15 08:33:00
16.29217,79.93652,3.18,D,2026-05-15 08:33:00
16.30217,80.5061,5.56,D,2026-05-15 08:33:00
16.30613,80.04067,4.9,D,2026-05-15 08:33:00
16.31245,79.93055,5.67,D,2026-05-15 08:33:00
16.31494,79.92847,3.08,D,2026-05-15 08:33:00
16.31907,80.65192,3.55,D,2026-05-15 08:33:00
16.32975,80.12542,2.37,D,2026-05-15 08:33:00
16.32991,80.12213,3.36,D,2026-05-15 08:33:00
16.39205,76.80013,5.92,D,2026-05-15 08:33:00
16.39639,77.49213,4.42,D,2026-05-15 08:33:00
16.4041,80.68491,5.89,D,2026-05-15 08:33:00
16.40424,80.06,8.25,D,2026-05-15 08:33:00
16.40527,77.43682,10.52,D,2026-05-15 08:33:00
16.41198,76.48734,5.31,D,2026-05-15 08:33:00
16.41211,76.57703,3.39,D,2026-05-15 08:33:00
16.4125,76.5787,3.69,D,2026-05-15 08:33:00
16.41303,76.78252,2.72,D,2026-05-15 08:33:00
16.41846,78.52597,5.13,D,2026-05-15 08:33:00
16.42379,76.63551,2.69,D,2026-05-15 08:33:00
16.42442,76.6385,2.43,D,2026-05-15 08:33:00
16.43121,80.03255,4.33,D,2026-05-15 08:33:00
16.43476,80.03511,5.43,D,2026-05-15 08:33:00
16.45475,78.40607,4.62,D,2026-05-15 08:33:00
16.45501,79.79178,2.82,D,2026-05-15 08:33:00
16.45665,76.67966,3.32,D,2026-05-15 08:33:00
16.45726,80.05045,2.17,D,2026-05-15 08:33:00
16.46199,80.04983,7.94,D,2026-05-15 08:33:00
16.46874,79.74973,5.06,D,2026-05-15 08:33:00
16.48032,79.65336,1.18,D,2026-05-15 08:33:00
16.48652,76.72943,0.99,D,2026-05-15 08:33:00
16.50581,77.44695,3.89,D,2026-05-15 08:33:00
16.50838,77.43573,7.35,D,2026-05-15 08:33:00
16.51072,78.44017,3.47,D,2026-05-15 08:33:00
16.51671,76.5556,2.04,D,2026-05-15 08:33:00
16.53108,80.73128,4.41,D,2026-05-15 08:33:00
16.53495,76.57735,1.26,D,2026-05-15 08:33:00
16.53692,77.43716,8.99,D,2026-05-15 08:33:00
16.53888,77.43433,18.24,D,2026-05-15 08:33:00
16.56733,78.2113,6.04,D,2026-05-15 08:33:00
16.57066,76.47079,5.12,D,2026-05-15 08:33:00
16.57151,78.21071,6.04,D,2026-05-15 08:33:00
16.58201,76.49802,3.18,D,2026-05-15 08:33:00
16.58577,76.49747,3.18,D,2026-05-15 08:33:00
16.61976,76.51937,6.79,D,2026-05-15 08:33:00
16.61977,76.52148,4.73,D,2026-05-15 08:33:00
16.65725,73.6977,13.75,D,2026-05-15 08:33:00
16.65779,73.70139,9.02,D,2026-05-15 08:33:00
16.66006,73.69349,13.75,D,2026-05-15 08:33:00
16.6606,73.69716,13.75,D,2026-05-15 08:33:00
16.66114,73.70084,9.02,D,2026-05-15 08:33:00
16.66167,73.70451,9.02,D,2026-05-15 08:33:00
16.71369,81.18076,5.62,D,2026-05-15 08:33:00
16.74093,76.50819,3.71,D,2026-05-15 08:33:00
16.74156,76.51296,3.71,D,2026-05-15 08:33:00
16.74471,76.50768,2.39,D,2026-05-15 08:33:00
16.77939,76.56596,3.66,D,2026-05-15 08:33:00
16.7795,75.71365,5.88,D,2026-05-15 08:33:00
16.78604,82.08218,2.35,D,2026-05-15 08:33:00
16.79145,81.40367,9.21,D,2026-05-15 08:33:00
16.79261,81.40372,7.76,D,2026-05-15 08:33:00
16.79401,80.51558,5.17,D,2026-05-15 08:33:00
16.79423,82.00508,8.21,D,2026-05-15 08:33:00
16.79539,82.01577,8.58,D,2026-05-15 08:33:00
16.79577,82.01933,8.58,D,2026-05-15 08:33:00
16.79624,80.51804,4.66,D,2026-05-15 08:33:00
16.79887,82.04795,5.3,D,2026-05-15 08:33:00
16.79926,82.00092,8.92,D,2026-05-15 08:33:00
16.80081,82.01514,2.37,D,2026-05-15 08:33:00
16.81863,82.0276,2.91,D,2026-05-15 08:33:00
16.84471,82.06465,5.27,D,2026-05-15 08:33:00
16.85198,82.03109,3.27,D,2026-05-15 08:33:00
16.854,82.03189,6.45,D,2026-05-15 08:33:00
16.857,82.02691,3.5,D,2026-05-15 08:33:00
16.8576,82.08146,4.68,D,2026-05-15 08:33:00
16.85927,82.08232,3.83,D,2026-05-15 08:33:00
16.86207,82.05645,3.14,D,2026-05-15 08:33:00
16.86293,80.49294,4.39,D,2026-05-15 08:33:00
16.86305,82.08085,5.75,D,2026-05-15 08:33:00
16.86472,82.0817,3.83,D,2026-05-15 08:33:00
16.86867,80.98721,1.44,D,2026-05-15 08:33:00
16.88283,81.94201,3.84,D,2026-05-15 08:33:00
16.94207,82.03285,3.42,D,2026-05-15 08:33:00
16.94751,82.03226,3.42,D,2026-05-15 08:33:00
16.9479,82.03585,6.16,D,2026-05-15 08:33:00
16.9518,79.80182,4.09,D,2026-05-15 08:33:00
16.9757,80.8538,12.56,D,2026-05-15 08:33:00
16.99072,82.12279,7.07,D,2026-05-15 08:33:00
16.99113,82.12643,8.48,D,2026-05-15 08:33:00
16.9915,82.12473,11.2,D,2026-05-15 08:33:00
16.9923,80.32468,3.79,D,2026-05-15 08:33:00
17.00533,73.62699,4.42,D,2026-05-15 08:33:00
17.00722,80.86212,15.22,D,2026-05-15 08:33:00
17.01739,80.24328,3.82,D,2026-05-15 08:33:00
17.03112,80.80449,1.99,D,2026-05-15 08:33:00
17.03909,80.83717,11.9,D,2026-05-15 08:33:00
17.04031,80.83962,11.85,D,2026-05-15 08:33:00
17.04411,80.83656,8.36,D,2026-05-15 08:33:00
17.04477,80.84256,8.36,D,2026-05-15 08:33:00
17.04533,80.83904,11.85,D,2026-05-15 08:33:00
17.04797,80.99397,2.82,D,2026-05-15 08:33:00
17.06248,81.64108,2.74,D,2026-05-15 08:33:00
17.07929,81.74664,4.74,D,2026-05-15 08:33:00
17.08594,81.65905,3.3,D,2026-05-15 08:33:00
17.0905,81.65163,2.4,D,2026-05-15 08:33:00
17.10614,80.66759,8.18,D,2026-05-15 08:33:00
17.11044,81.35547,4.33,D,2026-05-15 08:33:00
17.1109,81.35648,3.94,D,2026-05-15 08:33:00
17.13272,81.74056,3.12,D,2026-05-15 08:33:00
17.13729,80.80701,5.32,D,2026-05-15 08:33:00
17.13753,80.80721,4.68,D,2026-05-15 08:33:00
17.14234,80.67523,8.43,D,2026-05-15 08:33:00
17.14305,80.67472,4.63,D,2026-05-15 08:33:00
17.14802,80.67407,4.63,D,2026-05-15 08:33:00
17.16321,81.64484,3.7,D,2026-05-15 08:33:00
17.20762,81.60865,8.58,D,2026-05-15 08:33:00
17.208,81.61208,7.22,D,2026-05-15 08:33:00
17.21254,81.60462,13.77,D,2026-05-15 08:33:00
17.21292,81.60804,13.77,D,2026-05-15 08:33:00
17.2133,81.61147,6.87,D,2026-05-15 08:33:00
17.21368,81.61488,6.87,D,2026-05-15 08:33:00
17.21895,81.80988,5.61,D,2026-05-15 08:33:00
17.21899,81.61427,6.87,D,2026-05-15 08:33:00
17.28192,81.27299,5.35,D,2026-05-15 08:33:00
17.30063,77.42493,3.37,D,2026-05-15 08:33:00
17.32494,81.42349,2.0,D,2026-05-15 08:33:00
17.3743,79.64471,2.67,D,2026-05-15 08:33:00
17.44364,75.84424,2.85,D,2026-05-15 08:33:00
17.48198,79.10991,3.56,D,2026-05-15 08:33:00
17.51122,73.82355,5.25,D,2026-05-15 08:33:00
17.52196,80.85176,1.72,D,2026-05-15 08:33:00
17.54469,78.67976,5.4,D,2026-05-15 08:33:00
17.54833,78.67824,5.75,D,2026-05-15 08:33:00
17.56342,79.39828,4.1,D,2026-05-15 08:33:00
17.57811,79.64494,3.58,D,2026-05-15 08:33:00
17.63229,79.38952,4.51,D,2026-05-15 08:33:00
17.64005,79.76764,5.73,D,2026-05-15 08:33:00
17.64313,75.72682,1.8,D,2026-05-15 08:33:00
17.66432,75.0193,8.22,D,2026-05-15 08:33:00
17.69016,80.36762,5.22,D,2026-05-15 08:33:00
17.72066,77.9051,7.04,D,2026-05-15 08:33:00
17.72163,75.78945,3.64,D,2026-05-15 08:33:00
17.73481,81.24342,4.74,D,2026-05-15 08:33:00
17.73515,81.24305,4.37,D,2026-05-15 08:33:00
17.8572,77.90375,12.32,D,2026-05-15 08:33:00
17.89716,78.0126,4.33,D,2026-05-15 08:33:00
17.92809,78.02076,3.58,D,2026-05-15 08:33:00
17.93177,81.15265,1.6,D,2026-05-15 08:33:00
17.93263,81.15352,1.91,D,2026-05-15 08:33:00
17.93637,78.12324,4.8,D,2026-05-15 08:33:00
17.93688,78.12738,4.25,D,2026-05-15 08:33:00
17.95867,79.67165,5.74,D,2026-05-15 08:33:00
17.96396,79.92262,7.93,D,2026-05-15 08:33:00
17.98262,78.0798,5.5,D,2026-05-15 08:33:00
17.98512,79.8102,3.92,D,2026-05-15 08:33:00
17.98685,78.07928,4.02,D,2026-05-15 08:33:00
17.99253,79.71519,7.3,D,2026-05-15 08:33:00
17.99344,79.76276,7.77,D,2026-05-15 08:33:00
17.99348,79.71331,4.95,D,2026-05-15 08:33:00
17.99407,79.71853,4.95,D,2026-05-15 08:33:00
17.99407,79.76807,7.77,D,2026-05-15 08:33:00
17.99464,79.76626,14.19,D,2026-05-15 08:33:00
18.00526,79.69059,3.51,D,2026-05-15 08:33:00
18.00645,79.70107,3.89,D,2026-05-15 08:33:00
18.00705,79.70631,3.89,D,2026-05-15 08:33:00
18.00708,77.93288,2.69,D,2026-05-15 08:33:00
18.01062,79.73778,4.76,D,2026-05-15 08:33:00
18.01121,79.743,11.05,D,2026-05-15 08:33:00
18.01583,79.65774,8.43,D,2026-05-15 08:33:00
18.01642,79.66292,8.43,D,2026-05-15 08:33:00
18.0224,79.71501,3.61,D,2026-05-15 08:33:00
18.03163,79.62954,2.01,D,2026-05-15 08:33:00
18.03535,79.70282,7.85,D,2026-05-15 08:33:00
18.03548,79.74545,6.33,D,2026-05-15 08:33:00
18.04021,79.74487,6.33,D,2026-05-15 08:33:00
18.04494,79.74432,4.1,D,2026-05-15 08:33:00
18.07257,78.04755,7.34,D,2026-05-15 08:33:00
18.08447,78.10842,12.0,D,2026-05-15 08:33:00
18.10124,78.17338,4.27,D,2026-05-15 08:33:00
18.1036,78.0891,4.33,D,2026-05-15 08:33:00
18.10487,78.2024,5.41,D,2026-05-15 08:33:00
18.10914,78.20184,4.21,D,2026-05-15 08:33:00
18.1224,78.23824,6.09,D,2026-05-15 08:33:00
18.13013,78.16995,5.36,D,2026-05-15 08:33:00
18.13907,79.63458,6.15,D,2026-05-15 08:33:00
18.1417,79.74033,7.05,D,2026-05-15 08:33:00
18.14476,78.40354,2.47,D,2026-05-15 08:33:00
18.21003,79.78796,14.74,D,2026-05-15 08:33:00
18.21019,79.79091,12.43,D,2026-05-15 08:33:00
17.61915,73.57787,2.53,D,2026-05-15 08:35:00
17.6197,73.5816,2.53,D,2026-05-15 08:35:00
17.62251,73.57732,2.53,D,2026-05-15 08:35:00
17.69008,73.47529,6.69,D,2026-05-15 08:35:00
17.69015,73.45251,4.84,D,2026-05-15 08:35:00
17.69344,73.47476,4.69,D,2026-05-15 08:35:00
17.74107,73.48273,4.85,D,2026-05-15 08:35:00
17.89791,73.2181,3.77,D,2026-05-15 08:35:00
17.89845,73.22179,11.55,D,2026-05-15 08:35:00
17.89899,73.22547,11.55,D,2026-05-15 08:35:00
17.90013,75.57009,7.31,D,2026-05-15 08:35:00
17.90125,73.21757,3.77,D,2026-05-15 08:35:00
17.90179,73.22125,11.55,D,2026-05-15 08:35:00
17.90233,73.22494,11.55,D,2026-05-15 08:35:00
17.90377,75.56955,6.87,D,2026-05-15 08:35:00
17.90513,73.22072,3.94,D,2026-05-15 08:35:00
17.90748,73.1902,5.25,D,2026-05-15 08:35:00
18.08076,73.9528,6.11,D,2026-05-15 08:35:00
18.14416,76.46243,9.79,D,2026-05-15 08:35:00
18.14643,78.19744,4.89,D,2026-05-15 08:35:00
18.14993,78.15463,3.2,D,2026-05-15 08:35:00
18.1502,78.19268,4.89,D,2026-05-15 08:35:00
18.15418,78.15406,3.2,D,2026-05-15 08:35:00
18.1559,78.13264,5.07,D,2026-05-15 08:35:00
18.20538,78.11336,5.06,D,2026-05-15 08:35:00
18.20962,78.11278,5.06,D,2026-05-15 08:35:00
18.23869,78.11337,4.65,D,2026-05-15 08:35:00
18.28834,78.06064,4.89,D,2026-05-15 08:35:00
18.29258,78.06006,4.89,D,2026-05-15 08:35:00
18.29647,79.3969,7.45,D,2026-05-15 08:35:00
18.29704,79.40194,18.45,D,2026-05-15 08:35:00
18.30111,79.39635,7.45,D,2026-05-15 08:35:00
18.3027,78.03764,3.93,D,2026-05-15 08:35:00
18.30387,77.87079,2.74,D,2026-05-15 08:35:00
18.30723,78.10827,11.13,D,2026-05-15 08:35:00
18.30775,78.11245,12.56,D,2026-05-15 08:35:00
18.3086,79.29908,11.93,D,2026-05-15 08:35:00
18.31149,78.10772,3.98,D,2026-05-15 08:35:00
18.31321,79.29852,5.02,D,2026-05-15 08:35:00
18.31574,78.10715,3.98,D,2026-05-15 08:35:00
18.32015,77.86456,3.98,D,2026-05-15 08:35:00
18.32064,77.86859,3.98,D,2026-05-15 08:35:00
18.32903,77.8675,7.36,D,2026-05-15 08:35:00
18.32952,77.87153,5.14,D,2026-05-15 08:35:00
18.33013,79.40309,9.98,D,2026-05-15 08:35:00
18.33418,79.39747,9.56,D,2026-05-15 08:35:00
18.34246,78.72228,3.82,D,2026-05-15 08:35:00
18.34621,79.34002,3.82,D,2026-05-15 08:35:00
18.3468,79.34503,6.11,D,2026-05-15 08:35:00
18.37044,77.85793,3.93,D,2026-05-15 08:35:00
18.37094,77.86193,3.93,D,2026-05-15 08:35:00
18.37128,77.79688,1.7,D,2026-05-15 08:35:00
18.37394,79.33654,4.11,D,2026-05-15 08:35:00
18.37463,77.85738,3.93,D,2026-05-15 08:35:00
18.37513,77.86137,3.93,D,2026-05-15 08:35:00
18.37566,78.84879,3.33,D,2026-05-15 08:35:00
18.37727,79.33787,2.12,D,2026-05-15 08:35:00
18.39493,77.98543,7.79,D,2026-05-15 08:35:00
18.40942,78.97802,11.81,D,2026-05-15 08:35:00
18.4193,77.76618,4.19,D,2026-05-15 08:35:00
18.42347,77.76562,4.04,D,2026-05-15 08:35:00
18.42395,77.76961,7.2,D,2026-05-15 08:35:00
18.4367,77.66766,6.68,D,2026-05-15 08:35:00
18.44391,79.3858,1.92,D,2026-05-15 08:35:00
18.44638,77.61069,6.71,D,2026-05-15 08:35:00
18.44687,77.61456,12.25,D,2026-05-15 08:35:00
18.51634,78.53687,0.98,D,2026-05-15 08:35:00
18.52187,79.42089,5.3,D,2026-05-15 08:35:00
18.52466,78.89388,4.34,D,2026-05-15 08:35:00
18.52476,78.64623,17.96,D,2026-05-15 08:35:00
18.52529,78.65079,39.29,D,2026-05-15 08:35:00
18.52972,78.65026,2.1,D,2026-05-15 08:35:00
18.5306,79.4146,10.36,D,2026-05-15 08:35:00
18.53526,79.41403,10.36,D,2026-05-15 08:35:00
18.53796,77.86013,1.37,D,2026-05-15 08:35:00
18.54915,79.37116,3.73,D,2026-05-15 08:35:00
18.57724,72.24187,3.27,D,2026-05-15 08:35:00
18.57905,73.06579,6.07,D,2026-05-15 08:35:00
18.59467,73.26529,1.41,D,2026-05-15 08:35:00
18.59976,78.48789,4.25,D,2026-05-15 08:35:00
18.61302,78.97016,4.24,D,2026-05-15 08:35:00
18.6173,78.37397,2.63,D,2026-05-15 08:35:00
18.61745,78.08749,4.09,D,2026-05-15 08:35:00
18.62095,78.15115,8.11,D,2026-05-15 08:35:00
18.62172,78.08698,6.4,D,2026-05-15 08:35:00
18.62271,78.38217,3.49,D,2026-05-15 08:35:00
18.62799,78.28012,5.91,D,2026-05-15 08:35:00
18.62852,78.28445,5.91,D,2026-05-15 08:35:00
18.64427,78.45092,3.26,D,2026-05-15 08:35:00
18.64955,78.31256,7.88,D,2026-05-15 08:35:00
18.65446,77.86962,5.76,D,2026-05-15 08:35:00
18.66807,78.53733,4.22,D,2026-05-15 08:35:00
18.67159,78.4564,7.55,D,2026-05-15 08:35:00
18.67502,78.70744,5.66,D,2026-05-15 08:35:00
18.68225,73.03381,4.23,D,2026-05-15 08:35:00
18.68669,73.04068,8.33,D,2026-05-15 08:35:00
18.70617,78.81624,7.8,D,2026-05-15 08:35:00
18.70673,78.82084,7.8,D,2026-05-15 08:35:00
18.71235,78.71696,3.08,D,2026-05-15 08:35:00
18.71321,78.24755,3.57,D,2026-05-15 08:35:00
18.71394,78.51463,5.95,D,2026-05-15 08:35:00
18.71701,76.65092,6.33,D,2026-05-15 08:35:00
18.71904,78.7348,4.37,D,2026-05-15 08:35:00
18.72416,78.7586,9.03,D,2026-05-15 08:35:00
18.72631,78.75725,9.25,D,2026-05-15 08:35:00
18.7368,78.44428,4.0,D,2026-05-15 08:35:00
18.74233,77.14264,3.55,D,2026-05-15 08:35:00
18.74548,77.98418,1.55,D,2026-05-15 08:35:00
18.7463,77.9865,2.57,D,2026-05-15 08:35:00
18.751,78.75532,6.25,D,2026-05-15 08:35:00
18.76199,78.81084,2.47,D,2026-05-15 08:35:00
18.76747,78.66447,7.95,D,2026-05-15 08:35:00
18.77094,80.16001,4.46,D,2026-05-15 08:35:00
18.77326,80.16323,3.59,D,2026-05-15 08:35:00
18.78572,79.40832,3.87,D,2026-05-15 08:35:00
18.79404,73.22112,2.43,D,2026-05-15 08:35:00
18.79459,73.22487,2.43,D,2026-05-15 08:35:00
18.79739,73.22052,2.14,D,2026-05-15 08:35:00
18.79794,73.22427,2.14,D,2026-05-15 08:35:00
18.81507,73.65377,5.85,D,2026-05-15 08:35:00
18.82326,78.94293,4.92,D,2026-05-15 08:35:00
18.82377,78.87019,6.75,D,2026-05-15 08:35:00
18.8278,78.94237,4.92,D,2026-05-15 08:35:00
18.83643,78.23416,1.51,D,2026-05-15 08:35:00
18.84614,79.05799,2.41,D,2026-05-15 08:35:00
18.87446,78.43831,3.33,D,2026-05-15 08:35:00
18.90109,78.21294,4.9,D,2026-05-15 08:35:00
18.91153,73.38262,4.0,D,2026-05-15 08:35:00
18.91243,82.61166,2.25,D,2026-05-15 08:35:00
18.92591,77.98589,6.08,D,2026-05-15 08:35:00
18.93188,73.69341,5.79,D,2026-05-15 08:35:00
18.93984,77.95873,4.81,D,2026-05-15 08:35:00
18.94366,82.75484,8.97,D,2026-05-15 08:35:00
18.94448,82.75506,8.7,D,2026-05-15 08:35:00
18.94626,77.94098,3.69,D,2026-05-15 08:35:00
18.95002,77.94106,4.44,D,2026-05-15 08:35:00
18.95462,78.01683,4.77,D,2026-05-15 08:35:00
18.99027,75.70593,4.32,D,2026-05-15 08:35:00
18.99688,77.30164,1.15,D,2026-05-15 08:35:00
19.00448,73.49937,4.14,D,2026-05-15 08:35:00
19.00549,73.49911,4.18,D,2026-05-15 08:35:00
19.03058,78.67439,5.17,D,2026-05-15 08:35:00
19.03166,76.95873,4.67,D,2026-05-15 08:35:00
19.03334,76.95708,9.1,D,2026-05-15 08:35:00
19.03565,76.95818,4.67,D,2026-05-15 08:35:00
19.05375,73.21323,1.35,D,2026-05-15 08:35:00
19.058,78.22414,13.1,D,2026-05-15 08:35:00
19.07491,73.47661,6.89,D,2026-05-15 08:35:00
19.10351,73.40651,2.49,D,2026-05-15 08:35:00
19.10416,82.16703,3.28,D,2026-05-15 08:35:00
19.11379,79.00185,3.09,D,2026-05-15 08:35:00
19.12057,78.00347,7.53,D,2026-05-15 08:35:00
19.12108,78.00767,7.53,D,2026-05-15 08:35:00
19.12447,78.07172,3.0,D,2026-05-15 08:35:00
19.13956,73.7317,4.44,D,2026-05-15 08:35:00
19.1401,73.73548,4.44,D,2026-05-15 08:35:00
19.14132,78.2489,2.84,D,2026-05-15 08:35:00
19.14155,77.96218,6.62,D,2026-05-15 08:35:00
19.14267,78.07796,8.12,D,2026-05-15 08:35:00
19.1435,73.73489,3.85,D,2026-05-15 08:35:00
19.14567,78.24834,2.84,D,2026-05-15 08:35:00
19.15422,78.2829,3.32,D,2026-05-15 08:35:00
19.15527,78.29166,7.81,D,2026-05-15 08:35:00
19.17878,77.99314,7.2,D,2026-05-15 08:35:00
19.18284,77.95413,12.98,D,2026-05-15 08:35:00
19.18489,77.89867,6.65,D,2026-05-15 08:35:00
19.20216,78.24105,3.14,D,2026-05-15 08:35:00
19.20238,77.90054,7.05,D,2026-05-15 08:35:00
19.20288,77.90471,7.05,D,2026-05-15 08:35:00
19.21297,77.98851,6.05,D,2026-05-15 08:35:00
19.21485,78.26357,18.18,D,2026-05-15 08:35:00
19.21797,73.552,3.33,D,2026-05-15 08:35:00
19.22303,78.25799,3.23,D,2026-05-15 08:35:00
19.23997,77.92525,7.55,D,2026-05-15 08:35:00
19.24016,73.26829,2.3,D,2026-05-15 08:35:00
19.24064,78.22015,3.36,D,2026-05-15 08:35:00
19.26489,77.95168,2.81,D,2026-05-15 08:35:00
19.26756,77.95145,3.02,D,2026-05-15 08:35:00
19.26805,77.95565,3.02,D,2026-05-15 08:35:00
19.26902,74.7709,5.8,D,2026-05-15 08:35:00
19.26967,77.95528,2.81,D,2026-05-15 08:35:00
19.30605,79.50523,11.12,D,2026-05-15 08:35:00
19.3319,78.31517,5.69,D,2026-05-15 08:35:00
19.33628,78.31472,7.48,D,2026-05-15 08:35:00
19.37175,71.35477,4.13,D,2026-05-15 08:35:00
19.41827,73.61064,6.91,D,2026-05-15 08:35:00
19.42488,73.46405,5.25,D,2026-05-15 08:35:00
19.52297,75.37878,4.03,D,2026-05-15 08:35:00
19.55319,84.08449,3.84,D,2026-05-15 08:35:00
19.55817,76.94203,13.29,D,2026-05-15 08:35:00
19.56348,83.24303,10.2,D,2026-05-15 08:35:00
19.56951,83.24214,10.2,D,2026-05-15 08:35:00
19.57877,73.5143,11.55,D,2026-05-15 08:35:00
19.57932,73.51814,11.55,D,2026-05-15 08:35:00
19.58051,80.1473,14.25,D,2026-05-15 08:35:00
19.58556,73.51319,24.36,D,2026-05-15 08:35:00
19.58611,73.51704,24.36,D,2026-05-15 08:35:00
19.58895,73.51264,7.73,D,2026-05-15 08:35:00
19.5895,73.51648,7.73,D,2026-05-15 08:35:00
19.62886,73.99368,10.75,D,2026-05-15 08:35:00
19.64476,73.41329,4.12,D,2026-05-15 08:35:00
19.64562,76.60561,14.47,D,2026-05-15 08:35:00
19.64654,76.60806,8.96,D,2026-05-15 08:35:00
19.65189,79.73766,7.8,D,2026-05-15 08:35:00
19.65251,79.74324,10.37,D,2026-05-15 08:35:00
19.65706,73.59949,1.86,D,2026-05-15 08:35:00
19.66225,79.48471,11.55,D,2026-05-15 08:35:00
19.66241,79.48775,10.81,D,2026-05-15 08:35:00
19.66448,78.67697,5.35,D,2026-05-15 08:35:00
19.66899,78.67644,5.35,D,2026-05-15 08:35:00
19.70184,73.01206,3.56,D,2026-05-15 08:35:00
19.70486,82.98647,5.55,D,2026-05-15 08:35:00
19.70779,77.96517,5.72,D,2026-05-15 08:35:00
19.70916,79.51684,7.55,D,2026-05-15 08:35:00
19.70997,77.96641,7.41,D,2026-05-15 08:35:00
19.71393,79.51625,12.83,D,2026-05-15 08:35:00
19.72595,79.62491,11.32,D,2026-05-15 08:35:00
19.72656,79.63044,11.32,D,2026-05-15 08:35:00
19.73076,79.62437,11.32,D,2026-05-15 08:35:00
19.7487,75.75469,8.1,D,2026-05-15 08:35:00
19.7527,73.19716,5.67,D,2026-05-15 08:35:00
19.75325,73.20095,5.67,D,2026-05-15 08:35:00
19.77212,77.62277,9.16,D,2026-05-15 08:35:00
19.77264,77.62292,6.39,D,2026-05-15 08:35:00
19.78627,80.73354,5.46,D,2026-05-15 08:35:00
19.79106,80.72943,12.84,D,2026-05-15 08:35:00
19.79141,80.73267,38.25,D,2026-05-15 08:35:00
19.79222,80.73044,19.34,D,2026-05-15 08:35:00
19.79276,83.91895,4.4,D,2026-05-15 08:35:00
19.79588,83.91862,3.43,D,2026-05-15 08:35:00
19.81552,73.22572,1.75,D,2026-05-15 08:35:00
19.83029,83.94786,13.1,D,2026-05-15 08:35:00
19.83393,80.72897,3.48,D,2026-05-15 08:35:00
19.8423,80.51197,2.1,D,2026-05-15 08:35:00
19.85062,72.7729,1.64,D,2026-05-15 08:35:00
19.86009,83.99606,21.96,D,2026-05-15 08:35:00
19.86057,84.0015,20.27,D,2026-05-15 08:35:00
19.87377,73.65321,2.85,D,2026-05-15 08:35:00
19.89087,77.32912,4.07,D,2026-05-15 08:35:00
19.89499,77.32846,6.1,D,2026-05-15 08:35:00
19.92612,79.59669,13.72,D,2026-05-15 08:35:00
19.98792,77.95259,6.29,D,2026-05-15 08:35:00
19.99433,79.81533,5.09,D,2026-05-15 08:35:00
20.01009,76.17969,7.83,D,2026-05-15 08:35:00
20.02601,80.3867,2.98,D,2026-05-15 08:35:00
20.05374,80.60098,2.43,D,2026-05-15 08:35:00
20.0876,73.936,1.23,D,2026-05-15 08:35:00
20.08823,74.61472,4.47,D,2026-05-15 08:35:00
20.10579,73.76555,2.18,D,2026-05-15 08:35:00
20.17628,78.60097,11.56,D,2026-05-15 08:35:00
20.19215,78.50333,10.71,D,2026-05-15 08:35:00
20.29343,75.14405,6.71,D,2026-05-15 08:35:00
20.32253,79.55067,7.23,D,2026-05-15 08:35:00
20.32377,79.5522,9.06,D,2026-05-15 08:35:00
20.33023,75.22836,3.66,D,2026-05-15 08:35:00
20.33389,75.22771,4.62,D,2026-05-15 08:35:00
20.37793,78.38311,10.24,D,2026-05-15 08:35:00
20.37806,76.32898,12.21,D,2026-05-15 08:35:00
20.4149,79.99881,31.79,D,2026-05-15 08:35:00
20.43255,72.9625,1.49,D,2026-05-15 08:35:00
20.43592,72.96194,2.32,D,2026-05-15 08:35:00
20.45281,79.88675,3.06,D,2026-05-15 08:35:00
20.4548,79.89047,5.71,D,2026-05-15 08:35:00
20.53854,79.77193,4.12,D,2026-05-15 08:35:00
20.54126,79.76834,6.01,D,2026-05-15 08:35:00
20.61246,75.36704,8.57,D,2026-05-15 08:35:00
20.63485,73.32337,0.87,D,2026-05-15 08:35:00
20.63585,73.97276,6.92,D,2026-05-15 08:35:00
20.63625,79.73495,41.07,D,2026-05-15 08:35:00
20.63644,73.97699,6.92,D,2026-05-15 08:35:00
20.6383,79.73112,24.86,D,2026-05-15 08:35:00
20.63893,79.73685,71.78,D,2026-05-15 08:35:00
20.63912,73.23143,9.33,D,2026-05-15 08:35:00
20.63934,73.97227,17.42,D,2026-05-15 08:35:00
20.63992,73.97649,17.42,D,2026-05-15 08:35:00
20.64114,79.73435,41.07,D,2026-05-15 08:35:00
20.64566,77.81293,17.7,D,2026-05-15 08:35:00
20.64762,77.81052,18.21,D,2026-05-15 08:35:00
20.66332,73.59975,5.05,D,2026-05-15 08:35:00
20.68228,73.5848,5.45,D,2026-05-15 08:35:00
20.69488,80.16222,11.37,D,2026-05-15 08:35:00
20.69506,80.15787,6.31,D,2026-05-15 08:35:00
20.71635,73.67708,1.46,D,2026-05-15 08:35:00
20.7232,80.14031,21.88,D,2026-05-15 08:35:00
20.72384,80.14642,21.88,D,2026-05-15 08:35:00
20.83575,75.22868,12.8,D,2026-05-15 08:35:00
20.86431,73.56866,4.27,D,2026-05-15 08:35:00
20.90398,71.21309,2.74,D,2026-05-15 08:35:00
20.93383,73.68834,4.42,D,2026-05-15 08:35:00
20.96673,85.17389,13.41,D,2026-05-15 08:35:00
20.99938,77.95181,17.09,D,2026-05-15 08:35:00
20.99989,77.95632,17.09,D,2026-05-15 08:35:00
21.00509,72.81883,2.23,D,2026-05-15 08:35:00
21.04406,78.52169,10.9,D,2026-05-15 08:35:00
21.04424,78.51809,11.21,D,2026-05-15 08:35:00
21.04621,78.74246,5.32,D,2026-05-15 08:35:00
21.04676,78.74737,5.32,D,2026-05-15 08:35:00
21.04691,79.31316,8.72,D,2026-05-15 08:35:00
21.07614,76.31493,2.96,D,2026-05-15 08:35:00
21.08103,79.27026,13.24,D,2026-05-15 08:35:00
21.08368,76.02407,12.65,D,2026-05-15 08:35:00
21.09655,79.27946,12.71,D,2026-05-15 08:35:00
21.10052,72.63574,3.13,D,2026-05-15 08:35:00
21.10387,72.63519,6.28,D,2026-05-15 08:35:00
21.10553,72.64655,24.04,D,2026-05-15 08:35:00
21.16054,78.77118,5.62,D,2026-05-15 08:35:00
21.18567,78.70942,8.35,D,2026-05-15 08:35:00
21.18623,78.71455,8.35,D,2026-05-15 08:35:00
21.18638,78.71095,12.36,D,2026-05-15 08:35:00
21.22143,79.87505,8.25,D,2026-05-15 08:35:00
21.31821,76.90545,3.03,D,2026-05-15 08:35:00
21.31866,76.90924,4.4,D,2026-05-15 08:35:00
21.35007,76.75771,5.49,D,2026-05-15 08:35:00
21.35983,78.77265,9.67,D,2026-05-15 08:35:00
21.3604,78.77779,9.67,D,2026-05-15 08:35:00
21.36447,78.77216,11.31,D,2026-05-15 08:35:00
21.36504,78.77728,11.31,D,2026-05-15 08:35:00
21.36761,73.96137,8.85,D,2026-05-15 08:35:00
21.38481,76.80761,6.51,D,2026-05-15 08:35:00
21.38525,76.81141,6.51,D,2026-05-15 08:35:00
21.38527,76.80769,6.97,D,2026-05-15 08:35:00
21.38575,76.81148,6.97,D,2026-05-15 08:35:00
21.38609,79.55643,3.84,D,2026-05-15 08:35:00
21.38622,76.81532,4.95,D,2026-05-15 08:35:00
21.38719,76.82301,6.39,D,2026-05-15 08:35:00
21.38889,76.8071,19.2,D,2026-05-15 08:35:00
21.3898,76.81476,44.12,D,2026-05-15 08:35:00
21.39071,76.82244,4.21,D,2026-05-15 08:35:00
21.39298,76.80663,19.2,D,2026-05-15 08:35:00
21.39343,76.81046,19.2,D,2026-05-15 08:35:00
21.41096,72.97673,6.07,D,2026-05-15 08:35:00
21.41976,71.89135,4.79,D,2026-05-15 08:35:00
21.42032,71.89507,4.79,D,2026-05-15 08:35:00
21.43679,77.73147,10.72,D,2026-05-15 08:35:00
21.43838,71.50089,1.1,D,2026-05-15 08:35:00
21.44057,71.49294,3.89,D,2026-05-15 08:35:00
21.44696,73.13096,2.84,D,2026-05-15 08:35:00
21.45214,76.24176,5.76,D,2026-05-15 08:35:00
21.48234,76.6246,9.96,D,2026-05-15 08:35:00
21.49166,77.3209,14.22,D,2026-05-15 08:35:00
21.5489,79.38992,6.39,D,2026-05-15 08:35:00
21.54952,79.39558,8.4,D,2026-05-15 08:35:00
21.61481,77.31406,12.81,D,2026-05-15 08:35:00
21.61854,77.30939,20.49,D,2026-05-15 08:35:00
21.61899,73.53853,6.67,D,2026-05-15 08:35:00
21.61903,77.31353,12.81,D,2026-05-15 08:35:00
21.62278,77.3089,14.53,D,2026-05-15 08:35:00
21.62327,77.31301,5.78,D,2026-05-15 08:35:00
21.62899,77.11289,3.11,D,2026-05-15 08:35:00
21.62976,77.10885,8.89,D,2026-05-15 08:35:00
21.63022,77.11293,6.88,D,2026-05-15 08:35:00
21.63264,77.10815,8.48,D,2026-05-15 08:35:00
21.63314,77.11221,8.93,D,2026-05-15 08:35:00
21.63391,77.10818,8.89,D,2026-05-15 08:35:00
21.63439,77.11224,6.88,D,2026-05-15 08:35:00
21.6368,77.1075,8.48,D,2026-05-15 08:35:00
21.6373,77.11153,8.93,D,2026-05-15 08:35:00
21.63854,77.11156,5.71,D,2026-05-15 08:35:00
21.6444,76.981,10.96,D,2026-05-15 08:35:00
21.66484,77.22848,10.42,D,2026-05-15 08:35:00
21.66906,77.228,5.03,D,2026-05-15 08:35:00
21.67328,77.22759,5.03,D,2026-05-15 08:35:00
21.67375,77.23158,24.31,D,2026-05-15 08:35:00
21.70231,77.32953,11.84,D,2026-05-15 08:35:00
21.78605,76.11166,6.09,D,2026-05-15 08:35:00
21.81609,70.71978,11.03,D,2026-05-15 08:35:00
21.84959,71.98586,17.25,D,2026-05-15 08:35:00
21.91735,78.40845,9.71,D,2026-05-15 08:35:00
21.94997,73.01827,4.02,D,2026-05-15 08:35:00
21.97207,81.6384,9.21,D,2026-05-15 08:35:00
21.9915,77.20805,6.79,D,2026-05-15 08:35:00
21.99199,77.21228,6.79,D,2026-05-15 08:35:00
21.99525,77.20341,4.33,D,2026-05-15 08:35:00
21.99551,72.82306,1.9,D,2026-05-15 08:35:00
21.99574,77.20763,16.95,D,2026-05-15 08:35:00
21.99948,77.20297,4.33,D,2026-05-15 08:35:00
21.99997,77.20714,16.95,D,2026-05-15 08:35:00
22.00818,73.33445,2.24,D,2026-05-15 08:35:00
22.02263,72.7709,2.63,D,2026-05-15 08:35:00
22.06904,76.70496,13.79,D,2026-05-15 08:35:00
22.08215,73.56337,2.69,D,2026-05-15 08:35:00
22.09376,76.94713,10.59,D,2026-05-15 08:35:00
22.10561,72.57503,12.28,D,2026-05-15 08:35:00
22.16871,73.25933,1.6,D,2026-05-15 08:35:00
22.21041,73.35565,5.39,D,2026-05-15 08:35:00
22.26675,73.38855,8.55,D,2026-05-15 08:35:00
22.28462,80.28043,2.72,D,2026-05-15 08:35:00
22.33796,76.20692,24.97,D,2026-05-15 08:35:00
22.35035,76.40875,14.7,D,2026-05-15 08:35:00
22.4169,80.2153,6.47,D,2026-05-15 08:35:00
22.41721,80.21857,6.66,D,2026-05-15 08:35:00
22.42205,80.21465,4.63,D,2026-05-15 08:35:00
22.54354,80.05762,9.25,D,2026-05-15 08:35:00
22.54386,80.06082,9.25,D,2026-05-15 08:35:00
22.54418,80.06403,12.86,D,2026-05-15 08:35:00
22.54898,80.06023,9.25,D,2026-05-15 08:35:00
22.5493,80.06342,12.86,D,2026-05-15 08:35:00
22.71931,81.25782,2.77,D,2026-05-15 08:35:00
22.71963,81.26147,2.77,D,2026-05-15 08:35:00
22.71976,81.25822,2.03,D,2026-05-15 08:35:00
22.72011,81.26186,2.03,D,2026-05-15 08:35:00
22.78178,77.57882,5.86,D,2026-05-15 08:35:00
22.80877,79.4296,4.6,D,2026-05-15 08:35:00
23.06856,80.16624,5.86,D,2026-05-15 08:35:00
23.07598,79.87054,3.91,D,2026-05-15 08:35:00
23.1685,82.34299,7.01,D,2026-05-15 08:35:00
23.31966,79.74355,2.39,D,2026-05-15 08:35:00
23.33201,81.45793,6.42,D,2026-05-15 08:35:00
23.4006,80.04671,8.74,D,2026-05-15 08:35:00
23.40093,80.05003,8.74,D,2026-05-15 08:35:00
23.40108,77.27024,21.22,D,2026-05-15 08:35:00
23.40611,80.04958,8.74,D,2026-05-15 08:35:00
23.41259,80.06241,4.11,D,2026-05-15 08:35:00
23.60846,78.80096,8.57,D,2026-05-15 08:35:00
23.67194,80.34393,3.01,D,2026-05-15 08:35:00
23.67209,80.0553,5.36,D,2026-05-15 08:35:00
23.67268,80.34291,1.79,D,2026-05-15 08:35:00
23.71523,80.79046,14.19,D,2026-05-15 08:35:00
23.71645,80.7881,7.21,D,2026-05-15 08:35:00
23.71677,80.79185,11.09,D,2026-05-15 08:35:00
23.77929,78.10565,23.66,D,2026-05-15 08:35:00
23.77942,78.10383,23.89,D,2026-05-15 08:35:00
23.77997,78.10886,25.95,D,2026-05-15 08:35:00
23.78568,79.02912,16.68,D,2026-05-15 08:35:00
23.79055,79.0286,16.12,D,2026-05-15 08:35:00
23.85487,79.17677,13.18,D,2026-05-15 08:35:00
23.8977,81.08844,6.31,D,2026-05-15 08:35:00
23.89805,81.09248,5.19,D,2026-05-15 08:35:00
23.90396,81.09595,5.19,D,2026-05-15 08:35:00
23.90918,81.09151,2.48,D,2026-05-15 08:35:00
23.94586,79.17572,29.91,D,2026-05-15 08:35:00
23.95494,76.87192,19.24,D,2026-05-15 08:35:00
23.9564,73.31046,12.61,D,2026-05-15 08:35:00
24.12418,80.9467,2.94,D,2026-05-15 08:35:00
24.14085,81.89248,1.6,D,2026-05-15 08:35:00
24.20435,73.71144,4.95,D,2026-05-15 08:35:00
24.23606,81.07862,3.17,D,2026-05-15 08:35:00
24.24705,82.79558,4.66,D,2026-05-15 08:35:00
24.25706,79.65887,5.99,D,2026-05-15 08:35:00
24.29006,82.22382,3.4,D,2026-05-15 08:35:00
24.29041,80.21812,4.05,D,2026-05-15 08:35:00
24.30022,80.21648,12.62,D,2026-05-15 08:35:00
24.30053,80.22,12.37,D,2026-05-15 08:35:00
24.30098,80.21709,14.35,D,2026-05-15 08:35:00
24.30131,80.22061,10.64,D,2026-05-15 08:35:00
24.30264,78.98956,11.8,D,2026-05-15 08:35:00
24.30495,78.98579,14.63,D,2026-05-15 08:35:00
24.30751,81.01254,3.77,D,2026-05-15 08:35:00
24.31247,78.50565,13.86,D,2026-05-15 08:35:00
24.31359,78.51641,12.6,D,2026-05-15 08:35:00
24.33322,81.05042,4.25,D,2026-05-15 08:35:00
24.34074,79.96399,7.94,D,2026-05-15 08:35:00
24.34681,74.57484,13.74,D,2026-05-15 08:35:00
24.3921,79.95174,3.71,D,2026-05-15 08:35:00
24.39279,79.95361,7.95,D,2026-05-15 08:35:00
24.4031,74.14351,8.96,D,2026-05-15 08:35:00
24.4732,78.89103,19.23,D,2026-05-15 08:35:00
24.47386,82.77656,3.26,D,2026-05-15 08:35:00
24.50583,78.7457,14.17,D,2026-05-15 08:35:00
24.51723,80.55958,3.31,D,2026-05-15 08:35:00
24.52025,80.84106,4.25,D,2026-05-15 08:35:00
24.52298,80.56281,6.9,D,2026-05-15 08:35:00
24.57434,80.44061,6.06,D,2026-05-15 08:35:00
24.57467,80.4443,8.56,D,2026-05-15 08:35:00
24.59714,79.27177,6.69,D,2026-05-15 08:35:00
24.60253,78.79708,14.08,D,2026-05-15 08:35:00
24.61482,73.77812,15.19,D,2026-05-15 08:35:00
24.63653,79.57281,8.76,D,2026-05-15 08:35:00
24.64018,80.94019,6.01,D,2026-05-15 08:35:00
24.64573,80.93966,7.52,D,2026-05-15 08:35:00
24.64608,80.94366,7.52,D,2026-05-15 08:35:00
24.67821,80.61196,4.98,D,2026-05-15 08:35:00
24.68251,81.06313,5.09,D,2026-05-15 08:35:00
24.68284,81.06718,6.98,D,2026-05-15 08:35:00
24.68487,81.06577,10.14,D,2026-05-15 08:35:00
24.69912,81.03571,3.79,D,2026-05-15 08:35:00
24.71509,80.914,2.43,D,2026-05-15 08:35:00
24.76714,79.83012,7.17,D,2026-05-15 08:35:00
24.76746,79.83355,10.63,D,2026-05-15 08:35:00
24.76773,81.33916,3.29,D,2026-05-15 08:35:00
24.77081,81.44646,1.43,D,2026-05-15 08:35:00
24.79264,78.14304,20.91,D,2026-05-15 08:35:00
24.79342,80.99148,3.37,D,2026-05-15 08:35:00
24.79465,80.99081,3.85,D,2026-05-15 08:35:00
24.79501,80.99486,3.85,D,2026-05-15 08:35:00
24.799,80.99091,3.37,D,2026-05-15 08:35:00
24.79933,80.99496,3.37,D,2026-05-15 08:35:00
24.8343,81.21458,3.93,D,2026-05-15 08:35:00
24.84006,74.40707,19.5,D,2026-05-15 08:35:00
24.84213,74.40514,16.95,D,2026-05-15 08:35:00
24.84693,79.89214,3.09,D,2026-05-15 08:35:00
24.8477,81.03464,3.69,D,2026-05-15 08:35:00
24.85329,81.034,7.67,D,2026-05-15 08:35:00
24.86515,78.1366,17.88,D,2026-05-15 08:35:00
24.92909,79.8032,5.97,D,2026-05-15 08:35:00
24.95832,83.70377,4.48,D,2026-05-15 08:35:00
24.96287,82.00931,2.2,D,2026-05-15 08:35:00
24.96569,82.0092,2.1,D,2026-05-15 08:35:00
25.09249,79.69502,5.6,D,2026-05-15 08:35:00
25.09954,76.98371,24.92,D,2026-05-15 08:35:00
25.10135,81.9375,2.22,D,2026-05-15 08:35:00
25.12346,84.41924,6.25,D,2026-05-15 08:35:00
25.17273,73.72881,9.14,D,2026-05-15 08:35:00
25.18826,76.24569,9.05,D,2026-05-15 08:35:00
25.2656,84.28216,6.03,D,2026-05-15 08:35:00
25.26737,84.28074,4.89,D,2026-05-15 08:35:00
25.27578,77.08887,21.7,D,2026-05-15 08:35:00
25.30621,79.03166,10.47,D,2026-05-15 08:35:00
25.30661,78.93265,7.45,D,2026-05-15 08:35:00
25.35625,76.04955,12.55,D,2026-05-15 08:35:00
25.41026,81.19919,10.77,D,2026-05-15 08:35:00
25.42973,79.49362,2.05,D,2026-05-15 08:35:00
25.52971,83.66582,2.42,D,2026-05-15 08:35:00
25.53622,78.61018,10.76,D,2026-05-15 08:35:00
25.53915,78.60715,9.01,D,2026-05-15 08:35:00
25.55389,78.12226,9.1,D,2026-05-15 08:35:00
25.61357,78.27386,7.99,D,2026-05-15 08:35:00
25.63449,78.59375,12.27,D,2026-05-15 08:35:00
25.64227,79.50283,6.18,D,2026-05-15 08:35:00
25.67432,78.21075,6.95,D,2026-05-15 08:35:00
25.68391,78.0276,8.76,D,2026-05-15 08:35:00
25.68568,77.97546,8.75,D,2026-05-15 08:35:00
25.68621,77.9808,12.9,D,2026-05-15 08:35:00
25.68816,77.97829,19.28,D,2026-05-15 08:35:00
25.69033,77.97488,8.75,D,2026-05-15 08:35:00
25.69086,77.98025,12.9,D,2026-05-15 08:35:00
25.74699,78.83978,11.71,D,2026-05-15 08:35:00
25.76092,80.17687,4.47,D,2026-05-15 08:35:00
25.76859,80.84843,1.1,D,2026-05-15 08:35:00
25.77799,78.13991,16.43,D,2026-05-15 08:35:00
25.78599,78.31335,3.17,D,2026-05-15 08:35:00
25.80237,77.98212,11.56,D,2026-05-15 08:35:00
25.84353,80.21996,7.32,D,2026-05-15 08:35:00
25.85035,80.29865,3.49,D,2026-05-15 08:35:00
25.85543,80.29434,2.37,D,2026-05-15 08:35:00
25.88171,78.80977,6.25,D,2026-05-15 08:35:00
25.88431,79.05931,15.51,D,2026-05-15 08:35:00
25.88447,79.05917,12.42,D,2026-05-15 08:35:00
25.88601,79.29015,1.88,D,2026-05-15 08:35:00
25.88632,79.2934,1.88,D,2026-05-15 08:35:00
25.88795,80.07639,4.45,D,2026-05-15 08:35:00
28.20722,76.92281,7.73,D,2026-05-15 08:35:00
28.41343,76.6022,5.07,D,2026-05-15 08:35:00
28.47353,77.36073,19.23,D,2026-05-15 08:35:00
28.47666,77.358,35.12,D,2026-05-15 08:35:00
28.47762,77.35475,19.23,D,2026-05-15 08:35:00
28.47816,77.36017,19.23,D,2026-05-15 08:35:00
28.48129,77.35743,35.12,D,2026-05-15 08:35:00
28.57122,76.66924,15.64,D,2026-05-15 08:35:00
28.82063,76.15239,3.17,D,2026-05-15 08:35:00
28.85436,76.48501,5.44,D,2026-05-15 08:35:00
28.85485,76.48987,6.19,D,2026-05-15 08:35:00
28.86976,79.56451,1.35,D,2026-05-15 08:35:00
28.89185,76.86478,2.64,D,2026-05-15 08:35:00
28.91177,79.43949,2.07,D,2026-05-15 08:35:00
28.91237,79.24806,2.43,D,2026-05-15 08:35:00
28.93182,79.48988,2.12,D,2026-05-15 08:35:00
28.94159,77.18843,9.41,D,2026-05-15 08:35:00
28.94798,79.42464,1.5,D,2026-05-15 08:35:00
29.01107,76.81168,3.96,D,2026-05-15 08:35:00
29.01557,76.81112,3.96,D,2026-05-15 08:35:00
29.09147,79.24601,1.03,D,2026-05-15 08:35:00
29.09633,74.52922,5.32,D,2026-05-15 08:35:00
29.10026,74.52861,5.32,D,2026-05-15 08:35:00
29.14076,75.98861,2.8,D,2026-05-15 08:35:00
29.15201,76.63414,7.85,D,2026-05-15 08:35:00
29.15415,76.63194,6.31,D,2026-05-15 08:35:00
29.27986,75.4444,5.47,D,2026-05-15 08:35:00
29.40276,78.0155,2.87,D,2026-05-15 08:35:00
29.40448,70.96387,3.8,D,2026-05-15 08:35:00
29.50126,75.28163,6.15,D,2026-05-15 08:35:00
29.50491,81.19059,7.39,D,2026-05-15 08:35:00
29.51344,76.32932,7.7,D,2026-05-15 08:35:00
29.51691,75.30967,5.0,D,2026-05-15 08:35:00
29.56909,79.41383,1.92,D,2026-05-15 08:35:00
29.63716,76.32481,8.11,D,2026-05-15 08:35:00
29.65702,76.25806,5.3,D,2026-05-15 08:35:00
29.65702,76.25991,6.53,D,2026-05-15 08:35:00
29.66141,76.2575,5.3,D,2026-05-15 08:35:00
29.66141,76.25934,6.53,D,2026-05-15 08:35:00
29.69643,75.38646,8.85,D,2026-05-15 08:35:00
29.87534,76.9056,7.43,D,2026-05-15 08:35:00
29.87863,76.65498,2.88,D,2026-05-15 08:35:00
29.88314,76.65441,3.77,D,2026-05-15 08:35:00
29.97202,75.82006,2.83,D,2026-05-15 08:35:00
29.97631,75.8195,7.22,D,2026-05-15 08:35:00
30.00555,76.19643,9.24,D,2026-05-15 08:35:00
30.00982,76.33064,6.66,D,2026-05-15 08:35:00
30.02312,74.86446,5.17,D,2026-05-15 08:35:00
30.02897,74.73132,5.97,D,2026-05-15 08:35:00
30.03012,74.78065,6.38,D,2026-05-15 08:35:00
30.03016,74.78048,5.37,D,2026-05-15 08:35:00
30.03527,76.8385,2.56,D,2026-05-15 08:35:00
30.05682,70.06598,3.76,D,2026-05-15 08:35:00
30.06014,70.06532,3.76,D,2026-05-15 08:35:00
30.07783,76.33709,6.46,D,2026-05-15 08:35:00
30.08154,74.50833,15.19,D,2026-05-15 08:35:00
30.0938,76.28202,9.7,D,2026-05-15 08:35:00
30.09916,76.47982,4.42,D,2026-05-15 08:35:00
30.10104,76.47698,11.13,D,2026-05-15 08:35:00
30.10156,76.48207,11.13,D,2026-05-15 08:35:00
30.10363,76.47926,17.83,D,2026-05-15 08:35:00
30.11335,77.22884,2.8,D,2026-05-15 08:35:00
30.12542,78.64809,5.46,D,2026-05-15 08:35:00
30.12565,78.65095,7.27,D,2026-05-15 08:35:00
30.12762,76.39919,7.34,D,2026-05-15 08:35:00
30.13044,78.64639,4.62,D,2026-05-15 08:35:00
30.14424,74.73155,9.59,D,2026-05-15 08:35:00
30.15829,74.86234,6.79,D,2026-05-15 08:35:00
30.16236,74.86176,11.46,D,2026-05-15 08:35:00
30.2011,75.02976,7.72,D,2026-05-15 08:35:00
30.29104,76.26045,2.22,D,2026-05-15 08:35:00
30.31578,75.71255,7.68,D,2026-05-15 08:35:00
30.322,75.7305,6.27,D,2026-05-15 08:35:00
30.3266,75.65036,7.81,D,2026-05-15 08:35:00
30.3634,76.26628,6.79,D,2026-05-15 08:35:00
30.36377,77.49137,3.73,D,2026-05-15 08:35:00
30.4043,76.14841,4.32,D,2026-05-15 08:35:00
30.42197,76.52491,7.7,D,2026-05-15 08:35:00
30.42502,76.52113,2.16,D,2026-05-15 08:35:00
30.44039,74.8449,31.08,D,2026-05-15 08:35:00
30.4483,76.05343,8.72,D,2026-05-15 08:35:00
30.44879,76.0583,10.15,D,2026-05-15 08:35:00
30.45495,75.94484,2.0,D,2026-05-15 08:35:00
30.4866,76.62794,4.9,D,2026-05-15 08:35:00
30.49621,75.90733,10.03,D,2026-05-15 08:35:00
30.50909,76.48251,5.26,D,2026-05-15 08:35:00
30.51639,76.25208,11.97,D,2026-05-15 08:35:00
30.54905,76.50117,4.61,D,2026-05-15 08:35:00
30.55002,76.51156,3.51,D,2026-05-15 08:35:00
30.56347,76.80215,3.5,D,2026-05-15 08:35:00
30.58125,70.75546,4.68,D,2026-05-15 08:35:00
30.58363,75.90071,8.05,D,2026-05-15 08:35:00
30.58382,75.89714,7.49,D,2026-05-15 08:35:00
30.60462,76.46268,10.51,D,2026-05-15 08:35:00
30.65095,75.86402,1.87,D,2026-05-15 08:35:00
30.70502,76.35814,3.23,D,2026-05-15 08:35:00
30.72622,76.481,3.37,D,2026-05-15 08:35:00
30.74721,76.44428,5.36,D,2026-05-15 08:35:00
30.75545,76.33881,5.33,D,2026-05-15 08:35:00
30.8085,70.81075,8.25,D,2026-05-15 08:35:00
30.85785,76.44422,2.25,D,2026-05-15 08:35:00
30.87702,75.9912,3.61,D,2026-05-15 08:35:00
30.88141,75.99064,7.75,D,2026-05-15 08:35:00
30.88588,70.79277,2.73,D,2026-05-15 08:35:00
30.8995,72.18696,3.59,D,2026-05-15 08:35:00
30.96191,74.72675,8.65,D,2026-05-15 08:35:00
30.96363,72.18751,7.54,D,2026-05-15 08:35:00
30.96527,76.85095,4.07,D,2026-05-15 08:35:00
30.96578,76.85629,4.07,D,2026-05-15 08:35:00
30.97825,76.20776,2.25,D,2026-05-15 08:35:00
30.99809,71.78906,6.8,D,2026-05-15 08:35:00
31.01965,76.12584,2.58,D,2026-05-15 08:35:00
31.02284,76.12731,2.41,D,2026-05-15 08:35:00
31.02622,76.1914,3.36,D,2026-05-15 08:35:00
31.0322,76.20605,7.65,D,2026-05-15 08:35:00
31.03487,76.2077,5.75,D,2026-05-15 08:35:00
31.03633,70.79628,2.28,D,2026-05-15 08:35:00
31.04106,76.13006,4.75,D,2026-05-15 08:35:00
31.04329,72.19976,1.4,D,2026-05-15 08:35:00
31.05752,71.33877,15.29,D,2026-05-15 08:35:00
31.07905,74.89524,3.14,D,2026-05-15 08:35:00
31.11939,74.98306,5.54,D,2026-05-15 08:35:00
31.12673,73.38998,7.63,D,2026-05-15 08:35:00
31.13086,70.47289,23.83,D,2026-05-15 08:35:00
31.13298,73.34536,5.06,D,2026-05-15 08:35:00
31.13592,74.78057,7.16,D,2026-05-15 08:35:00
31.13768,75.9781,3.11,D,2026-05-15 08:35:00
31.23742,76.00341,2.64,D,2026-05-15 08:35:00
31.24132,74.84413,2.65,D,2026-05-15 08:35:00
31.41954,75.24973,2.64,D,2026-05-15 08:35:00
31.46814,75.34518,5.61,D,2026-05-15 08:35:00
31.49463,75.36176,2.96,D,2026-05-15 08:35:00
31.60199,75.47977,4.0,D,2026-05-15 08:35:00
31.72908,75.02412,3.59,D,2026-05-15 08:35:00
25.29448,73.03165,8.37,D,2026-05-15 08:37:00
25.86547,76.71637,12.28,D,2026-05-15 08:37:00
25.86778,76.71726,11.7,D,2026-05-15 08:37:00
25.90873,78.23531,19.11,D,2026-05-15 08:37:00
25.90886,78.23241,16.58,D,2026-05-15 08:37:00
25.97214,78.33914,17.39,D,2026-05-15 08:37:00
25.97549,76.98164,9.0,D,2026-05-15 08:37:00
25.97937,76.97645,11.4,D,2026-05-15 08:37:00
25.97988,76.98109,9.0,D,2026-05-15 08:37:00
26.03098,79.82679,3.98,D,2026-05-15 08:37:00
26.04409,78.08492,8.6,D,2026-05-15 08:37:00
26.06109,79.815,4.42,D,2026-05-15 08:37:00
26.06189,79.81656,4.04,D,2026-05-15 08:37:00
26.08057,80.72581,0.98,D,2026-05-15 08:37:00
26.14368,78.86272,5.34,D,2026-05-15 08:37:00
26.21659,79.59695,2.36,D,2026-05-15 08:37:00
26.22448,79.1992,2.71,D,2026-05-15 08:37:00
26.27356,79.40412,2.94,D,2026-05-15 08:37:00
26.2787,79.40359,2.94,D,2026-05-15 08:37:00
26.28574,77.72027,7.01,D,2026-05-15 08:37:00
26.29126,77.50801,9.19,D,2026-05-15 08:37:00
26.29177,77.51311,11.84,D,2026-05-15 08:37:00
26.29527,77.27907,10.03,D,2026-05-15 08:37:00
26.29581,77.50745,7.44,D,2026-05-15 08:37:00
26.29633,77.51256,17.82,D,2026-05-15 08:37:00
26.29684,77.51767,17.82,D,2026-05-15 08:37:00
26.30841,80.5939,2.38,D,2026-05-15 08:37:00
26.31701,77.67221,9.04,D,2026-05-15 08:37:00
26.32926,77.51888,10.46,D,2026-05-15 08:37:00
26.33241,77.68623,15.45,D,2026-05-15 08:37:00
26.34428,77.71136,4.86,D,2026-05-15 08:37:00
26.34453,77.53255,9.28,D,2026-05-15 08:37:00
26.34889,77.71081,4.86,D,2026-05-15 08:37:00
26.34909,77.532,9.28,D,2026-05-15 08:37:00
26.35069,77.54739,10.37,D,2026-05-15 08:37:00
26.35122,77.55253,10.37,D,2026-05-15 08:37:00
26.35789,77.66195,4.27,D,2026-05-15 08:37:00
26.37436,77.86938,7.62,D,2026-05-15 08:37:00
26.37491,77.87479,8.33,D,2026-05-15 08:37:00
26.37569,79.41944,3.4,D,2026-05-15 08:37:00
26.37767,77.71799,8.95,D,2026-05-15 08:37:00
26.3781,80.43483,2.43,D,2026-05-15 08:37:00
26.38119,77.66746,6.89,D,2026-05-15 08:37:00
26.39699,77.59163,10.6,D,2026-05-15 08:37:00
26.42002,77.63628,12.0,D,2026-05-15 08:37:00
26.43084,78.29009,6.56,D,2026-05-15 08:37:00
26.44778,77.6806,10.67,D,2026-05-15 08:37:00
26.4524,77.68004,10.67,D,2026-05-15 08:37:00
26.45475,79.77892,2.82,D,2026-05-15 08:37:00
26.45976,81.02106,1.22,D,2026-05-15 08:37:00
26.46527,78.54019,11.85,D,2026-05-15 08:37:00
26.49821,78.49279,21.84,D,2026-05-15 08:37:00
26.5014,78.47448,15.91,D,2026-05-15 08:37:00
26.50196,78.48039,10.83,D,2026-05-15 08:37:00
26.50251,78.4863,10.83,D,2026-05-15 08:37:00
26.50625,78.47392,13.53,D,2026-05-15 08:37:00
26.50681,78.47984,17.59,D,2026-05-15 08:37:00
26.51147,79.76965,5.12,D,2026-05-15 08:37:00
26.56496,80.9196,3.22,D,2026-05-15 08:37:00
26.56851,79.6353,3.69,D,2026-05-15 08:37:00
26.56888,79.63479,4.74,D,2026-05-15 08:37:00
26.61923,76.51855,8.02,D,2026-05-15 08:37:00
26.63951,79.48018,4.56,D,2026-05-15 08:37:00
26.64469,79.47965,4.56,D,2026-05-15 08:37:00
26.645,79.48309,4.56,D,2026-05-15 08:37:00
26.66055,80.02657,4.4,D,2026-05-15 08:37:00
26.7054,80.04469,1.9,D,2026-05-15 08:37:00
26.70573,80.04845,1.9,D,2026-05-15 08:37:00
26.70605,80.05219,4.42,D,2026-05-15 08:37:00
26.70766,79.94717,5.88,D,2026-05-15 08:37:00
26.70788,80.04684,2.61,D,2026-05-15 08:37:00
26.70818,80.05059,5.37,D,2026-05-15 08:37:00
26.70831,79.95454,16.98,D,2026-05-15 08:37:00
26.70864,79.95824,16.98,D,2026-05-15 08:37:00
26.70964,80.00147,1.16,D,2026-05-15 08:37:00
26.71047,79.94532,7.87,D,2026-05-15 08:37:00
26.71089,80.0844,3.45,D,2026-05-15 08:37:00
26.71107,79.95271,33.3,D,2026-05-15 08:37:00
26.71137,79.9564,33.3,D,2026-05-15 08:37:00
26.713,79.94662,6.63,D,2026-05-15 08:37:00
26.7134,80.20053,3.04,D,2026-05-15 08:37:00
26.71365,79.954,8.54,D,2026-05-15 08:37:00
26.71398,79.9577,8.54,D,2026-05-15 08:37:00
26.7147,80.08923,2.79,D,2026-05-15 08:37:00
26.71658,80.08763,3.26,D,2026-05-15 08:37:00
26.71883,80.2,3.04,D,2026-05-15 08:37:00
26.71922,80.01703,3.53,D,2026-05-15 08:37:00
26.72157,80.0153,2.5,D,2026-05-15 08:37:00
26.72187,80.01904,3.22,D,2026-05-15 08:37:00
26.74714,79.99769,3.03,D,2026-05-15 08:37:00
26.7508,79.42849,6.56,D,2026-05-15 08:37:00
26.76009,79.95895,3.61,D,2026-05-15 08:37:00
26.82645,79.20831,4.49,D,2026-05-15 08:37:00
26.84093,79.2539,4.09,D,2026-05-15 08:37:00
26.86033,79.21444,4.48,D,2026-05-15 08:37:00
26.86858,79.07363,2.8,D,2026-05-15 08:37:00
26.86933,79.87323,2.67,D,2026-05-15 08:37:00
26.86996,79.88056,5.25,D,2026-05-15 08:37:00
26.87465,79.8727,6.38,D,2026-05-15 08:37:00
27.12502,79.00283,3.34,D,2026-05-15 08:37:00
27.51681,79.91595,6.43,D,2026-05-15 08:37:00
27.61223,77.68142,7.21,D,2026-05-15 08:37:00
27.73459,79.37251,1.63,D,2026-05-15 08:37:00
28.28306,80.20208,5.37,D,2026-05-15 08:37:00
31.63445,72.51277,5.91,D,2026-05-15 08:37:00
31.66128,70.68207,3.9,D,2026-05-15 08:37:00
31.67579,72.48554,3.17,D,2026-05-15 08:37:00
31.76934,72.37557,6.55,D,2026-05-15 08:37:00
31.77693,73.12791,4.2,D,2026-05-15 08:37:00
31.81059,75.32838,2.74,D,2026-05-15 08:37:00
31.81996,70.82749,2.72,D,2026-05-15 08:37:00
31.83192,75.32546,5.77,D,2026-05-15 08:37:00
31.83239,75.33013,5.01,D,2026-05-15 08:37:00
31.87458,73.20538,5.14,D,2026-05-15 08:37:00
31.8987,72.4892,4.12,D,2026-05-15 08:37:00
31.94337,75.59684,3.15,D,2026-05-15 08:37:00
31.95124,73.01167,3.29,D,2026-05-15 08:37:00
32.27501,72.83792,3.47,D,2026-05-15 08:37:00
32.317,73.84147,3.34,D,2026-05-15 08:37:00
32.32431,72.33468,2.02,D,2026-05-15 08:37:00
32.33485,73.39128,3.67,D,2026-05-15 08:37:00
32.35548,72.32211,5.13,D,2026-05-15 08:37:00
32.36826,72.33531,6.24,D,2026-05-15 08:37:00
32.52382,73.42332,1.19,D,2026-05-15 08:37:00
32.53763,73.27222,2.34,D,2026-05-15 08:37:00
32.65331,73.68932,3.59,D,2026-05-15 08:37:00
34.40325,72.73314,8.96,D,2026-05-15 08:37:00
34.40481,72.735,8.53,D,2026-05-15 08:37:00
25.03403,87.37669,1.29,N,2026-05-15 19:19:00
29.22421,88.35123,1.41,N,2026-05-15 19:19:00
19.0948,82.16653,2.8,N,2026-05-15 19:21:00
19.09504,82.1664,2.04,N,2026-05-15 19:21:00
19.10226,82.16055,2.06,N,2026-05-15 19:21:00
19.10246,82.16047,2.04,N,2026-05-15 19:21:00
20.76194,85.29533,1.24,N,2026-05-15 19:21:00
20.76235,85.29093,1.24,N,2026-05-15 19:21:00
20.78267,85.26234,1.37,N,2026-05-15 19:21:00
20.80681,85.25626,1.79,N,2026-05-15 19:21:00
20.86197,84.98964,3.56,N,2026-05-15 19:21:00
20.86534,84.9867,2.75,N,2026-05-15 19:21:00
20.88398,84.9794,2.24,N,2026-05-15 19:21:00
20.88993,84.97993,2.24,N,2026-05-15 19:21:00
20.95273,85.01379,2.03,N,2026-05-15 19:21:00
20.95315,85.00923,2.82,N,2026-05-15 19:21:00
20.95662,85.01154,2.34,N,2026-05-15 19:21:00
20.95994,85.17522,1.82,N,2026-05-15 19:21:00
20.96034,85.17077,1.39,N,2026-05-15 19:21:00
20.96074,85.1663,1.39,N,2026-05-15 19:21:00
20.96115,85.16183,1.74,N,2026-05-15 19:21:00
20.96131,85.17318,1.72,N,2026-05-15 19:21:00
20.96174,85.16872,1.72,N,2026-05-15 19:21:00
20.96217,85.16425,4.59,N,2026-05-15 19:21:00
20.96462,85.18905,2.62,N,2026-05-15 19:21:00
20.96582,85.17583,1.82,N,2026-05-15 19:21:00
20.96622,85.17136,1.39,N,2026-05-15 19:21:00
20.96663,85.16688,1.39,N,2026-05-15 19:21:00
20.96675,85.17821,4.08,N,2026-05-15 19:21:00
20.96703,85.16235,1.74,N,2026-05-15 19:21:00
20.96719,85.17375,1.72,N,2026-05-15 19:21:00
20.96762,85.16924,1.72,N,2026-05-15 19:21:00
20.96784,85.15342,1.82,N,2026-05-15 19:21:00
20.96893,85.15582,3.76,N,2026-05-15 19:21:00
20.97169,85.17644,2.3,N,2026-05-15 19:21:00
20.97332,85.15845,1.78,N,2026-05-15 19:21:00
20.97372,85.15401,1.75,N,2026-05-15 19:21:00
20.98163,85.13235,2.03,N,2026-05-15 19:21:00
20.99911,86.01218,2.01,N,2026-05-15 19:21:00
21.0091,84.05241,1.69,N,2026-05-15 19:21:00
21.07687,85.04147,1.95,N,2026-05-15 19:21:00
21.07728,85.03685,3.23,N,2026-05-15 19:21:00
21.07993,85.03834,2.55,N,2026-05-15 19:21:00
21.18249,81.38321,1.95,N,2026-05-15 19:21:00
21.67682,84.03983,1.66,N,2026-05-15 19:21:00
21.67729,84.03442,1.66,N,2026-05-15 19:21:00
21.67981,84.03558,3.09,N,2026-05-15 19:21:00
21.75767,84.02209,3.46,N,2026-05-15 19:21:00
21.76447,84.01727,1.55,N,2026-05-15 19:21:00
21.76627,84.01733,3.04,N,2026-05-15 19:21:00
21.77082,84.0179,1.55,N,2026-05-15 19:21:00
21.83973,83.98077,0.8,N,2026-05-15 19:21:00
21.91719,83.34621,2.09,N,2026-05-15 19:21:00
21.92173,83.34689,3.73,N,2026-05-15 19:21:00
21.92478,83.33471,3.01,N,2026-05-15 19:21:00
21.92533,85.2233,1.14,N,2026-05-15 19:21:00
21.98395,83.22993,1.34,N,2026-05-15 19:21:00
22.03458,83.35274,2.67,N,2026-05-15 19:21:00
22.03891,83.34933,1.07,N,2026-05-15 19:21:00
22.05391,88.1255,2.07,N,2026-05-15 19:21:00
22.08671,83.12115,2.23,N,2026-05-15 19:21:00
22.08722,83.11478,3.18,N,2026-05-15 19:21:00
22.08964,83.11719,5.22,N,2026-05-15 19:21:00
22.2098,84.86062,1.34,N,2026-05-15 19:21:00
22.32866,82.60628,0.78,N,2026-05-15 19:21:00
22.37762,87.27994,1.19,N,2026-05-15 19:21:00
22.37796,87.27655,1.19,N,2026-05-15 19:21:00
22.57238,85.89661,2.72,N,2026-05-15 19:21:00
22.57428,85.89491,2.78,N,2026-05-15 19:21:00
22.59069,85.90509,1.29,N,2026-05-15 19:21:00
22.60746,85.91118,0.91,N,2026-05-15 19:21:00
22.7806,86.20263,0.93,N,2026-05-15 19:21:00
22.78623,86.20323,2.08,N,2026-05-15 19:21:00
22.79653,86.08892,0.71,N,2026-05-15 19:21:00
22.80219,86.08955,0.71,N,2026-05-15 19:21:00
22.87544,86.06191,0.87,N,2026-05-15 19:21:00
23.48571,87.3644,1.79,N,2026-05-15 19:21:00
23.486,87.365,1.72,N,2026-05-15 19:21:00
23.55046,87.24429,1.27,N,2026-05-15 19:21:00
23.55079,87.24073,1.11,N,2026-05-15 19:21:00
23.5561,87.24138,0.78,N,2026-05-15 19:21:00
23.56039,87.08214,1.19,N,2026-05-15 19:21:00
23.61526,86.78868,1.69,N,2026-05-15 19:21:00
23.64553,85.43893,2.14,N,2026-05-15 19:21:00
23.6459,85.4343,2.51,N,2026-05-15 19:21:00
23.6482,85.43783,2.89,N,2026-05-15 19:21:00
23.66418,87.15714,1.0,N,2026-05-15 19:21:00
23.66443,86.91982,1.27,N,2026-05-15 19:21:00
23.66453,87.1535,1.64,N,2026-05-15 19:21:00
23.66746,86.09019,0.74,N,2026-05-15 19:21:00
23.67056,86.12029,0.71,N,2026-05-15 19:21:00
23.67131,86.11189,0.91,N,2026-05-15 19:21:00
23.6771,86.39875,1.2,N,2026-05-15 19:21:00
23.67745,86.39468,1.2,N,2026-05-15 19:21:00
23.67781,86.39053,1.31,N,2026-05-15 19:21:00
23.67852,86.09557,1.44,N,2026-05-15 19:21:00
23.67987,86.39536,1.98,N,2026-05-15 19:21:00
23.68026,86.39118,1.53,N,2026-05-15 19:21:00
23.68305,86.39545,1.03,N,2026-05-15 19:21:00
23.68332,87.12646,1.87,N,2026-05-15 19:21:00
23.68341,86.39128,2.16,N,2026-05-15 19:21:00
23.68585,86.39191,1.53,N,2026-05-15 19:21:00
23.68937,87.1198,2.04,N,2026-05-15 19:21:00
23.6904,87.10903,1.32,N,2026-05-15 19:21:00
23.69437,87.12415,0.85,N,2026-05-15 19:21:00
23.69472,87.12048,1.69,N,2026-05-15 19:21:00
23.70645,86.45139,0.88,N,2026-05-15 19:21:00
23.70681,86.44734,0.88,N,2026-05-15 19:21:00
23.71204,86.45206,1.65,N,2026-05-15 19:21:00
23.72466,86.4372,1.52,N,2026-05-15 19:21:00
23.73621,86.43449,2.35,N,2026-05-15 19:21:00
23.73657,86.43047,2.56,N,2026-05-15 19:21:00
23.74921,86.41573,2.57,N,2026-05-15 19:21:00
23.75592,86.40414,0.83,N,2026-05-15 19:21:00
23.75667,86.39588,2.06,N,2026-05-15 19:21:00
23.76152,86.40485,1.57,N,2026-05-15 19:21:00
23.7619,86.40071,2.32,N,2026-05-15 19:21:00
23.76713,86.40548,1.57,N,2026-05-15 19:21:00
23.76751,86.40134,2.32,N,2026-05-15 19:21:00
23.77085,86.36476,1.21,N,2026-05-15 19:21:00
23.7746,86.38586,1.99,N,2026-05-15 19:21:00
23.77764,86.39299,2.24,N,2026-05-15 19:21:00
23.77798,86.38897,2.24,N,2026-05-15 19:21:00
23.77896,86.21183,0.96,N,2026-05-15 19:21:00
23.77934,86.20762,0.96,N,2026-05-15 19:21:00
23.77983,86.39063,4.57,N,2026-05-15 19:21:00
23.7802,86.38659,1.99,N,2026-05-15 19:21:00
23.79237,86.35336,1.65,N,2026-05-15 19:21:00
23.79485,86.35091,2.09,N,2026-05-15 19:21:00
23.79836,86.34985,1.65,N,2026-05-15 19:21:00
23.80009,86.32954,1.47,N,2026-05-15 19:21:00
23.80047,86.35162,0.82,N,2026-05-15 19:21:00
23.80236,86.33125,1.21,N,2026-05-15 19:21:00
23.80274,86.32712,1.21,N,2026-05-15 19:21:00
23.80573,86.33015,1.09,N,2026-05-15 19:21:00
23.83769,84.94579,1.02,N,2026-05-15 19:21:00
24.11431,86.85982,1.09,N,2026-05-15 19:21:00
24.20378,82.70912,1.38,N,2026-05-15 19:21:00
24.2056,82.7117,2.02,N,2026-05-15 19:21:00
17.60832,83.202,2.8,N,2026-05-15 19:23:00
28.45919,81.64586,0.7,N,2026-05-15 20:59:00
28.9951,80.6895,0.5,N,2026-05-15 20:59:00
29.12379,75.77826,1.95,N,2026-05-15 20:59:00
29.22579,88.34471,1.59,N,2026-05-15 20:59:00
29.22799,88.34149,2.32,N,2026-05-15 20:59:00
29.40264,79.95632,1.26,N,2026-05-15 20:59:00
29.57818,79.26153,1.34,N,2026-05-15 20:59:00
29.58161,79.26563,1.59,N,2026-05-15 20:59:00
29.58661,79.18002,1.23,N,2026-05-15 20:59:00
29.82941,78.67412,1.63,N,2026-05-15 20:59:00
29.83953,78.99789,0.58,N,2026-05-15 20:59:00
29.8434,78.99941,0.39,N,2026-05-15 20:59:00
29.98492,78.36296,0.85,N,2026-05-15 20:59:00
30.30077,77.7113,1.67,N,2026-05-15 20:59:00
30.30177,77.70604,1.67,N,2026-05-15 20:59:00
30.30214,77.70792,3.53,N,2026-05-15 20:59:00
30.44656,70.56895,0.73,N,2026-05-15 20:59:00
30.50561,77.86758,0.74,N,2026-05-15 20:59:00
30.51027,77.8637,1.35,N,2026-05-15 20:59:00
31.13372,76.90977,0.94,N,2026-05-15 20:59:00
31.13456,76.90526,0.94,N,2026-05-15 20:59:00
31.32621,76.89532,0.77,N,2026-05-15 20:59:00
32.03578,76.67503,0.68,N,2026-05-15 20:59:00
32.08649,74.1652,1.58,N,2026-05-15 20:59:00
32.2511,76.16858,0.72,N,2026-05-15 20:59:00
32.28876,70.73637,1.34,N,2026-05-15 20:59:00
32.57378,72.56419,1.22,N,2026-05-15 20:59:00
32.5744,72.56,1.59,N,2026-05-15 20:59:00
32.64389,72.97552,1.71,N,2026-05-15 20:59:00
32.7202,72.92377,0.9,N,2026-05-15 20:59:00
32.72569,72.81794,0.73,N,2026-05-15 20:59:00
32.88731,71.61825,1.0,N,2026-05-15 20:59:00
32.88794,71.61375,1.0,N,2026-05-15 20:59:00
33.23384,74.51492,0.97,N,2026-05-15 20:59:00
33.23653,71.51442,0.87,N,2026-05-15 20:59:00
33.54533,71.54907,0.48,N,2026-05-15 20:59:00
34.55837,70.52552,0.55,N,2026-05-15 20:59:00
35.96674,68.6842,2.09,N,2026-05-15 20:59:00
20.76066,85.29853,1.89,N,2026-05-15 21:01:00
20.76232,85.29194,2.87,N,2026-05-15 21:01:00
20.76364,85.29407,4.03,N,2026-05-15 21:01:00
20.78451,85.26175,2.26,N,2026-05-15 21:01:00
20.86701,84.98835,2.22,N,2026-05-15 21:01:00
20.88359,84.97938,2.54,N,2026-05-15 21:01:00
20.95324,77.91685,0.91,N,2026-05-15 21:01:00
20.95676,85.00801,3.25,N,2026-05-15 21:01:00
20.95996,85.16767,2.56,N,2026-05-15 21:01:00
20.96017,86.006,2.74,N,2026-05-15 21:01:00
20.96095,85.16568,5.0,N,2026-05-15 21:01:00
20.96211,86.00513,3.04,N,2026-05-15 21:01:00
20.96269,85.18794,3.84,N,2026-05-15 21:01:00
20.96333,85.183,5.94,N,2026-05-15 21:01:00
20.96439,85.18106,4.78,N,2026-05-15 21:01:00
20.96526,86.01582,3.88,N,2026-05-15 21:01:00
20.96604,85.17438,4.78,N,2026-05-15 21:01:00
20.96669,85.16972,6.47,N,2026-05-15 21:01:00
20.96715,86.01493,3.55,N,2026-05-15 21:01:00
20.96718,86.00821,3.16,N,2026-05-15 21:01:00
20.96767,85.16777,5.0,N,2026-05-15 21:01:00
20.96835,85.16318,5.09,N,2026-05-15 21:01:00
20.96911,86.00058,3.16,N,2026-05-15 21:01:00
20.96911,86.00736,3.55,N,2026-05-15 21:01:00
20.97093,85.15456,3.71,N,2026-05-15 21:01:00
20.97174,85.14982,5.82,N,2026-05-15 21:01:00
20.9726,85.14777,3.71,N,2026-05-15 21:01:00
20.97277,85.17644,2.51,N,2026-05-15 21:01:00
20.97343,85.17177,6.47,N,2026-05-15 21:01:00
20.97438,85.16991,5.46,N,2026-05-15 21:01:00
20.97508,85.16521,5.09,N,2026-05-15 21:01:00
20.98351,85.13187,4.03,N,2026-05-15 21:01:00
20.98425,85.12981,2.2,N,2026-05-15 21:01:00
21.0005,86.02628,1.04,N,2026-05-15 21:01:00
21.21345,82.1372,0.77,N,2026-05-15 21:01:00
21.24368,79.2206,2.28,N,2026-05-15 21:01:00
21.246,79.20937,2.27,N,2026-05-15 21:01:00
21.24886,79.21098,5.81,N,2026-05-15 21:01:00
21.25006,79.20538,5.92,N,2026-05-15 21:01:00
21.25078,79.21053,2.27,N,2026-05-15 21:01:00
21.2744,79.9163,0.8,N,2026-05-15 21:01:00
21.34948,76.76284,0.6,N,2026-05-15 21:01:00
21.35358,76.7637,0.77,N,2026-05-15 21:01:00
21.37591,81.68001,5.43,N,2026-05-15 21:01:00
21.37864,81.68085,2.78,N,2026-05-15 21:01:00
21.40212,76.89014,2.1,N,2026-05-15 21:01:00
21.40272,76.53195,3.57,N,2026-05-15 21:01:00
21.4077,76.89158,3.64,N,2026-05-15 21:01:00
21.4085,76.88751,3.56,N,2026-05-15 21:01:00
21.45639,76.23073,0.43,N,2026-05-15 21:01:00
21.49057,77.02229,1.77,N,2026-05-15 21:01:00
21.50023,81.80805,1.08,N,2026-05-15 21:01:00
21.63266,77.1208,1.76,N,2026-05-15 21:01:00
21.63765,77.1175,1.34,N,2026-05-15 21:01:00
21.64183,77.11833,1.34,N,2026-05-15 21:01:00
21.64601,77.11921,1.76,N,2026-05-15 21:01:00
21.64682,77.11506,1.59,N,2026-05-15 21:01:00
21.66376,77.18256,0.66,N,2026-05-15 21:01:00
21.66558,77.21716,2.91,N,2026-05-15 21:01:00
21.66595,77.21895,2.27,N,2026-05-15 21:01:00
21.67279,78.15615,1.79,N,2026-05-15 21:01:00
21.67379,82.08091,1.05,N,2026-05-15 21:01:00
21.67494,77.23614,3.61,N,2026-05-15 21:01:00
21.67653,77.22816,5.0,N,2026-05-15 21:01:00
21.67687,84.03775,2.66,N,2026-05-15 21:01:00
21.6773,77.22426,3.72,N,2026-05-15 21:01:00
21.67866,84.03509,3.16,N,2026-05-15 21:01:00
21.6799,77.23321,3.26,N,2026-05-15 21:01:00
21.68069,77.22923,3.26,N,2026-05-15 21:01:00
21.73758,83.83926,1.31,N,2026-05-15 21:01:00
21.73924,77.41753,0.65,N,2026-05-15 21:01:00
21.73928,83.84255,2.4,N,2026-05-15 21:01:00
21.74059,83.83718,2.49,N,2026-05-15 21:01:00
21.74247,83.84657,3.45,N,2026-05-15 21:01:00
21.74347,77.41853,0.9,N,2026-05-15 21:01:00
21.74376,83.84113,3.86,N,2026-05-15 21:01:00
21.74544,83.84447,3.9,N,2026-05-15 21:01:00
21.74677,83.839,5.31,N,2026-05-15 21:01:00
21.74768,83.97192,3.6,N,2026-05-15 21:01:00
21.74992,83.84305,3.86,N,2026-05-15 21:01:00
21.75581,84.02111,2.85,N,2026-05-15 21:01:00
21.7561,83.84492,1.71,N,2026-05-15 21:01:00
21.75738,83.83949,1.71,N,2026-05-15 21:01:00
21.75912,83.84272,2.71,N,2026-05-15 21:01:00
21.7634,84.01739,2.73,N,2026-05-15 21:01:00
21.76967,84.01913,1.69,N,2026-05-15 21:01:00
21.77463,76.68774,0.54,N,2026-05-15 21:01:00
21.80356,82.04015,0.95,N,2026-05-15 21:01:00
21.8198,83.89352,1.86,N,2026-05-15 21:01:00
21.82105,83.8883,1.86,N,2026-05-15 21:01:00
21.8224,83.89521,3.05,N,2026-05-15 21:01:00
21.82302,79.09669,1.66,N,2026-05-15 21:01:00
21.82369,83.88997,3.49,N,2026-05-15 21:01:00
21.83259,72.65114,1.8,N,2026-05-15 21:01:00
21.84716,78.27967,2.37,N,2026-05-15 21:01:00
21.84813,78.27491,2.37,N,2026-05-15 21:01:00
21.8807,76.4858,0.73,N,2026-05-15 21:01:00
21.9171,83.34803,2.01,N,2026-05-15 21:01:00
21.92313,83.34967,2.01,N,2026-05-15 21:01:00
21.92356,85.22133,1.8,N,2026-05-15 21:01:00
21.9249,85.22449,1.92,N,2026-05-15 21:01:00
21.92547,83.3398,2.33,N,2026-05-15 21:01:00
21.92694,75.83648,1.56,N,2026-05-15 21:01:00
21.9305,75.83571,2.37,N,2026-05-15 21:01:00
21.93078,75.8373,1.56,N,2026-05-15 21:01:00
21.95193,79.50359,2.97,N,2026-05-15 21:01:00
21.95512,79.50521,1.99,N,2026-05-15 21:01:00
21.95635,79.49948,1.99,N,2026-05-15 21:01:00
21.97748,76.87362,2.09,N,2026-05-15 21:01:00
21.97825,76.86971,1.95,N,2026-05-15 21:01:00
21.98205,76.85029,1.74,N,2026-05-15 21:01:00
21.98314,83.23048,1.43,N,2026-05-15 21:01:00
21.98379,83.23227,0.78,N,2026-05-15 21:01:00
22.00271,82.66988,1.96,N,2026-05-15 21:01:00
22.0044,82.67149,1.89,N,2026-05-15 21:01:00
22.0062,78.00661,3.85,N,2026-05-15 21:01:00
22.00708,78.00227,5.33,N,2026-05-15 21:01:00
22.01862,83.75215,1.35,N,2026-05-15 21:01:00
22.02168,79.26269,2.57,N,2026-05-15 21:01:00
22.02181,79.26369,2.78,N,2026-05-15 21:01:00
22.03717,83.72955,1.12,N,2026-05-15 21:01:00
22.03843,83.72433,1.12,N,2026-05-15 21:01:00
22.03852,83.35059,1.4,N,2026-05-15 21:01:00
22.07386,75.72217,1.72,N,2026-05-15 21:01:00
22.0853,75.7036,0.96,N,2026-05-15 21:01:00
22.0873,83.11706,4.17,N,2026-05-15 21:01:00
22.0895,76.88147,1.11,N,2026-05-15 21:01:00
22.09433,76.87848,1.62,N,2026-05-15 21:01:00
22.10474,76.86867,2.8,N,2026-05-15 21:01:00
22.10784,73.61433,1.6,N,2026-05-15 21:01:00
22.1088,76.8696,2.8,N,2026-05-15 21:01:00
22.10922,73.61309,1.08,N,2026-05-15 21:01:00
22.14777,77.35985,2.68,N,2026-05-15 21:01:00
22.15774,77.13182,1.31,N,2026-05-15 21:01:00
22.18,75.6404,1.81,N,2026-05-15 21:01:00
22.18554,76.88132,4.36,N,2026-05-15 21:01:00
22.20032,75.57215,1.38,N,2026-05-15 21:01:00
22.20123,75.56718,1.38,N,2026-05-15 21:01:00
22.20351,75.56934,1.89,N,2026-05-15 21:01:00
22.22309,79.08102,0.64,N,2026-05-15 21:01:00
22.23523,78.53975,1.4,N,2026-05-15 21:01:00
22.2377,78.55074,1.79,N,2026-05-15 21:01:00
22.23872,78.54572,1.79,N,2026-05-15 21:01:00
22.26443,75.13329,1.48,N,2026-05-15 21:01:00
22.31266,77.51849,1.4,N,2026-05-15 21:01:00
22.31422,82.5325,1.56,N,2026-05-15 21:01:00
22.31523,82.52818,1.56,N,2026-05-15 21:01:00
22.3155,77.30593,1.63,N,2026-05-15 21:01:00
22.31691,82.547,1.59,N,2026-05-15 21:01:00
22.32962,69.73873,1.34,N,2026-05-15 21:01:00
22.32992,82.56944,1.39,N,2026-05-15 21:01:00
22.33356,69.73544,1.34,N,2026-05-15 21:01:00
22.33459,82.57552,1.39,N,2026-05-15 21:01:00
22.3399,69.85509,2.26,N,2026-05-15 21:01:00
22.35535,82.30373,1.21,N,2026-05-15 21:01:00
22.3596,77.54457,3.63,N,2026-05-15 21:01:00
22.36,77.54671,3.07,N,2026-05-15 21:01:00
22.361,82.30513,1.21,N,2026-05-15 21:01:00
22.36196,82.30096,3.04,N,2026-05-15 21:01:00
22.36914,77.71759,0.63,N,2026-05-15 21:01:00
22.54867,76.91595,1.17,N,2026-05-15 21:01:00
22.57127,85.89743,1.87,N,2026-05-15 21:01:00
22.57842,80.39233,1.15,N,2026-05-15 21:01:00
22.58094,76.218,1.12,N,2026-05-15 21:01:00
22.58486,76.21867,1.12,N,2026-05-15 21:01:00
22.63674,76.80602,0.87,N,2026-05-15 21:01:00
22.63749,76.80218,1.52,N,2026-05-15 21:01:00
22.73473,77.10256,4.02,N,2026-05-15 21:01:00
22.73909,77.05826,4.46,N,2026-05-15 21:01:00
22.75775,76.68253,2.96,N,2026-05-15 21:01:00
22.75848,76.67878,1.58,N,2026-05-15 21:01:00
22.79857,86.08837,1.08,N,2026-05-15 21:01:00
22.87302,77.55498,0.82,N,2026-05-15 21:01:00
22.89772,76.58645,5.06,N,2026-05-15 21:01:00
22.90166,76.58737,5.06,N,2026-05-15 21:01:00
22.90272,76.58189,5.23,N,2026-05-15 21:01:00
22.92371,70.10571,4.01,N,2026-05-15 21:01:00
22.92706,70.10629,4.01,N,2026-05-15 21:01:00
22.93119,69.70261,1.18,N,2026-05-15 21:01:00
22.93177,69.69869,1.18,N,2026-05-15 21:01:00
22.93235,69.69478,1.16,N,2026-05-15 21:01:00
23.01206,70.10133,0.89,N,2026-05-15 21:01:00
23.08816,76.37656,1.11,N,2026-05-15 21:01:00
23.16387,82.34079,2.97,N,2026-05-15 21:01:00
23.16483,82.33659,5.6,N,2026-05-15 21:01:00
23.16946,82.34209,0.86,N,2026-05-15 21:01:00
23.27135,76.74032,3.19,N,2026-05-15 21:01:00
23.27414,76.73909,6.5,N,2026-05-15 21:01:00
23.2753,76.7412,3.19,N,2026-05-15 21:01:00
23.28895,72.4561,0.79,N,2026-05-15 21:01:00
23.31348,70.19978,0.93,N,2026-05-15 21:01:00
23.31638,70.48604,0.99,N,2026-05-15 21:01:00
23.37142,77.10697,2.63,N,2026-05-15 21:01:00
23.3831,77.73243,1.0,N,2026-05-15 21:01:00
23.42649,75.18176,1.51,N,2026-05-15 21:01:00
23.44099,78.24167,1.48,N,2026-05-15 21:01:00
23.45419,78.62643,4.34,N,2026-05-15 21:01:00
23.45641,78.63008,5.05,N,2026-05-15 21:01:00
23.47454,77.15792,5.08,N,2026-05-15 21:01:00
23.47529,77.15405,5.54,N,2026-05-15 21:01:00
23.48071,78.40359,3.9,N,2026-05-15 21:01:00
23.54875,77.77653,3.43,N,2026-05-15 21:01:00
23.57701,78.04645,2.15,N,2026-05-15 21:01:00
23.60501,78.17251,6.82,N,2026-05-15 21:01:00
23.6065,75.38995,0.94,N,2026-05-15 21:01:00
23.61165,86.78728,1.04,N,2026-05-15 21:01:00
23.61531,86.78497,1.02,N,2026-05-15 21:01:00
23.67597,77.68783,4.45,N,2026-05-15 21:01:00
23.67741,86.39371,4.82,N,2026-05-15 21:01:00
23.68189,86.09438,1.24,N,2026-05-15 21:01:00
23.68276,86.39401,3.14,N,2026-05-15 21:01:00
23.68763,87.12156,2.69,N,2026-05-15 21:01:00
23.69106,68.83145,0.65,N,2026-05-15 21:01:00
23.69184,87.1058,2.81,N,2026-05-15 21:01:00
23.69454,85.37109,1.09,N,2026-05-15 21:01:00
23.69597,78.41764,5.31,N,2026-05-15 21:01:00
23.70212,86.07187,0.97,N,2026-05-15 21:01:00
23.7028,86.07356,1.07,N,2026-05-15 21:01:00
23.71254,86.44839,2.7,N,2026-05-15 21:01:00
23.72809,86.44541,1.5,N,2026-05-15 21:01:00
23.72976,86.44736,2.85,N,2026-05-15 21:01:00
23.73862,86.43348,3.18,N,2026-05-15 21:01:00
23.76152,86.40243,4.05,N,2026-05-15 21:01:00
23.77674,86.20548,1.51,N,2026-05-15 21:01:00
23.77704,86.20669,3.21,N,2026-05-15 21:01:00
23.78355,86.20728,1.51,N,2026-05-15 21:01:00
23.79647,86.35304,1.88,N,2026-05-15 21:01:00
23.8931,76.40884,0.39,N,2026-05-15 21:01:00
23.91349,77.50575,4.8,N,2026-05-15 21:01:00
23.91367,74.36585,1.2,N,2026-05-15 21:01:00
23.91716,74.36654,1.2,N,2026-05-15 21:01:00
24.08458,78.20187,1.66,N,2026-05-15 21:01:00
24.08608,78.20457,1.56,N,2026-05-15 21:01:00
24.09802,78.3648,1.47,N,2026-05-15 21:01:00
24.1023,78.36585,1.47,N,2026-05-15 21:01:00
24.10322,78.36138,3.24,N,2026-05-15 21:01:00
24.10865,78.49022,0.7,N,2026-05-15 21:01:00
24.12224,74.19212,0.84,N,2026-05-15 21:01:00
24.12424,74.20114,0.97,N,2026-05-15 21:01:00
24.14659,82.65789,1.38,N,2026-05-15 21:01:00
24.1988,82.71228,2.15,N,2026-05-15 21:01:00
24.20246,82.70733,1.91,N,2026-05-15 21:01:00
24.20707,82.52414,0.83,N,2026-05-15 21:01:00
24.31792,77.15924,0.82,N,2026-05-15 21:01:00
24.33687,77.76637,0.69,N,2026-05-15 21:01:00
24.44818,81.06793,0.64,N,2026-05-15 21:01:00
24.53871,87.45516,1.21,N,2026-05-15 21:01:00
24.55515,79.23264,1.2,N,2026-05-15 21:01:00
24.61566,82.78593,1.33,N,2026-05-15 21:01:00
24.65868,73.87334,1.1,N,2026-05-15 21:01:00
24.6612,74.63275,3.19,N,2026-05-15 21:01:00
24.67264,83.131,0.84,N,2026-05-15 21:01:00
24.68563,77.27392,0.61,N,2026-05-15 21:01:00
24.68979,73.00078,1.52,N,2026-05-15 21:01:00
24.76295,74.61016,2.38,N,2026-05-15 21:01:00
24.76343,74.60841,2.84,N,2026-05-15 21:01:00
24.93308,74.63412,2.05,N,2026-05-15 21:01:00
24.93609,76.32281,1.45,N,2026-05-15 21:01:00
25.0258,74.68307,1.62,N,2026-05-15 21:01:00
25.14301,76.54857,1.2,N,2026-05-15 21:01:00
25.3144,76.40121,1.25,N,2026-05-15 21:01:00
25.31466,76.40412,1.26,N,2026-05-15 21:01:00
25.3874,68.58416,2.17,N,2026-05-15 21:01:00
25.38801,68.57957,2.17,N,2026-05-15 21:01:00
25.40649,81.2022,0.44,N,2026-05-15 21:01:00
25.40756,81.20255,0.38,N,2026-05-15 21:01:00
25.7118,77.98956,0.83,N,2026-05-15 21:01:00
25.72558,77.98453,1.06,N,2026-05-15 21:01:00
25.75432,78.17355,0.48,N,2026-05-15 21:01:00
25.77375,80.47858,1.25,N,2026-05-15 21:01:00
25.77576,78.13139,1.8,N,2026-05-15 21:01:00
25.77659,78.1273,2.84,N,2026-05-15 21:01:00
25.80684,78.10484,0.9,N,2026-05-15 21:01:00
26.25832,74.09757,1.66,N,2026-05-15 21:01:00
26.60614,73.68395,1.74,N,2026-05-15 21:01:00
26.642,79.47804,2.32,N,2026-05-15 21:01:00
26.87203,73.51764,1.27,N,2026-05-15 21:01:00
26.87601,73.51441,1.2,N,2026-05-15 21:01:00
26.87934,73.5151,1.41,N,2026-05-15 21:01:00
27.11192,77.09969,1.02,N,2026-05-15 21:01:00
27.11291,77.0945,2.62,N,2026-05-15 21:01:00
27.28732,73.84097,1.64,N,2026-05-15 21:01:00
27.53512,69.31248,1.78,N,2026-05-15 21:01:00
27.6665,76.12996,2.19,N,2026-05-15 21:01:00
28.05116,69.36962,1.45,N,2026-05-15 21:01:00
28.2729,77.20799,1.33,N,2026-05-15 21:01:00
28.42304,69.70015,1.49,N,2026-05-15 21:01:00
28.64974,77.56284,0.65,N,2026-05-15 21:01:00
28.74395,76.92857,1.32,N,2026-05-15 21:01:00
15.17021,76.37848,3.15,N,2026-05-15 21:04:00
15.52544,73.99218,1.53,N,2026-05-15 21:04:00
15.65862,73.98963,1.63,N,2026-05-15 21:04:00
16.1556,73.57777,0.95,N,2026-05-15 21:04:00
16.26057,73.94493,1.5,N,2026-05-15 21:04:00
17.13393,80.10221,2.45,N,2026-05-15 21:04:00
17.60554,83.20357,2.49,N,2026-05-15 21:04:00
17.61202,83.2053,1.27,N,2026-05-15 21:04:00
17.65257,74.51312,1.32,N,2026-05-15 21:04:00
18.14198,75.33392,0.82,N,2026-05-15 21:04:00
18.289,75.30653,1.2,N,2026-05-15 21:04:00
18.44653,77.62917,2.41,N,2026-05-15 21:04:00
18.44754,77.62413,2.41,N,2026-05-15 21:04:00
18.58395,73.06265,0.86,N,2026-05-15 21:04:00
18.71632,79.53798,1.86,N,2026-05-15 21:04:00
18.72215,79.53585,1.56,N,2026-05-15 21:04:00
18.77648,73.61855,2.16,N,2026-05-15 21:04:00
18.82828,78.87516,2.23,N,2026-05-15 21:04:00
18.82919,78.87601,1.94,N,2026-05-15 21:04:00
18.95095,76.84359,0.95,N,2026-05-15 21:04:00
19.05673,75.00882,0.44,N,2026-05-15 21:04:00
19.09612,82.16888,2.48,N,2026-05-15 21:04:00
19.09766,82.16576,1.61,N,2026-05-15 21:04:00
19.1036,82.16734,1.61,N,2026-05-15 21:04:00
19.13505,78.0628,0.55,N,2026-05-15 21:04:00
19.17801,70.94532,0.74,N,2026-05-15 21:04:00
19.27913,71.42744,2.39,N,2026-05-15 21:04:00
19.36876,71.35561,2.29,N,2026-05-15 21:04:00
19.36937,71.35193,2.29,N,2026-05-15 21:04:00
19.37269,71.35252,2.29,N,2026-05-15 21:04:00
19.44531,78.3616,0.66,N,2026-05-15 21:04:00
19.57116,71.36133,0.84,N,2026-05-15 21:04:00
19.6708,78.49255,1.34,N,2026-05-15 21:04:00
19.67109,78.49155,1.55,N,2026-05-15 21:04:00
19.84646,76.89822,0.54,N,2026-05-15 21:04:00
19.93799,73.70995,0.59,N,2026-05-15 21:04:00
20.15893,75.93574,0.56,N,2026-05-15 21:04:00
20.25865,75.98284,1.26,N,2026-05-15 21:04:00
20.27216,78.26665,1.79,N,2026-05-15 21:04:00
20.34419,75.32384,1.86,N,2026-05-15 21:04:00
20.38302,73.9238,1.56,N,2026-05-15 21:04:00
20.59027,75.45094,0.79,N,2026-05-15 21:04:00
20.70416,75.27216,0.59,N,2026-05-15 21:04:00
20.7229,75.8921,0.27,N,2026-05-15 21:04:00
20.8387,75.25321,1.71,N,2026-05-15 21:04:00
20.83914,75.25659,1.35,N,2026-05-15 21:04:00
20.8448,75.07442,0.98,N,2026-05-15 21:04:00
20.86787,70.56658,0.51,N,2026-05-15 21:04:00
20.90847,71.4593,1.3,N,2026-05-15 21:04:00
20.94455,71.0864,0.53,N,2026-05-15 21:04:00
20.94769,75.29345,0.45,N,2026-05-15 21:04:00
21.07473,73.82478,1.93,N,2026-05-15 21:04:00
21.10328,72.63528,10.0,N,2026-05-15 21:04:00
21.1047,72.64754,2.24,N,2026-05-15 21:04:00
21.10535,72.64367,2.24,N,2026-05-15 21:04:00
21.11005,72.63657,1.57,N,2026-05-15 21:04:00
21.41006,72.97412,1.09,N,2026-05-15 21:04:00
23.76744,86.40511,6.99,D,2026-05-16 06:35:00
27.11101,87.19276,8.68,D,2026-05-16 06:35:00
12.25123,79.54907,2.38,D,2026-05-16 08:11:00
12.7752,79.81734,3.32,D,2026-05-16 08:11:00
13.00103,79.6686,0.95,D,2026-05-16 08:11:00
13.30482,80.25034,1.24,D,2026-05-16 08:11:00
13.30634,79.70545,1.99,D,2026-05-16 08:11:00
13.75285,78.33649,5.86,D,2026-05-16 08:13:00
13.77889,79.86488,5.8,D,2026-05-16 08:13:00
13.80654,79.81399,6.6,D,2026-05-16 08:13:00
13.80941,79.80968,7.16,D,2026-05-16 08:13:00
13.80996,79.81347,7.16,D,2026-05-16 08:13:00
13.83037,79.38083,1.97,D,2026-05-16 08:13:00
14.3277,74.97665,2.57,D,2026-05-16 08:13:00
14.99628,77.11153,5.48,D,2026-05-16 08:13:00
15.29513,80.08157,1.65,D,2026-05-16 08:13:00
15.36167,79.94141,5.51,D,2026-05-16 08:13:00
15.37991,79.86198,6.27,D,2026-05-16 08:13:00
15.4614,79.5742,15.56,D,2026-05-16 08:13:00
15.46193,79.57785,15.56,D,2026-05-16 08:13:00
15.46246,79.58159,9.29,D,2026-05-16 08:13:00
15.46537,79.57738,15.56,D,2026-05-16 08:13:00
15.46591,79.58111,9.29,D,2026-05-16 08:13:00
15.48337,79.65425,5.15,D,2026-05-16 08:13:00
15.54048,78.58186,6.11,D,2026-05-16 08:13:00
15.66533,79.08035,9.35,D,2026-05-16 08:13:00
15.70348,79.07771,4.16,D,2026-05-16 08:13:00
15.7809,79.92871,4.23,D,2026-05-16 08:13:00
15.80848,80.1227,5.96,D,2026-05-16 08:13:00
15.81142,80.11808,2.43,D,2026-05-16 08:13:00
15.81495,80.11755,2.43,D,2026-05-16 08:13:00
15.81499,79.63621,4.29,D,2026-05-16 08:13:00
15.83899,80.15984,2.72,D,2026-05-16 08:13:00
15.89052,78.6647,3.09,D,2026-05-16 08:13:00
15.89388,78.66417,3.09,D,2026-05-16 08:13:00
15.89983,80.1091,4.73,D,2026-05-16 08:13:00
15.90041,80.1132,4.73,D,2026-05-16 08:13:00
15.90335,80.10857,5.79,D,2026-05-16 08:13:00
15.91916,80.37664,2.41,D,2026-05-16 08:13:00
15.93674,80.1916,8.82,D,2026-05-16 08:13:00
15.94553,78.73492,2.08,D,2026-05-16 08:13:00
15.95172,78.73022,5.17,D,2026-05-16 08:13:00
15.95274,79.99783,4.99,D,2026-05-16 08:13:00
15.96385,80.12932,11.5,D,2026-05-16 08:13:00
15.96441,80.13342,3.97,D,2026-05-16 08:13:00
15.96668,80.02058,4.48,D,2026-05-16 08:13:00
15.99055,80.06271,5.85,D,2026-05-16 08:13:00
16.02444,79.66552,2.25,D,2026-05-16 08:13:00
16.03087,79.51243,2.3,D,2026-05-16 08:13:00
16.03177,80.51619,2.96,D,2026-05-16 08:13:00
16.0347,80.53754,3.38,D,2026-05-16 08:13:00
16.03529,80.54182,9.65,D,2026-05-16 08:13:00
16.03536,80.51566,2.96,D,2026-05-16 08:13:00
16.04015,78.59565,3.92,D,2026-05-16 08:13:00
16.04348,78.59503,1.7,D,2026-05-16 08:13:00
16.05072,80.81871,6.19,D,2026-05-16 08:13:00
16.05588,80.71951,3.24,D,2026-05-16 08:13:00
16.0569,80.53864,2.69,D,2026-05-16 08:13:00
16.06051,80.5381,2.69,D,2026-05-16 08:13:00
16.07516,80.77921,6.13,D,2026-05-16 08:13:00
16.08121,80.79628,3.94,D,2026-05-16 08:13:00
16.08533,80.88142,4.33,D,2026-05-16 08:13:00
16.08956,80.91259,5.15,D,2026-05-16 08:13:00
16.08971,80.80402,7.57,D,2026-05-16 08:13:00
16.09354,80.51144,2.89,D,2026-05-16 08:13:00
16.09458,80.8123,8.69,D,2026-05-16 08:13:00
16.09714,80.51091,2.28,D,2026-05-16 08:13:00
16.09857,81.03503,2.31,D,2026-05-16 08:13:00
16.10074,80.51038,2.28,D,2026-05-16 08:13:00
16.10675,80.52695,2.88,D,2026-05-16 08:13:00
16.10735,80.53122,4.81,D,2026-05-16 08:13:00
16.10824,77.92236,5.05,D,2026-05-16 08:13:00
16.11516,80.53443,2.61,D,2026-05-16 08:13:00
16.1157,80.53132,4.93,D,2026-05-16 08:13:00
16.11877,80.53391,2.61,D,2026-05-16 08:13:00
16.12554,80.28375,9.84,D,2026-05-16 08:13:00
16.13264,80.65646,3.13,D,2026-05-16 08:13:00
16.13516,79.83582,6.69,D,2026-05-16 08:13:00
16.15082,78.77811,13.36,D,2026-05-16 08:13:00
16.15362,78.77377,5.0,D,2026-05-16 08:13:00
16.15417,78.77753,13.36,D,2026-05-16 08:13:00
16.15476,79.87386,3.26,D,2026-05-16 08:13:00
16.15528,78.78503,3.66,D,2026-05-16 08:13:00
16.15754,78.77699,10.71,D,2026-05-16 08:13:00
16.15809,78.78075,10.71,D,2026-05-16 08:13:00
16.16311,79.83159,4.16,D,2026-05-16 08:13:00
16.16582,79.8763,8.65,D,2026-05-16 08:13:00
16.16932,79.87578,8.65,D,2026-05-16 08:13:00
16.17698,80.84708,3.0,D,2026-05-16 08:13:00
16.18192,77.94307,6.18,D,2026-05-16 08:13:00
16.18342,80.0019,5.3,D,2026-05-16 08:13:00
16.18387,80.76042,8.32,D,2026-05-16 08:13:00
16.18437,73.47593,5.01,D,2026-05-16 08:13:00
16.18516,73.48056,5.01,D,2026-05-16 08:13:00
16.18682,79.87312,6.34,D,2026-05-16 08:13:00
16.18752,80.7599,3.3,D,2026-05-16 08:13:00
16.19439,79.87612,7.18,D,2026-05-16 08:13:00
16.19682,79.84284,6.33,D,2026-05-16 08:13:00
16.19726,79.14427,4.55,D,2026-05-16 08:13:00
16.19988,78.5622,5.95,D,2026-05-16 08:13:00
16.20028,80.77149,7.93,D,2026-05-16 08:13:00
16.20323,78.56169,5.95,D,2026-05-16 08:13:00
16.21827,79.8931,3.78,D,2026-05-16 08:13:00
16.23207,80.01543,1.02,D,2026-05-16 08:13:00
16.23332,79.97363,3.87,D,2026-05-16 08:13:00
16.23857,80.72555,7.64,D,2026-05-16 08:13:00
16.23868,79.91066,2.32,D,2026-05-16 08:13:00
16.25063,79.31976,4.04,D,2026-05-16 08:13:00
16.2567,79.96194,35.4,D,2026-05-16 08:13:00
16.26126,79.86603,5.69,D,2026-05-16 08:13:00
16.26476,79.86549,3.82,D,2026-05-16 08:13:00
16.26691,80.88078,2.57,D,2026-05-16 08:13:00
16.26813,80.8838,2.14,D,2026-05-16 08:13:00
16.27211,80.04723,4.33,D,2026-05-16 08:13:00
16.27473,79.98831,7.2,D,2026-05-16 08:13:00
16.27791,80.63176,6.47,D,2026-05-16 08:13:00
16.29666,80.63345,2.75,D,2026-05-16 08:13:00
16.29823,80.83526,1.91,D,2026-05-16 08:13:00
16.31057,80.65364,6.78,D,2026-05-16 08:13:00
16.3142,80.65311,6.78,D,2026-05-16 08:13:00
16.3189,77.90644,2.63,D,2026-05-16 08:13:00
16.32208,80.73692,12.78,D,2026-05-16 08:13:00
16.32209,80.04388,4.4,D,2026-05-16 08:13:00
16.33576,79.7282,1.81,D,2026-05-16 08:13:00
16.35328,78.29777,4.85,D,2026-05-16 08:13:00
16.36658,77.86186,3.51,D,2026-05-16 08:13:00
16.3699,77.86133,3.51,D,2026-05-16 08:13:00
16.37717,80.07839,4.48,D,2026-05-16 08:13:00
16.37738,80.07761,5.0,D,2026-05-16 08:13:00
16.38007,77.50595,4.7,D,2026-05-16 08:13:00
16.38193,77.83293,4.4,D,2026-05-16 08:13:00
16.38338,77.50541,4.7,D,2026-05-16 08:13:00
16.38975,77.32461,7.55,D,2026-05-16 08:13:00
16.3973,80.58391,6.98,D,2026-05-16 08:13:00
16.40985,80.75645,7.67,D,2026-05-16 08:13:00
16.41351,80.75591,7.67,D,2026-05-16 08:13:00
16.41412,80.76034,7.67,D,2026-05-16 08:13:00
16.41504,79.83518,3.93,D,2026-05-16 08:13:00
16.42319,79.8422,2.65,D,2026-05-16 08:13:00
16.43101,77.26226,6.35,D,2026-05-16 08:13:00
16.43156,77.26584,6.35,D,2026-05-16 08:13:00
16.46235,79.66037,3.56,D,2026-05-16 08:13:00
16.46502,78.23088,3.27,D,2026-05-16 08:13:00
16.46836,78.23035,11.32,D,2026-05-16 08:13:00
16.47417,79.74426,5.13,D,2026-05-16 08:13:00
16.48939,76.56689,6.72,D,2026-05-16 08:13:00
16.50636,78.87217,5.53,D,2026-05-16 08:13:00
16.51777,78.24117,11.35,D,2026-05-16 08:13:00
16.5258,76.82321,11.89,D,2026-05-16 08:13:00
16.54401,73.42149,4.33,D,2026-05-16 08:13:00
16.54691,73.41618,7.86,D,2026-05-16 08:13:00
16.54973,79.79865,5.55,D,2026-05-16 08:13:00
16.55078,79.79959,4.55,D,2026-05-16 08:13:00
16.56485,80.66846,2.12,D,2026-05-16 08:13:00
16.5651,80.66756,1.99,D,2026-05-16 08:13:00
16.56626,78.34538,17.7,D,2026-05-16 08:13:00
16.57565,80.21078,10.88,D,2026-05-16 08:13:00
16.58139,79.58647,6.77,D,2026-05-16 08:13:00
16.58682,77.41959,6.04,D,2026-05-16 08:13:00
16.58899,80.4649,4.63,D,2026-05-16 08:13:00
16.59193,76.83452,6.98,D,2026-05-16 08:13:00
16.59425,77.76061,4.51,D,2026-05-16 08:13:00
16.59863,80.45467,4.16,D,2026-05-16 08:13:00
16.62163,73.67266,3.63,D,2026-05-16 08:13:00
16.62321,81.74976,3.76,D,2026-05-16 08:13:00
16.63106,81.51154,5.46,D,2026-05-16 08:13:00
16.63423,81.50613,7.74,D,2026-05-16 08:13:00
16.63489,81.511,8.33,D,2026-05-16 08:13:00
16.63871,81.51046,8.33,D,2026-05-16 08:13:00
16.65927,78.24387,8.31,D,2026-05-16 08:13:00
16.66985,81.31611,3.85,D,2026-05-16 08:13:00
16.67048,81.32088,10.64,D,2026-05-16 08:13:00
16.67174,81.33043,7.33,D,2026-05-16 08:13:00
16.67236,81.33521,7.33,D,2026-05-16 08:13:00
16.67468,78.27888,7.05,D,2026-05-16 08:13:00
16.67615,81.33466,7.33,D,2026-05-16 08:13:00
16.69962,80.6191,27.61,D,2026-05-16 08:13:00
16.70044,77.92459,4.99,D,2026-05-16 08:13:00
16.7022,80.52933,6.26,D,2026-05-16 08:13:00
16.7118,81.17039,11.13,D,2026-05-16 08:13:00
16.71491,81.16517,7.78,D,2026-05-16 08:13:00
16.71715,76.55067,10.15,D,2026-05-16 08:13:00
16.71909,82.05556,8.65,D,2026-05-16 08:13:00
16.72069,81.05755,2.8,D,2026-05-16 08:13:00
16.72257,81.48045,6.6,D,2026-05-16 08:13:00
16.7262,81.74757,4.8,D,2026-05-16 08:13:00
16.72639,81.47991,6.6,D,2026-05-16 08:13:00
16.72667,78.21442,5.47,D,2026-05-16 08:13:00
16.7298,81.98487,9.94,D,2026-05-16 08:13:00
16.73766,77.05639,8.14,D,2026-05-16 08:13:00
16.74567,82.16505,8.97,D,2026-05-16 08:13:00
16.75653,82.03436,7.43,D,2026-05-16 08:13:00
16.75724,82.0396,5.57,D,2026-05-16 08:13:00
16.75936,82.03638,14.08,D,2026-05-16 08:13:00
16.76038,81.91957,8.39,D,2026-05-16 08:13:00
16.76105,81.92474,10.32,D,2026-05-16 08:13:00
16.76498,81.92419,6.56,D,2026-05-16 08:13:00
16.76501,82.20863,5.5,D,2026-05-16 08:13:00
16.76574,81.96104,4.06,D,2026-05-16 08:13:00
16.76833,81.9501,4.29,D,2026-05-16 08:13:00
16.77014,81.90244,4.85,D,2026-05-16 08:13:00
16.77081,81.90759,4.85,D,2026-05-16 08:13:00
16.77159,81.94436,4.29,D,2026-05-16 08:13:00
16.77227,81.94955,4.29,D,2026-05-16 08:13:00
16.77474,81.90705,4.85,D,2026-05-16 08:13:00
16.77485,78.2933,6.88,D,2026-05-16 08:13:00
16.7759,76.55885,8.61,D,2026-05-16 08:13:00
16.77865,76.55468,8.61,D,2026-05-16 08:13:00
16.77922,76.5583,8.61,D,2026-05-16 08:13:00
16.78025,81.98022,3.59,D,2026-05-16 08:13:00
16.78419,81.97968,3.59,D,2026-05-16 08:13:00
16.79276,81.9838,22.53,D,2026-05-16 08:13:00
16.79426,82.02619,5.61,D,2026-05-16 08:13:00
16.79631,82.04194,12.49,D,2026-05-16 08:13:00
16.79699,82.0472,10.0,D,2026-05-16 08:13:00
16.80767,81.94463,3.57,D,2026-05-16 08:13:00
16.80894,81.37714,4.02,D,2026-05-16 08:13:00
16.8182,80.34996,3.06,D,2026-05-16 08:13:00
16.81858,79.96848,6.11,D,2026-05-16 08:13:00
16.82522,81.64989,4.51,D,2026-05-16 08:13:00
16.82705,79.72128,4.8,D,2026-05-16 08:13:00
16.82803,81.94708,4.29,D,2026-05-16 08:13:00
16.8285,81.92062,1.62,D,2026-05-16 08:13:00
16.82935,82.04808,10.69,D,2026-05-16 08:13:00
16.83132,79.65083,5.69,D,2026-05-16 08:13:00
16.83889,82.08978,5.17,D,2026-05-16 08:13:00
16.83986,80.12259,2.62,D,2026-05-16 08:13:00
16.84994,81.74892,4.95,D,2026-05-16 08:13:00
16.85181,82.07562,3.34,D,2026-05-16 08:13:00
16.85228,81.6461,7.11,D,2026-05-16 08:13:00
16.85266,82.07172,2.81,D,2026-05-16 08:13:00
16.85337,82.077,2.81,D,2026-05-16 08:13:00
16.86104,82.05281,4.62,D,2026-05-16 08:13:00
16.86174,82.04897,7.1,D,2026-05-16 08:13:00
16.86244,82.05424,7.1,D,2026-05-16 08:13:00
16.865,82.05226,6.62,D,2026-05-16 08:13:00
16.86797,80.43578,4.94,D,2026-05-16 08:13:00
16.87333,81.96026,10.32,D,2026-05-16 08:13:00
16.8891,81.95805,3.47,D,2026-05-16 08:13:00
16.88952,81.89981,39.02,D,2026-05-16 08:13:00
16.89809,80.65938,1.73,D,2026-05-16 08:13:00
16.90125,79.9184,8.51,D,2026-05-16 08:13:00
16.90327,80.96637,2.45,D,2026-05-16 08:13:00
16.90514,79.84242,4.19,D,2026-05-16 08:13:00
16.91912,80.12827,4.69,D,2026-05-16 08:13:00
16.91969,80.13245,6.69,D,2026-05-16 08:13:00
16.92058,80.12759,3.7,D,2026-05-16 08:13:00
16.92117,80.13177,7.71,D,2026-05-16 08:13:00
16.92235,80.2178,1.9,D,2026-05-16 08:13:00
16.92653,80.22153,5.13,D,2026-05-16 08:13:00
16.9301,81.99497,8.06,D,2026-05-16 08:13:00
16.93011,80.22101,5.13,D,2026-05-16 08:13:00
16.9314,78.91798,5.1,D,2026-05-16 08:13:00
16.93196,78.9218,5.1,D,2026-05-16 08:13:00
16.93405,81.99442,8.06,D,2026-05-16 08:13:00
16.93987,81.97761,6.47,D,2026-05-16 08:13:00
16.94342,80.28037,4.05,D,2026-05-16 08:13:00
16.94381,81.97704,3.68,D,2026-05-16 08:13:00
16.94567,80.27946,3.52,D,2026-05-16 08:13:00
16.95954,79.89701,9.4,D,2026-05-16 08:13:00
16.96024,80.08352,6.13,D,2026-05-16 08:13:00
16.97056,79.97551,8.39,D,2026-05-16 08:13:00
16.97797,82.06603,4.9,D,2026-05-16 08:13:00
16.97915,80.11496,5.81,D,2026-05-16 08:13:00
16.98412,82.1278,2.69,D,2026-05-16 08:13:00
16.98542,82.12476,3.82,D,2026-05-16 08:13:00
16.99281,80.75037,3.87,D,2026-05-16 08:13:00
16.99302,80.32113,6.02,D,2026-05-16 08:13:00
17.00604,82.12732,5.75,D,2026-05-16 08:13:00
17.01236,80.19627,9.78,D,2026-05-16 08:13:00
17.02029,80.54776,10.65,D,2026-05-16 08:13:00
17.02195,80.86738,7.39,D,2026-05-16 08:13:00
17.02278,73.71881,2.31,D,2026-05-16 08:13:00
17.02384,80.86597,8.75,D,2026-05-16 08:13:00
17.02447,80.87055,8.75,D,2026-05-16 08:13:00
17.02566,80.86684,10.71,D,2026-05-16 08:13:00
17.03191,80.82867,4.01,D,2026-05-16 08:13:00
17.03814,80.79073,3.41,D,2026-05-16 08:13:00
17.03846,80.18529,4.24,D,2026-05-16 08:13:00
17.0398,80.18355,6.25,D,2026-05-16 08:13:00
17.0398,80.20947,8.04,D,2026-05-16 08:13:00
17.03982,80.28788,12.38,D,2026-05-16 08:13:00
17.04042,80.29217,12.38,D,2026-05-16 08:13:00
17.04102,80.29645,10.78,D,2026-05-16 08:13:00
17.04162,80.30074,10.78,D,2026-05-16 08:13:00
17.04183,80.79018,3.41,D,2026-05-16 08:13:00
17.04191,80.21072,7.57,D,2026-05-16 08:13:00
17.04402,80.29163,5.58,D,2026-05-16 08:13:00
17.04761,80.29108,5.58,D,2026-05-16 08:13:00
17.04884,80.26189,5.43,D,2026-05-16 08:13:00
17.06041,77.93964,5.24,D,2026-05-16 08:13:00
17.06281,80.58652,3.15,D,2026-05-16 08:13:00
17.06421,79.9501,3.89,D,2026-05-16 08:13:00
17.06646,80.58598,3.15,D,2026-05-16 08:13:00
17.06707,80.59042,3.15,D,2026-05-16 08:13:00
17.0739,80.44782,3.54,D,2026-05-16 08:13:00
17.07918,80.32317,8.62,D,2026-05-16 08:13:00
17.08786,79.91271,4.52,D,2026-05-16 08:13:00
17.09098,80.16881,2.4,D,2026-05-16 08:13:00
17.09124,80.30379,7.99,D,2026-05-16 08:13:00
17.09319,80.23783,6.96,D,2026-05-16 08:13:00
17.09456,80.16827,2.4,D,2026-05-16 08:13:00
17.09797,80.65588,6.83,D,2026-05-16 08:13:00
17.09813,80.16774,6.59,D,2026-05-16 08:13:00
17.09885,80.65823,6.42,D,2026-05-16 08:13:00
17.10342,80.66874,3.01,D,2026-05-16 08:13:00
17.10437,80.67107,4.6,D,2026-05-16 08:13:00
17.1047,80.16243,2.99,D,2026-05-16 08:13:00
17.10709,80.66821,2.81,D,2026-05-16 08:13:00
17.10771,80.13166,7.58,D,2026-05-16 08:13:00
17.11369,80.09628,5.57,D,2026-05-16 08:13:00
17.11903,80.10841,7.11,D,2026-05-16 08:13:00
17.12105,80.44086,3.79,D,2026-05-16 08:13:00
17.12141,80.09943,3.14,D,2026-05-16 08:13:00
17.12203,80.05215,5.91,D,2026-05-16 08:13:00
17.12416,80.38272,4.43,D,2026-05-16 08:13:00
17.12778,80.38219,3.49,D,2026-05-16 08:13:00
17.13206,81.62315,3.07,D,2026-05-16 08:13:00
17.14795,80.19994,2.4,D,2026-05-16 08:13:00
17.14888,80.12614,8.08,D,2026-05-16 08:13:00
17.15003,80.19895,2.09,D,2026-05-16 08:13:00
17.15245,80.12561,8.08,D,2026-05-16 08:13:00
17.15438,80.08645,7.57,D,2026-05-16 08:13:00
17.15602,80.12507,4.89,D,2026-05-16 08:13:00
17.15664,80.64726,5.19,D,2026-05-16 08:13:00
17.16215,80.39038,2.06,D,2026-05-16 08:13:00
17.17072,80.17918,4.75,D,2026-05-16 08:13:00
17.19186,80.30717,5.27,D,2026-05-16 08:13:00
17.21376,77.76223,4.77,D,2026-05-16 08:13:00
17.22057,79.52757,3.88,D,2026-05-16 08:13:00
17.22578,78.00227,11.24,D,2026-05-16 08:13:00
17.22767,79.65405,3.3,D,2026-05-16 08:13:00
17.23539,77.66238,10.37,D,2026-05-16 08:13:00
17.25448,80.02917,5.11,D,2026-05-16 08:13:00
17.2562,79.88416,3.95,D,2026-05-16 08:13:00
17.25974,79.88363,4.61,D,2026-05-16 08:13:00
17.26103,80.0239,9.69,D,2026-05-16 08:13:00
17.26829,80.46022,6.37,D,2026-05-16 08:13:00
17.27192,80.45969,6.37,D,2026-05-16 08:13:00
17.27353,79.19188,2.45,D,2026-05-16 08:13:00
17.2743,81.92597,3.54,D,2026-05-16 08:13:00
17.27986,79.18693,2.85,D,2026-05-16 08:13:00
17.28042,79.19082,2.85,D,2026-05-16 08:13:00
17.2833,79.1864,3.11,D,2026-05-16 08:13:00
17.28386,79.19031,3.11,D,2026-05-16 08:13:00
17.28442,79.19421,2.84,D,2026-05-16 08:13:00
17.2873,79.18978,3.11,D,2026-05-16 08:13:00
17.28952,79.03456,2.66,D,2026-05-16 08:13:00
17.29031,80.81288,8.4,D,2026-05-16 08:13:00
17.29093,80.81748,8.4,D,2026-05-16 08:13:00
17.29703,82.33858,3.5,D,2026-05-16 08:13:00
17.31235,73.59425,9.32,D,2026-05-16 08:13:00
17.31683,79.98124,5.32,D,2026-05-16 08:13:00
17.31797,79.63249,4.66,D,2026-05-16 08:13:00
17.32005,80.86468,5.49,D,2026-05-16 08:13:00
17.32046,78.95889,2.54,D,2026-05-16 08:13:00
17.32147,79.63196,4.66,D,2026-05-16 08:13:00
17.32387,78.95836,3.4,D,2026-05-16 08:13:00
17.32569,79.86993,2.99,D,2026-05-16 08:13:00
17.32804,81.297,2.41,D,2026-05-16 08:13:00
17.33377,80.34005,3.65,D,2026-05-16 08:13:00
17.34514,80.423,6.55,D,2026-05-16 08:13:00
17.35042,79.48335,3.74,D,2026-05-16 08:13:00
17.3511,82.21082,4.48,D,2026-05-16 08:13:00
17.35831,79.97575,3.18,D,2026-05-16 08:13:00
17.36194,80.62854,4.82,D,2026-05-16 08:13:00
17.36209,79.20255,1.28,D,2026-05-16 08:13:00
17.38788,82.24163,4.29,D,2026-05-16 08:13:00
17.3899,80.12627,4.24,D,2026-05-16 08:13:00
17.39076,79.0348,9.74,D,2026-05-16 08:13:00
17.41193,80.15348,5.33,D,2026-05-16 08:13:00
17.41782,80.43999,5.14,D,2026-05-16 08:13:00
17.42074,80.4893,8.63,D,2026-05-16 08:13:00
17.46027,79.90562,5.29,D,2026-05-16 08:13:00
17.4718,80.37382,4.24,D,2026-05-16 08:13:00
17.47724,81.58529,3.53,D,2026-05-16 08:13:00
17.48113,81.58477,3.25,D,2026-05-16 08:13:00
17.48326,78.66049,3.96,D,2026-05-16 08:13:00
17.48822,80.85329,4.26,D,2026-05-16 08:13:00
17.49379,79.68112,4.39,D,2026-05-16 08:13:00
17.49409,73.31871,6.9,D,2026-05-16 08:13:00
17.50216,79.56021,2.72,D,2026-05-16 08:13:00
17.50566,79.55968,2.72,D,2026-05-16 08:13:00
17.50623,79.56374,2.72,D,2026-05-16 08:13:00
17.50679,79.56778,4.38,D,2026-05-16 08:13:00
17.51266,79.55862,1.85,D,2026-05-16 08:13:00
17.52293,82.33012,7.42,D,2026-05-16 08:13:00
17.52451,80.08092,3.81,D,2026-05-16 08:13:00
17.52984,80.41566,4.83,D,2026-05-16 08:13:00
17.54301,80.05642,4.67,D,2026-05-16 08:13:00
17.54659,80.05589,4.67,D,2026-05-16 08:13:00
17.55066,79.13418,2.67,D,2026-05-16 08:13:00
17.55231,81.19113,10.71,D,2026-05-16 08:13:00
17.55528,79.86686,3.04,D,2026-05-16 08:13:00
17.57129,79.64521,3.94,D,2026-05-16 08:13:00
17.57463,79.15452,2.05,D,2026-05-16 08:13:00
17.58079,80.59931,3.72,D,2026-05-16 08:13:00
17.58619,83.16599,4.41,D,2026-05-16 08:13:00
17.59594,80.27334,3.99,D,2026-05-16 08:13:00
17.59745,79.75458,6.86,D,2026-05-16 08:13:00
17.59997,79.95418,2.28,D,2026-05-16 08:13:00
17.60054,73.39431,3.2,D,2026-05-16 08:13:00
17.60129,73.3987,3.2,D,2026-05-16 08:13:00
17.60727,78.20415,6.13,D,2026-05-16 08:13:00
17.61654,80.78007,1.44,D,2026-05-16 08:13:00
17.61786,80.19059,8.33,D,2026-05-16 08:13:00
17.61844,80.19485,8.33,D,2026-05-16 08:13:00
17.62146,80.19006,8.33,D,2026-05-16 08:13:00
17.62205,80.19437,8.33,D,2026-05-16 08:13:00
17.62442,79.84365,2.48,D,2026-05-16 08:13:00
17.62506,80.18953,2.23,D,2026-05-16 08:13:00
17.62565,80.19383,2.23,D,2026-05-16 08:13:00
17.63145,79.91942,7.54,D,2026-05-16 08:13:00
17.63348,79.83453,3.78,D,2026-05-16 08:13:00
17.64127,79.81215,2.66,D,2026-05-16 08:13:00
17.64567,79.94307,4.08,D,2026-05-16 08:13:00
17.64745,79.95568,5.75,D,2026-05-16 08:13:00
17.64849,80.14635,5.9,D,2026-05-16 08:13:00
17.65952,79.65758,7.36,D,2026-05-16 08:13:00
17.66288,80.17067,3.19,D,2026-05-16 08:13:00
17.66665,78.22096,12.83,D,2026-05-16 08:13:00
17.66824,79.85055,0.94,D,2026-05-16 08:13:00
17.66895,73.44719,3.4,D,2026-05-16 08:13:00
17.66935,79.70229,6.49,D,2026-05-16 08:13:00
17.66946,80.13886,4.75,D,2026-05-16 08:13:00
17.67302,79.83278,1.46,D,2026-05-16 08:13:00
17.68631,79.92918,2.89,D,2026-05-16 08:13:00
17.69643,79.32983,5.67,D,2026-05-16 08:13:00
17.69699,79.33381,5.67,D,2026-05-16 08:13:00
17.69961,80.27569,2.2,D,2026-05-16 08:13:00
17.6999,79.32928,3.41,D,2026-05-16 08:13:00
17.70046,79.33327,5.69,D,2026-05-16 08:13:00
17.70399,78.79295,6.26,D,2026-05-16 08:13:00
17.70417,80.27618,3.48,D,2026-05-16 08:13:00
17.70433,78.7929,6.68,D,2026-05-16 08:13:00
17.70472,79.59641,3.29,D,2026-05-16 08:13:00
17.70476,80.28054,3.48,D,2026-05-16 08:13:00
17.70799,80.03391,1.26,D,2026-05-16 08:13:00
17.70823,79.59588,1.96,D,2026-05-16 08:13:00
17.70831,79.90443,7.11,D,2026-05-16 08:13:00
17.70843,79.59608,1.62,D,2026-05-16 08:13:00
17.71157,80.03336,3.06,D,2026-05-16 08:13:00
17.71255,79.02109,2.49,D,2026-05-16 08:13:00
17.7146,80.2168,4.26,D,2026-05-16 08:13:00
17.71461,76.479,9.95,D,2026-05-16 08:13:00
17.71598,79.02055,2.49,D,2026-05-16 08:13:00
17.71614,79.83055,3.08,D,2026-05-16 08:13:00
17.72905,80.2147,4.11,D,2026-05-16 08:13:00
17.73023,80.22338,6.38,D,2026-05-16 08:13:00
17.73082,80.22768,5.25,D,2026-05-16 08:13:00
17.73443,80.22713,5.25,D,2026-05-16 08:13:00
17.73563,79.84046,2.2,D,2026-05-16 08:13:00
17.73728,79.98195,3.46,D,2026-05-16 08:13:00
17.74035,79.64556,3.65,D,2026-05-16 08:13:00
17.7424,78.23564,7.25,D,2026-05-16 08:13:00
17.743,80.45507,6.35,D,2026-05-16 08:13:00
17.75119,79.56869,3.53,D,2026-05-16 08:13:00
17.76214,79.90969,4.4,D,2026-05-16 08:13:00
17.76995,81.93965,5.4,D,2026-05-16 08:13:00
17.7997,79.83978,1.78,D,2026-05-16 08:13:00
17.80212,80.50575,2.87,D,2026-05-16 08:13:00
17.81145,79.8722,5.02,D,2026-05-16 08:13:00
17.81414,81.17001,2.03,D,2026-05-16 08:13:00
17.81526,80.33094,3.32,D,2026-05-16 08:13:00
17.81538,80.33175,4.97,D,2026-05-16 08:13:00
17.81588,80.33536,3.32,D,2026-05-16 08:13:00
17.82051,79.24164,3.43,D,2026-05-16 08:13:00
17.82798,79.91272,4.27,D,2026-05-16 08:13:00
17.83455,76.61787,14.09,D,2026-05-16 08:13:00
17.83691,79.74535,3.54,D,2026-05-16 08:13:00
17.83703,79.74474,3.36,D,2026-05-16 08:13:00
17.83802,79.95874,2.83,D,2026-05-16 08:13:00
17.84159,79.9582,2.83,D,2026-05-16 08:13:00
17.86621,78.06019,5.31,D,2026-05-16 08:13:00
17.86738,78.04486,9.59,D,2026-05-16 08:13:00
17.86758,78.1395,10.72,D,2026-05-16 08:13:00
17.87458,81.95149,6.87,D,2026-05-16 08:13:00
17.88454,79.56973,6.1,D,2026-05-16 08:13:00
17.88921,78.00735,5.37,D,2026-05-16 08:13:00
17.89256,78.00682,5.37,D,2026-05-16 08:13:00
17.90804,79.81555,0.88,D,2026-05-16 08:13:00
17.9092,78.02682,9.46,D,2026-05-16 08:13:00
17.91159,79.81501,5.59,D,2026-05-16 08:13:00
17.91412,82.29276,3.08,D,2026-05-16 08:13:00
17.91514,79.81448,5.59,D,2026-05-16 08:13:00
17.91868,79.81393,4.35,D,2026-05-16 08:13:00
17.91928,80.05604,5.27,D,2026-05-16 08:13:00
17.92165,80.23651,5.78,D,2026-05-16 08:13:00
17.92422,79.67293,2.28,D,2026-05-16 08:13:00
17.92628,82.62437,4.35,D,2026-05-16 08:13:00
17.93251,80.0191,4.38,D,2026-05-16 08:13:00
17.93686,78.0862,7.59,D,2026-05-16 08:13:00
17.9408,78.31081,6.51,D,2026-05-16 08:13:00
17.94683,79.68314,3.34,D,2026-05-16 08:13:00
17.94754,78.06557,12.97,D,2026-05-16 08:13:00
17.948,81.50555,1.24,D,2026-05-16 08:13:00
17.95047,78.25956,4.37,D,2026-05-16 08:13:00
17.95213,79.80143,2.88,D,2026-05-16 08:13:00
17.95286,78.1254,7.48,D,2026-05-16 08:13:00
17.96085,79.70644,3.5,D,2026-05-16 08:13:00
17.97544,81.93124,6.89,D,2026-05-16 08:13:00
17.97725,80.13072,6.9,D,2026-05-16 08:13:00
18.00079,80.57605,9.01,D,2026-05-16 08:13:00
18.00603,79.772,5.76,D,2026-05-16 08:13:00
18.00661,79.7762,5.76,D,2026-05-16 08:13:00
18.00957,79.77148,5.76,D,2026-05-16 08:13:00
18.01096,79.67772,6.0,D,2026-05-16 08:13:00
18.01391,79.67305,2.82,D,2026-05-16 08:13:00
18.01449,79.67719,1.8,D,2026-05-16 08:13:00
18.01776,78.07708,7.67,D,2026-05-16 08:13:00
18.01865,80.6811,4.9,D,2026-05-16 08:13:00
18.03765,75.03938,8.35,D,2026-05-16 08:13:00
18.04156,79.69011,2.3,D,2026-05-16 08:13:00
18.04198,79.84802,2.89,D,2026-05-16 08:13:00
18.04539,78.08772,8.0,D,2026-05-16 08:13:00
18.05351,78.14345,9.87,D,2026-05-16 08:13:00
18.05642,79.1333,3.92,D,2026-05-16 08:13:00
18.05909,78.98793,4.23,D,2026-05-16 08:13:00
18.06086,79.95758,1.99,D,2026-05-16 08:13:00
18.06197,78.98346,3.62,D,2026-05-16 08:13:00
18.06278,78.06596,20.04,D,2026-05-16 08:13:00
18.07187,80.68275,4.83,D,2026-05-16 08:13:00
18.07354,78.16311,17.41,D,2026-05-16 08:13:00
18.074,78.04899,9.36,D,2026-05-16 08:13:00
18.07729,79.7151,3.91,D,2026-05-16 08:13:00
18.07734,78.04845,5.38,D,2026-05-16 08:13:00
18.08567,78.0585,6.23,D,2026-05-16 08:13:00
18.086,79.75223,5.47,D,2026-05-16 08:13:00
18.08658,79.75642,5.47,D,2026-05-16 08:13:00
18.08769,79.96656,3.9,D,2026-05-16 08:13:00
18.08981,79.96711,7.42,D,2026-05-16 08:13:00
18.10011,80.71381,7.66,D,2026-05-16 08:13:00
18.10063,82.85543,3.45,D,2026-05-16 08:13:00
18.10193,78.19289,5.46,D,2026-05-16 08:13:00
18.10219,78.12424,8.99,D,2026-05-16 08:13:00
18.10411,78.20779,5.86,D,2026-05-16 08:13:00
18.10475,78.18862,11.55,D,2026-05-16 08:13:00
18.10529,78.19235,8.46,D,2026-05-16 08:13:00
18.10747,78.20727,11.7,D,2026-05-16 08:13:00
18.10802,78.21099,11.7,D,2026-05-16 08:13:00
18.10819,78.16517,9.2,D,2026-05-16 08:13:00
18.11192,78.21418,3.39,D,2026-05-16 08:13:00
18.11209,78.16837,7.58,D,2026-05-16 08:13:00
18.11301,78.22165,7.71,D,2026-05-16 08:13:00
18.11427,79.33289,3.37,D,2026-05-16 08:13:00
18.11607,79.32021,3.66,D,2026-05-16 08:13:00
18.11703,78.01554,9.22,D,2026-05-16 08:13:00
18.11799,82.85646,2.2,D,2026-05-16 08:13:00
18.12066,78.10986,20.51,D,2026-05-16 08:13:00
18.12242,79.44353,3.92,D,2026-05-16 08:13:00
18.12253,79.4475,6.73,D,2026-05-16 08:13:00
18.12299,79.44762,3.92,D,2026-05-16 08:13:00
18.1281,80.14237,4.81,D,2026-05-16 08:13:00
18.12871,78.02503,17.08,D,2026-05-16 08:13:00
18.139,79.51202,3.23,D,2026-05-16 08:13:00
18.16197,79.73267,3.46,D,2026-05-16 08:13:00
18.16234,79.65594,2.4,D,2026-05-16 08:13:00
18.16284,79.73215,3.55,D,2026-05-16 08:13:00
18.17393,79.55708,5.51,D,2026-05-16 08:13:00
18.17612,77.8242,12.99,D,2026-05-16 08:13:00
18.18678,77.7811,9.03,D,2026-05-16 08:13:00
18.19142,77.47354,3.21,D,2026-05-16 08:13:00
18.19851,79.03525,7.28,D,2026-05-16 08:13:00
18.19896,78.00188,16.47,D,2026-05-16 08:13:00
18.2016,79.10752,4.74,D,2026-05-16 08:13:00
18.21173,79.02915,5.6,D,2026-05-16 08:13:00
18.21247,80.54877,1.9,D,2026-05-16 08:13:00
18.223,82.63821,3.65,D,2026-05-16 08:13:00
18.22402,82.63822,3.11,D,2026-05-16 08:13:00
18.22449,78.99496,7.21,D,2026-05-16 08:13:00
18.22905,79.0023,4.41,D,2026-05-16 08:13:00
18.23156,80.55069,16.25,D,2026-05-16 08:13:00
18.24502,78.43505,5.28,D,2026-05-16 08:13:00
18.24514,77.99865,7.73,D,2026-05-16 08:13:00
18.24782,77.71511,9.79,D,2026-05-16 08:13:00
18.25007,79.0758,4.12,D,2026-05-16 08:13:00
18.26592,79.82879,2.52,D,2026-05-16 08:13:00
18.26669,83.95606,1.42,D,2026-05-16 08:13:00
18.27051,83.36834,3.18,D,2026-05-16 08:13:00
18.27127,83.95547,5.05,D,2026-05-16 08:13:00
18.27138,83.95411,5.59,D,2026-05-16 08:13:00
18.28477,78.68687,7.99,D,2026-05-16 08:13:00
18.29697,77.81632,9.92,D,2026-05-16 08:13:00
18.29867,73.53603,2.5,D,2026-05-16 08:13:00
18.30408,77.86427,14.35,D,2026-05-16 08:13:00
18.30742,77.86373,17.65,D,2026-05-16 08:13:00
18.31771,79.01675,11.29,D,2026-05-16 08:13:00
18.32187,77.86897,6.95,D,2026-05-16 08:13:00
18.32704,79.36734,3.74,D,2026-05-16 08:13:00
18.32762,79.36742,5.56,D,2026-05-16 08:13:00
18.33392,79.38724,3.72,D,2026-05-16 08:13:00
18.33742,79.38671,3.72,D,2026-05-16 08:13:00
18.33967,77.9073,5.73,D,2026-05-16 08:13:00
18.34497,77.96698,3.41,D,2026-05-16 08:13:00
18.34565,78.14616,3.4,D,2026-05-16 08:13:00
18.34933,78.52815,5.32,D,2026-05-16 08:13:00
18.35433,79.50971,3.14,D,2026-05-16 08:13:00
18.35435,82.08803,5.01,D,2026-05-16 08:13:00
18.35514,82.19061,3.69,D,2026-05-16 08:13:00
18.35956,77.78693,7.92,D,2026-05-16 08:13:00
18.36592,78.47478,7.35,D,2026-05-16 08:13:00
18.37223,78.25695,12.87,D,2026-05-16 08:13:00
18.37238,79.5365,1.98,D,2026-05-16 08:13:00
18.38557,78.24684,6.71,D,2026-05-16 08:13:00
18.38611,78.25061,6.71,D,2026-05-16 08:13:00
18.43647,79.4552,17.53,D,2026-05-16 08:13:00
18.43998,79.45466,17.53,D,2026-05-16 08:13:00
18.44044,79.37637,2.2,D,2026-05-16 08:13:00
18.45142,78.48839,3.94,D,2026-05-16 08:13:00
18.45427,78.48405,3.94,D,2026-05-16 08:13:00
18.4592,79.61659,9.96,D,2026-05-16 08:13:00
18.45974,79.36089,4.28,D,2026-05-16 08:13:00
18.4605,78.4792,8.22,D,2026-05-16 08:13:00
18.46134,82.4461,2.92,D,2026-05-16 08:13:00
18.46324,79.36034,4.28,D,2026-05-16 08:13:00
18.46539,79.53213,3.06,D,2026-05-16 08:13:00
18.46891,79.53159,2.39,D,2026-05-16 08:13:00
18.47514,79.29207,4.49,D,2026-05-16 08:13:00
18.47863,79.29154,5.42,D,2026-05-16 08:13:00
18.4956,79.62109,8.93,D,2026-05-16 08:13:00
18.49913,79.62055,8.93,D,2026-05-16 08:13:00
18.5161,80.40595,9.06,D,2026-05-16 08:13:00
18.54811,79.37698,9.47,D,2026-05-16 08:13:00
18.55099,78.59835,6.29,D,2026-05-16 08:13:00
18.55898,79.14742,4.09,D,2026-05-16 08:13:00
18.56262,79.09772,9.07,D,2026-05-16 08:13:00
18.56653,78.4158,7.74,D,2026-05-16 08:13:00
18.56896,78.75008,8.17,D,2026-05-16 08:13:00
18.58855,78.03779,10.22,D,2026-05-16 08:13:00
18.59226,78.08695,6.54,D,2026-05-16 08:13:00
18.59561,78.49715,5.7,D,2026-05-16 08:13:00
18.59562,78.08642,8.6,D,2026-05-16 08:13:00
18.61347,78.23357,8.02,D,2026-05-16 08:13:00
18.62374,83.83132,3.59,D,2026-05-16 08:13:00
18.6319,78.38583,7.23,D,2026-05-16 08:13:00
18.63398,78.73981,6.68,D,2026-05-16 08:13:00
18.6374,78.7393,10.44,D,2026-05-16 08:13:00
18.66121,79.31004,2.21,D,2026-05-16 08:13:00
18.67666,78.72534,13.13,D,2026-05-16 08:13:00
18.67795,84.17717,3.24,D,2026-05-16 08:13:00
18.68106,78.75657,15.51,D,2026-05-16 08:13:00
18.68285,77.84791,12.01,D,2026-05-16 08:13:00
18.68316,78.40504,10.8,D,2026-05-16 08:13:00
18.68449,78.75604,11.25,D,2026-05-16 08:13:00
18.68498,73.04211,9.35,D,2026-05-16 08:13:00
18.69178,84.17392,5.42,D,2026-05-16 08:13:00
18.69232,73.04072,4.89,D,2026-05-16 08:13:00
18.69646,84.17348,5.42,D,2026-05-16 08:13:00
18.70311,78.51933,8.78,D,2026-05-16 08:13:00
18.71142,77.7864,12.19,D,2026-05-16 08:13:00
18.71772,79.53752,4.52,D,2026-05-16 08:13:00
18.72125,79.53697,5.45,D,2026-05-16 08:13:00
18.72334,83.65448,3.44,D,2026-05-16 08:13:00
18.72888,78.09254,4.48,D,2026-05-16 08:13:00
18.72964,83.78639,5.51,D,2026-05-16 08:13:00
18.74518,78.22863,8.98,D,2026-05-16 08:13:00
18.74539,78.81466,7.21,D,2026-05-16 08:13:00
18.7473,78.92729,5.03,D,2026-05-16 08:13:00
18.74827,78.81021,11.13,D,2026-05-16 08:13:00
18.75105,78.63432,10.33,D,2026-05-16 08:13:00
18.75161,78.63819,10.33,D,2026-05-16 08:13:00
18.78311,78.13385,6.97,D,2026-05-16 08:13:00
18.78427,78.11827,6.84,D,2026-05-16 08:13:00
18.8006,78.08084,11.56,D,2026-05-16 08:13:00
18.80806,78.03737,9.93,D,2026-05-16 08:13:00
18.81494,78.13241,13.94,D,2026-05-16 08:13:00
18.81811,78.30244,10.14,D,2026-05-16 08:13:00
18.8278,78.2697,11.0,D,2026-05-16 08:13:00
18.8736,78.01537,11.25,D,2026-05-16 08:13:00
18.88274,78.48398,6.29,D,2026-05-16 08:13:00
18.88659,78.36559,14.57,D,2026-05-16 08:13:00
18.88918,78.43185,8.9,D,2026-05-16 08:13:00
18.94281,79.47546,4.11,D,2026-05-16 08:13:00
18.95608,78.82741,5.5,D,2026-05-16 08:13:00
18.95952,78.82688,4.99,D,2026-05-16 08:13:00
18.97202,78.86536,16.72,D,2026-05-16 08:13:00
18.97955,79.43213,3.72,D,2026-05-16 08:13:00
18.97993,79.43154,3.41,D,2026-05-16 08:13:00
18.98012,79.4363,9.27,D,2026-05-16 08:13:00
18.98051,79.43571,5.95,D,2026-05-16 08:13:00
18.98182,79.44881,6.21,D,2026-05-16 08:13:00
18.98227,79.4482,3.7,D,2026-05-16 08:13:00
18.98251,79.42741,3.72,D,2026-05-16 08:13:00
18.98308,79.43159,3.72,D,2026-05-16 08:13:00
18.98535,79.44827,6.21,D,2026-05-16 08:13:00
18.9858,79.44766,3.7,D,2026-05-16 08:13:00
18.98831,79.44356,4.17,D,2026-05-16 08:13:00
18.99184,79.44301,4.17,D,2026-05-16 08:13:00
19.02452,78.69624,7.12,D,2026-05-16 08:13:00
19.03685,79.86537,6.39,D,2026-05-16 08:13:00
19.0379,79.8661,8.37,D,2026-05-16 08:13:00
19.04045,79.86485,5.58,D,2026-05-16 08:13:00
19.05741,77.93538,10.84,D,2026-05-16 08:13:00
19.06194,79.85362,8.39,D,2026-05-16 08:13:00
19.08092,73.29432,8.38,D,2026-05-16 08:13:00
19.08471,77.9809,11.62,D,2026-05-16 08:13:00
19.09308,77.99108,15.83,D,2026-05-16 08:13:00
19.10329,82.16812,1.39,D,2026-05-16 08:13:00
19.12315,79.65974,6.26,D,2026-05-16 08:13:00
19.13116,78.29921,6.95,D,2026-05-16 08:13:00
19.13136,75.75191,10.49,D,2026-05-16 08:13:00
19.13938,79.60149,9.07,D,2026-05-16 08:13:00
19.15091,77.95148,13.25,D,2026-05-16 08:13:00
19.15098,79.11556,4.44,D,2026-05-16 08:13:00
19.15189,79.11574,6.22,D,2026-05-16 08:13:00
19.15427,77.95093,13.25,D,2026-05-16 08:13:00
19.15446,79.11501,4.44,D,2026-05-16 08:13:00
19.15504,79.11908,4.44,D,2026-05-16 08:13:00
19.15537,79.1152,6.22,D,2026-05-16 08:13:00
19.18166,78.30743,10.73,D,2026-05-16 08:13:00
19.18744,74.20198,5.32,D,2026-05-16 08:13:00
19.19235,81.15977,7.02,D,2026-05-16 08:13:00
19.22143,80.95019,2.88,D,2026-05-16 08:13:00
19.22426,78.21853,14.63,D,2026-05-16 08:13:00
19.23292,73.30363,6.41,D,2026-05-16 08:13:00
19.24692,78.17953,11.6,D,2026-05-16 08:13:00
19.25218,83.68863,3.83,D,2026-05-16 08:13:00
19.26033,81.03959,5.43,D,2026-05-16 08:13:00
19.27981,81.96597,4.74,D,2026-05-16 08:13:00
19.33761,73.9324,11.49,D,2026-05-16 08:13:00
19.33822,83.31953,4.06,D,2026-05-16 08:13:00
19.34071,83.30252,5.33,D,2026-05-16 08:13:00
19.34251,83.27988,5.39,D,2026-05-16 08:13:00
19.36457,83.31334,5.51,D,2026-05-16 08:13:00
19.37013,71.35616,3.8,D,2026-05-16 08:13:00
19.37376,77.51723,5.68,D,2026-05-16 08:13:00
19.39615,83.52348,3.89,D,2026-05-16 08:13:00
19.41151,80.72861,8.36,D,2026-05-16 08:13:00
19.42949,73.42928,4.0,D,2026-05-16 08:13:00
19.43011,81.02448,52.83,D,2026-05-16 08:13:00
19.50566,82.6559,6.86,D,2026-05-16 08:13:00
19.50681,82.65538,6.88,D,2026-05-16 08:13:00
19.52244,80.81329,3.09,D,2026-05-16 08:13:00
19.61696,82.93024,25.33,D,2026-05-16 08:13:00
19.61784,84.04916,4.79,D,2026-05-16 08:13:00
19.64894,83.98942,6.09,D,2026-05-16 08:13:00
19.66214,84.00001,3.22,D,2026-05-16 08:13:00
19.66414,83.99792,3.31,D,2026-05-16 08:13:00
19.68335,79.64217,6.16,D,2026-05-16 08:13:00
19.69307,80.91166,6.61,D,2026-05-16 08:13:00
19.69583,84.13385,18.76,D,2026-05-16 08:13:00
19.70293,83.65565,3.68,D,2026-05-16 08:13:00
19.7085,79.61181,3.77,D,2026-05-16 08:13:00
19.70969,83.63422,7.37,D,2026-05-16 08:13:00
19.71208,79.61126,3.77,D,2026-05-16 08:13:00
19.71267,79.61558,7.53,D,2026-05-16 08:13:00
19.71496,83.92262,8.45,D,2026-05-16 08:13:00
19.71971,84.13357,8.81,D,2026-05-16 08:13:00
19.73639,73.33841,4.9,D,2026-05-16 08:13:00
19.73664,84.11397,5.44,D,2026-05-16 08:13:00
19.73834,79.64276,4.96,D,2026-05-16 08:13:00
19.75881,78.15645,13.66,D,2026-05-16 08:13:00
19.78352,79.7216,10.34,D,2026-05-16 08:13:00
19.78922,84.01655,11.44,D,2026-05-16 08:13:00
19.81267,79.58395,8.82,D,2026-05-16 08:13:00
19.85362,83.84548,2.8,D,2026-05-16 08:13:00
19.85509,83.84695,7.66,D,2026-05-16 08:13:00
19.90749,80.46597,6.53,D,2026-05-16 08:13:00
19.91699,83.46346,6.42,D,2026-05-16 08:13:00
19.91804,83.46481,3.11,D,2026-05-16 08:13:00
19.92509,79.92353,7.63,D,2026-05-16 08:13:00
19.93854,79.58412,8.28,D,2026-05-16 08:13:00
19.94213,79.58358,7.64,D,2026-05-16 08:13:00
19.96183,79.67398,1.91,D,2026-05-16 08:13:00
19.96524,83.27806,3.17,D,2026-05-16 08:13:00
20.00721,79.6459,7.06,D,2026-05-16 08:13:00
20.02642,78.99488,11.62,D,2026-05-16 08:13:00
20.02699,79.30959,6.57,D,2026-05-16 08:13:00
20.03054,79.30907,6.57,D,2026-05-16 08:13:00
20.08005,79.2287,11.23,D,2026-05-16 08:13:00
20.08584,79.76441,7.24,D,2026-05-16 08:13:00
20.09636,80.26415,6.87,D,2026-05-16 08:13:00
20.09834,80.69288,1.89,D,2026-05-16 08:13:00
20.23907,79.9686,8.28,D,2026-05-16 08:13:00
20.27856,73.56882,3.97,D,2026-05-16 08:13:00
20.29484,78.19827,15.18,D,2026-05-16 08:13:00
20.29997,78.1855,11.52,D,2026-05-16 08:13:00
20.31945,79.56669,6.39,D,2026-05-16 08:13:00
20.33214,79.5246,10.66,D,2026-05-16 08:13:00
20.33573,79.52403,4.39,D,2026-05-16 08:13:00
20.3407,78.0086,16.66,D,2026-05-16 08:13:00
20.34854,79.97568,0.84,D,2026-05-16 08:13:00
20.413,76.10682,6.54,D,2026-05-16 08:13:00
20.42651,80.20725,10.43,D,2026-05-16 08:13:00
20.46103,83.59534,2.32,D,2026-05-16 08:13:00
20.46174,83.59814,2.66,D,2026-05-16 08:13:00
20.48346,80.19588,7.13,D,2026-05-16 08:13:00
20.48407,80.20058,8.01,D,2026-05-16 08:13:00
20.48607,80.19855,10.92,D,2026-05-16 08:13:00
20.50139,80.2173,6.99,D,2026-05-16 08:13:00
20.53586,76.51379,3.58,D,2026-05-16 08:13:00
20.62115,80.22548,8.05,D,2026-05-16 08:13:00
20.64851,79.75159,12.52,D,2026-05-16 08:13:00
20.75164,81.83411,7.91,D,2026-05-16 08:13:00
20.75727,81.50989,8.29,D,2026-05-16 08:13:00
20.76102,81.50993,9.26,D,2026-05-16 08:13:00
20.76239,85.29897,5.48,D,2026-05-16 08:13:00
20.7789,78.51561,16.66,D,2026-05-16 08:13:00
20.78622,85.26459,2.78,D,2026-05-16 08:13:00
20.80397,79.97686,4.94,D,2026-05-16 08:13:00
20.88088,79.85502,7.03,D,2026-05-16 08:13:00
20.94321,81.96141,14.97,D,2026-05-16 08:13:00
20.94368,81.96542,16.37,D,2026-05-16 08:13:00
20.94737,81.96085,14.97,D,2026-05-16 08:13:00
20.94785,81.96487,16.37,D,2026-05-16 08:13:00
20.94939,85.06226,4.58,D,2026-05-16 08:13:00
20.95701,85.00935,2.32,D,2026-05-16 08:13:00
20.95733,85.01252,2.32,D,2026-05-16 08:13:00
20.96244,85.16709,3.58,D,2026-05-16 08:13:00
20.96274,85.1875,5.55,D,2026-05-16 08:13:00
20.9631,85.19085,5.37,D,2026-05-16 08:13:00
20.96437,85.18652,3.07,D,2026-05-16 08:13:00
20.96469,85.1898,4.71,D,2026-05-16 08:13:00
20.96549,86.00572,4.42,D,2026-05-16 08:13:00
20.96582,85.16753,3.64,D,2026-05-16 08:13:00
20.96584,86.00941,4.42,D,2026-05-16 08:13:00
20.9662,86.01311,4.85,D,2026-05-16 08:13:00
20.96631,85.15372,3.68,D,2026-05-16 08:13:00
20.96655,86.01679,4.85,D,2026-05-16 08:13:00
20.96823,85.17301,6.26,D,2026-05-16 08:13:00
20.96855,85.17622,4.59,D,2026-05-16 08:13:00
20.97145,85.1532,5.41,D,2026-05-16 08:13:00
20.97177,85.15643,4.9,D,2026-05-16 08:13:00
20.9737,85.17572,2.26,D,2026-05-16 08:13:00
21.01706,80.52599,4.97,D,2026-05-16 08:13:00
21.12815,82.94041,3.42,D,2026-05-16 08:13:00
21.12951,83.6506,9.33,D,2026-05-16 08:13:00
21.18516,82.90119,5.6,D,2026-05-16 08:13:00
21.24837,79.20887,11.47,D,2026-05-16 08:13:00
21.26878,79.61506,7.74,D,2026-05-16 08:13:00
21.26911,79.61713,7.87,D,2026-05-16 08:13:00
21.50275,81.95427,10.25,D,2026-05-16 08:13:00
21.52245,85.478,2.84,D,2026-05-16 08:13:00
21.52329,85.4806,3.15,D,2026-05-16 08:13:00
21.54299,85.30711,2.0,D,2026-05-16 08:13:00
21.56029,85.32177,4.87,D,2026-05-16 08:13:00
21.56059,85.32475,13.45,D,2026-05-16 08:13:00
21.59016,81.89441,9.98,D,2026-05-16 08:13:00
21.6603,85.21259,1.21,D,2026-05-16 08:13:00
21.67806,84.03986,5.47,D,2026-05-16 08:13:00
21.74442,83.842,4.86,D,2026-05-16 08:13:00
21.74501,83.84748,4.86,D,2026-05-16 08:13:00
21.74911,83.97485,12.47,D,2026-05-16 08:13:00
21.74918,83.84148,4.86,D,2026-05-16 08:13:00
21.74978,83.84698,4.86,D,2026-05-16 08:13:00
21.75268,82.99714,4.75,D,2026-05-16 08:13:00
21.7593,83.84589,8.57,D,2026-05-16 08:13:00
21.77383,84.16,3.6,D,2026-05-16 08:13:00
21.82267,83.8922,5.34,D,2026-05-16 08:13:00
21.82325,83.89771,5.34,D,2026-05-16 08:13:00
20.74535,73.5249,6.86,D,2026-05-16 08:16:00
20.76134,73.61983,4.86,D,2026-05-16 08:16:00
20.76276,73.64961,10.52,D,2026-05-16 08:16:00
20.82248,75.84211,10.31,D,2026-05-16 08:16:00
20.82578,75.84152,10.31,D,2026-05-16 08:16:00
20.84288,75.51952,12.11,D,2026-05-16 08:16:00
20.86906,73.52768,7.28,D,2026-05-16 08:16:00
20.89939,75.90372,7.06,D,2026-05-16 08:16:00
21.16934,72.76089,10.62,D,2026-05-16 08:16:00
21.29231,76.63973,7.36,D,2026-05-16 08:16:00
21.29507,76.63548,7.53,D,2026-05-16 08:16:00
21.38245,76.78809,8.18,D,2026-05-16 08:16:00
21.3869,78.38486,16.32,D,2026-05-16 08:16:00
21.42391,77.98286,11.02,D,2026-05-16 08:16:00
21.43196,76.78376,13.33,D,2026-05-16 08:16:00
21.58061,77.08083,4.78,D,2026-05-16 08:16:00
21.59323,77.36929,15.11,D,2026-05-16 08:16:00
21.59785,77.08179,7.01,D,2026-05-16 08:16:00
21.62163,77.17431,56.52,D,2026-05-16 08:16:00
21.62387,77.16618,7.04,D,2026-05-16 08:16:00
21.62442,77.16996,32.78,D,2026-05-16 08:16:00
21.62497,77.17374,32.78,D,2026-05-16 08:16:00
21.62552,77.17752,58.78,D,2026-05-16 08:16:00
21.62776,77.1694,32.78,D,2026-05-16 08:16:00
21.65545,77.31238,8.18,D,2026-05-16 08:16:00
21.69113,77.41597,7.39,D,2026-05-16 08:16:00
21.722,77.35988,2.4,D,2026-05-16 08:16:00
21.72481,77.3555,4.39,D,2026-05-16 08:16:00
21.72536,77.35931,4.39,D,2026-05-16 08:16:00
21.73578,79.08789,19.55,D,2026-05-16 08:16:00
21.78883,71.99477,25.28,D,2026-05-16 08:16:00
21.79386,69.54963,4.03,D,2026-05-16 08:16:00
21.84494,78.13132,4.38,D,2026-05-16 08:16:00
21.85326,79.43304,11.22,D,2026-05-16 08:16:00
21.88236,83.04067,5.35,D,2026-05-16 08:16:00
21.92228,83.35255,7.24,D,2026-05-16 08:16:00
21.92384,83.98414,3.23,D,2026-05-16 08:16:00
21.99006,79.25911,38.17,D,2026-05-16 08:16:00
22.01225,78.00324,66.63,D,2026-05-16 08:16:00
22.07578,74.49377,16.04,D,2026-05-16 08:16:00
22.09053,83.11714,4.47,D,2026-05-16 08:16:00
22.09108,83.12205,4.47,D,2026-05-16 08:16:00
22.2115,74.18612,7.43,D,2026-05-16 08:16:00
22.21311,77.80138,7.11,D,2026-05-16 08:16:00
22.21366,77.80536,7.11,D,2026-05-16 08:16:00
22.21538,84.87091,2.37,D,2026-05-16 08:16:00
22.24489,77.53503,9.93,D,2026-05-16 08:16:00
22.26719,77.71545,5.68,D,2026-05-16 08:16:00
22.29995,78.83002,24.88,D,2026-05-16 08:16:00
22.3168,77.52339,7.83,D,2026-05-16 08:16:00
22.3344,69.73414,23.53,D,2026-05-16 08:16:00
22.34269,76.29049,16.54,D,2026-05-16 08:16:00
22.346,76.28991,13.38,D,2026-05-16 08:16:00
22.34931,76.28934,13.38,D,2026-05-16 08:16:00
22.35874,82.30147,4.72,D,2026-05-16 08:16:00
22.50569,79.56969,20.89,D,2026-05-16 08:16:00
22.57267,85.89403,4.47,D,2026-05-16 08:16:00
22.58786,78.94898,21.13,D,2026-05-16 08:16:00
22.61211,85.14079,3.2,D,2026-05-16 08:16:00
22.61587,79.16333,27.16,D,2026-05-16 08:16:00
22.64998,79.25498,37.58,D,2026-05-16 08:16:00
22.68802,85.27568,8.5,D,2026-05-16 08:16:00
22.68833,85.27895,8.5,D,2026-05-16 08:16:00
22.68861,85.28203,8.12,D,2026-05-16 08:16:00
22.6889,85.28506,8.12,D,2026-05-16 08:16:00
22.68977,85.29429,3.11,D,2026-05-16 08:16:00
22.69008,85.29765,3.11,D,2026-05-16 08:16:00
22.69361,85.27836,8.5,D,2026-05-16 08:16:00
22.6939,85.28141,8.12,D,2026-05-16 08:16:00
22.69418,85.28444,8.12,D,2026-05-16 08:16:00
22.69425,85.34213,4.3,D,2026-05-16 08:16:00
22.69447,85.28748,10.16,D,2026-05-16 08:16:00
22.72883,83.10569,12.54,D,2026-05-16 08:16:00
22.76396,76.16688,4.27,D,2026-05-16 08:16:00
22.79201,85.36948,1.98,D,2026-05-16 08:16:00
22.83677,79.66143,28.02,D,2026-05-16 08:16:00
22.92522,70.10776,13.76,D,2026-05-16 08:16:00
22.92925,70.10688,14.55,D,2026-05-16 08:16:00
22.94685,79.2243,13.94,D,2026-05-16 08:16:00
22.95126,77.08947,2.6,D,2026-05-16 08:16:00
23.20001,79.77142,9.89,D,2026-05-16 08:16:00
23.21449,77.26836,9.95,D,2026-05-16 08:16:00
23.23364,79.88519,6.42,D,2026-05-16 08:16:00
23.32781,81.46334,9.12,D,2026-05-16 08:16:00
23.32898,81.46335,6.4,D,2026-05-16 08:16:00
23.35521,68.64254,8.47,D,2026-05-16 08:16:00
23.41878,79.20134,11.31,D,2026-05-16 08:16:00
23.42304,79.20539,23.75,D,2026-05-16 08:16:00
23.4261,79.20022,23.75,D,2026-05-16 08:16:00
23.4267,79.20485,23.75,D,2026-05-16 08:16:00
23.42975,79.19966,14.76,D,2026-05-16 08:16:00
23.43036,79.2043,14.76,D,2026-05-16 08:16:00
23.5015,79.24219,10.98,D,2026-05-16 08:16:00
23.50209,79.24684,30.62,D,2026-05-16 08:16:00
23.52156,77.98888,11.47,D,2026-05-16 08:16:00
23.56566,79.21816,8.59,D,2026-05-16 08:16:00
23.56961,69.42619,18.57,D,2026-05-16 08:16:00
23.62208,80.30647,9.94,D,2026-05-16 08:16:00
23.64913,85.43861,3.83,D,2026-05-16 08:16:00
23.68015,80.93739,3.06,D,2026-05-16 08:16:00
23.68372,86.39565,8.22,D,2026-05-16 08:16:00
23.70151,78.41071,26.34,D,2026-05-16 08:16:00
23.74029,86.43333,2.7,D,2026-05-16 08:16:00
23.76111,86.40511,5.88,D,2026-05-16 08:16:00
23.77895,86.2114,7.32,D,2026-05-16 08:16:00
23.86755,78.68989,29.71,D,2026-05-16 08:16:00
23.86984,78.90559,21.65,D,2026-05-16 08:16:00
24.03349,83.01208,7.98,D,2026-05-16 08:16:00
24.03765,80.38901,14.32,D,2026-05-16 08:16:00
24.05031,82.9476,8.93,D,2026-05-16 08:16:00
24.07197,83.06596,5.69,D,2026-05-16 08:16:00
24.14218,82.99128,6.91,D,2026-05-16 08:16:00
24.14381,82.98889,4.31,D,2026-05-16 08:16:00
24.14776,83.02512,5.42,D,2026-05-16 08:16:00
24.16028,81.3278,3.7,D,2026-05-16 08:16:00
24.25854,68.0105,3.71,D,2026-05-16 08:16:00
24.30834,82.80058,3.42,D,2026-05-16 08:16:00
24.35366,81.14532,3.46,D,2026-05-16 08:16:00
24.35958,74.59262,11.6,D,2026-05-16 08:16:00
24.38416,68.04356,3.59,D,2026-05-16 08:16:00
24.46365,81.3314,3.46,D,2026-05-16 08:16:00
24.46505,73.79215,11.92,D,2026-05-16 08:16:00
24.49294,81.47303,5.69,D,2026-05-16 08:16:00
24.49751,81.47748,4.43,D,2026-05-16 08:16:00
24.49766,81.47673,6.53,D,2026-05-16 08:16:00
24.49815,81.48099,6.53,D,2026-05-16 08:16:00
24.6054,81.22011,5.82,D,2026-05-16 08:16:00
24.66739,79.32281,23.32,D,2026-05-16 08:16:00
24.68031,84.35666,2.48,D,2026-05-16 08:16:00
24.72474,80.81902,8.03,D,2026-05-16 08:16:00
24.734,79.30791,13.34,D,2026-05-16 08:16:00
24.73462,79.31284,13.34,D,2026-05-16 08:16:00
24.76817,84.22568,3.52,D,2026-05-16 08:16:00
24.80435,84.33302,1.38,D,2026-05-16 08:16:00
24.84979,84.29046,3.46,D,2026-05-16 08:16:00
24.87195,79.83584,21.24,D,2026-05-16 08:16:00
24.87327,83.90639,7.63,D,2026-05-16 08:16:00
24.8734,83.90408,5.89,D,2026-05-16 08:16:00
24.89329,83.90189,6.0,D,2026-05-16 08:16:00
24.93204,80.27093,18.95,D,2026-05-16 08:16:00
24.96556,78.2455,18.14,D,2026-05-16 08:16:00
25.06372,81.74016,8.52,D,2026-05-16 08:16:00
25.06741,81.7434,10.37,D,2026-05-16 08:16:00
25.09849,81.77716,7.73,D,2026-05-16 08:16:00
25.1554,85.3937,4.46,D,2026-05-16 08:16:00
25.227,84.29076,5.62,D,2026-05-16 08:16:00
25.22729,84.29405,5.62,D,2026-05-16 08:16:00
25.24501,84.43361,2.41,D,2026-05-16 08:16:00
25.25137,84.27485,3.24,D,2026-05-16 08:16:00
25.26053,84.15199,2.86,D,2026-05-16 08:16:00
25.27101,81.73286,4.09,D,2026-05-16 08:16:00
25.27428,85.35955,4.77,D,2026-05-16 08:16:00
25.3054,84.81606,3.49,D,2026-05-16 08:16:00
25.32178,83.1012,7.82,D,2026-05-16 08:16:00
25.33019,84.45191,3.65,D,2026-05-16 08:16:00
25.33051,84.45528,4.96,D,2026-05-16 08:16:00
25.33143,84.45343,6.45,D,2026-05-16 08:16:00
25.34709,84.27937,2.83,D,2026-05-16 08:16:00
25.35485,84.48183,2.11,D,2026-05-16 08:16:00
25.35623,76.84619,41.34,D,2026-05-16 08:16:00
25.37391,84.2899,2.91,D,2026-05-16 08:16:00
25.39438,81.05275,10.0,D,2026-05-16 08:16:00
25.3983,85.63834,2.15,D,2026-05-16 08:16:00
25.42605,84.34824,3.49,D,2026-05-16 08:16:00
25.43538,79.36587,12.06,D,2026-05-16 08:16:00
25.44123,84.09283,2.46,D,2026-05-16 08:16:00
25.44163,84.56982,5.98,D,2026-05-16 08:16:00
25.44685,84.56927,3.91,D,2026-05-16 08:16:00
25.44726,84.5679,2.81,D,2026-05-16 08:16:00
25.55027,80.13039,17.11,D,2026-05-16 08:16:00
25.57088,78.46225,14.78,D,2026-05-16 08:16:00
25.57147,78.46686,14.78,D,2026-05-16 08:16:00
25.57449,78.46169,14.78,D,2026-05-16 08:16:00
25.5793,78.47034,18.26,D,2026-05-16 08:16:00
25.58858,68.37585,11.71,D,2026-05-16 08:16:00
25.58946,68.3803,11.71,D,2026-05-16 08:16:00
25.61952,80.58603,3.4,D,2026-05-16 08:16:00
25.62385,78.26503,21.57,D,2026-05-16 08:16:00
25.65004,78.29778,16.65,D,2026-05-16 08:16:00
25.65252,79.91857,21.33,D,2026-05-16 08:16:00
25.65267,80.65807,4.0,D,2026-05-16 08:16:00
25.65313,80.66206,4.0,D,2026-05-16 08:16:00
25.67842,76.53946,33.97,D,2026-05-16 08:16:00
25.71157,79.84945,11.87,D,2026-05-16 08:16:00
25.71196,80.98957,5.74,D,2026-05-16 08:16:00
25.71564,79.95124,21.48,D,2026-05-16 08:16:00
25.71583,79.94832,20.01,D,2026-05-16 08:16:00
25.72388,80.66972,4.54,D,2026-05-16 08:16:00
25.74069,80.67146,9.44,D,2026-05-16 08:16:00
25.78118,78.14463,20.98,D,2026-05-16 08:16:00
25.78475,78.14407,20.98,D,2026-05-16 08:16:00
25.78706,84.59,7.24,D,2026-05-16 08:16:00
25.79094,79.54636,23.96,D,2026-05-16 08:16:00
25.82447,80.61502,8.15,D,2026-05-16 08:16:00
25.88609,79.78078,12.36,D,2026-05-16 08:16:00
25.90403,82.20961,2.6,D,2026-05-16 08:16:00
25.92004,84.59677,2.43,D,2026-05-16 08:16:00
25.95823,78.55912,23.34,D,2026-05-16 08:16:00
25.9682,78.04027,32.94,D,2026-05-16 08:16:00
26.01213,78.06973,13.88,D,2026-05-16 08:16:00
26.04415,80.70364,11.31,D,2026-05-16 08:16:00
26.05305,78.9326,10.92,D,2026-05-16 08:16:00
26.08652,78.95756,8.77,D,2026-05-16 08:16:00
26.09024,78.95699,8.77,D,2026-05-16 08:16:00
26.10911,79.98415,11.86,D,2026-05-16 08:16:00
26.13787,81.89114,5.57,D,2026-05-16 08:16:00
26.15076,79.53967,6.86,D,2026-05-16 08:16:00
26.16686,79.67284,10.81,D,2026-05-16 08:16:00
26.18026,80.12604,11.03,D,2026-05-16 08:16:00
26.19716,79.22908,13.35,D,2026-05-16 08:16:00
26.21004,79.9672,10.86,D,2026-05-16 08:16:00
26.22543,78.68262,19.61,D,2026-05-16 08:16:00
26.22911,78.68205,17.51,D,2026-05-16 08:16:00
26.23026,77.52694,10.51,D,2026-05-16 08:16:00
26.25542,79.54881,6.76,D,2026-05-16 08:16:00
26.25953,79.91824,8.38,D,2026-05-16 08:16:00
26.27637,78.32053,15.37,D,2026-05-16 08:16:00
26.28219,78.42719,19.25,D,2026-05-16 08:16:00
26.28267,78.4288,18.85,D,2026-05-16 08:16:00
26.28293,77.38404,15.29,D,2026-05-16 08:16:00
26.28419,79.46386,12.17,D,2026-05-16 08:16:00
26.29352,77.7295,16.92,D,2026-05-16 08:16:00
26.30395,79.19466,18.84,D,2026-05-16 08:16:00
26.31835,82.4167,3.23,D,2026-05-16 08:16:00
26.31888,82.4178,5.01,D,2026-05-16 08:16:00
26.32158,79.60154,9.96,D,2026-05-16 08:16:00
26.32295,82.41614,3.23,D,2026-05-16 08:16:00
26.32347,78.63519,20.49,D,2026-05-16 08:16:00
26.32436,79.59827,15.83,D,2026-05-16 08:16:00
26.32545,79.60097,9.88,D,2026-05-16 08:16:00
26.32714,78.63461,20.49,D,2026-05-16 08:16:00
26.33453,77.52885,24.78,D,2026-05-16 08:16:00
26.33967,77.70116,22.49,D,2026-05-16 08:16:00
26.34554,77.69127,22.04,D,2026-05-16 08:16:00
26.34692,78.35209,20.19,D,2026-05-16 08:16:00
26.36842,77.64739,15.65,D,2026-05-16 08:16:00
26.37246,77.57121,30.83,D,2026-05-16 08:16:00
26.37311,77.65553,19.64,D,2026-05-16 08:16:00
26.37429,77.826,20.67,D,2026-05-16 08:16:00
26.3761,80.72712,4.62,D,2026-05-16 08:16:00
26.40695,78.79006,13.59,D,2026-05-16 08:16:00
26.40834,77.7315,26.35,D,2026-05-16 08:16:00
26.40892,77.73591,15.54,D,2026-05-16 08:16:00
26.41014,81.78455,4.07,D,2026-05-16 08:16:00
26.41245,77.73533,15.54,D,2026-05-16 08:16:00
26.41467,77.78001,21.98,D,2026-05-16 08:16:00
26.41598,77.73475,29.81,D,2026-05-16 08:16:00
26.42698,79.10114,11.52,D,2026-05-16 08:16:00
26.42761,79.1062,11.52,D,2026-05-16 08:16:00
26.42966,82.45628,4.0,D,2026-05-16 08:16:00
26.43137,79.10561,11.52,D,2026-05-16 08:16:00
26.43267,82.45277,11.9,D,2026-05-16 08:16:00
26.74937,80.74598,7.21,D,2026-05-16 08:16:00
26.79202,80.69828,9.66,D,2026-05-16 08:16:00
26.9321,78.66577,6.83,D,2026-05-16 08:16:00
26.93581,78.66518,6.83,D,2026-05-16 08:16:00
27.03234,84.08202,2.41,D,2026-05-16 08:16:00
27.29852,81.36077,9.5,D,2026-05-16 08:16:00
27.30223,81.22908,5.48,D,2026-05-16 08:16:00
27.36356,80.29235,2.61,D,2026-05-16 08:16:00
27.36411,80.29179,3.14,D,2026-05-16 08:16:00
27.37904,80.24507,5.68,D,2026-05-16 08:16:00
27.457,80.27519,3.75,D,2026-05-16 08:16:00
27.46998,79.9586,5.32,D,2026-05-16 08:16:00
27.5301,79.95007,7.16,D,2026-05-16 08:16:00
27.53456,79.95338,11.12,D,2026-05-16 08:16:00
27.53552,79.95031,7.31,D,2026-05-16 08:16:00
27.53595,79.95421,7.31,D,2026-05-16 08:16:00
27.53811,79.94892,11.12,D,2026-05-16 08:16:00
27.53857,79.9528,11.12,D,2026-05-16 08:16:00
27.53953,79.94974,7.31,D,2026-05-16 08:16:00
27.53996,79.95364,7.31,D,2026-05-16 08:16:00
27.65325,80.08566,5.33,D,2026-05-16 08:16:00
27.67696,80.07813,4.83,D,2026-05-16 08:16:00
27.74676,80.40767,1.95,D,2026-05-16 08:16:00
27.7949,85.05173,3.15,D,2026-05-16 08:16:00
27.81897,79.51217,4.48,D,2026-05-16 08:16:00
27.97067,81.375,3.32,D,2026-05-16 08:16:00
27.97233,80.1059,2.89,D,2026-05-16 08:16:00
28.07556,80.67796,2.57,D,2026-05-16 08:16:00
28.08877,79.78931,4.47,D,2026-05-16 08:16:00
28.11913,83.03741,13.98,D,2026-05-16 08:16:00
28.12329,81.39072,3.37,D,2026-05-16 08:16:00
28.14425,80.13692,3.86,D,2026-05-16 08:16:00
28.17091,80.07945,6.19,D,2026-05-16 08:16:00
28.20662,81.21023,5.56,D,2026-05-16 08:16:00
28.20679,81.21378,9.29,D,2026-05-16 08:16:00
28.20709,81.21492,5.56,D,2026-05-16 08:16:00
28.31823,79.60452,3.21,D,2026-05-16 08:16:00
28.34134,80.06004,2.2,D,2026-05-16 08:16:00
28.35311,82.09412,13.63,D,2026-05-16 08:16:00
28.40402,80.10107,2.82,D,2026-05-16 08:16:00
28.407,80.09796,6.09,D,2026-05-16 08:16:00
28.40811,80.10049,3.77,D,2026-05-16 08:16:00
28.50507,79.98053,8.02,D,2026-05-16 08:16:00
28.50573,79.98051,6.49,D,2026-05-16 08:16:00
28.50657,81.96291,7.69,D,2026-05-16 08:16:00
28.507,81.96058,7.08,D,2026-05-16 08:16:00
28.50751,81.96562,6.43,D,2026-05-16 08:16:00
28.55341,79.9326,7.71,D,2026-05-16 08:16:00
28.56263,81.5324,5.95,D,2026-05-16 08:16:00
28.56476,81.53379,6.41,D,2026-05-16 08:16:00
28.61397,79.59154,2.62,D,2026-05-16 08:16:00
28.62657,80.76275,4.07,D,2026-05-16 08:16:00
28.62717,80.0425,3.28,D,2026-05-16 08:16:00
28.66695,81.71176,2.53,D,2026-05-16 08:16:00
28.67164,81.71281,6.74,D,2026-05-16 08:16:00
28.70899,80.29445,3.11,D,2026-05-16 08:16:00
28.71578,81.97725,5.49,D,2026-05-16 08:16:00
28.71657,81.9743,7.9,D,2026-05-16 08:16:00
28.71883,81.76635,4.72,D,2026-05-16 08:16:00
28.72715,81.75729,3.85,D,2026-05-16 08:16:00
28.78444,81.30359,4.93,D,2026-05-16 08:16:00
28.7888,81.30237,3.48,D,2026-05-16 08:16:00
28.84927,79.8542,4.38,D,2026-05-16 08:16:00
28.88948,81.66364,4.42,D,2026-05-16 08:16:00
28.90205,81.60378,5.98,D,2026-05-16 08:16:00
28.98612,81.3259,2.86,D,2026-05-16 08:16:00
28.99612,80.69646,9.08,D,2026-05-16 08:16:00
29.07573,80.81165,6.99,D,2026-05-16 08:16:00
29.07614,80.81561,6.99,D,2026-05-16 08:16:00
27.43456,68.20892,3.3,D,2026-05-16 08:18:00
27.62354,68.01976,7.82,D,2026-05-16 08:18:00
27.63124,68.14774,4.83,D,2026-05-16 08:18:00
27.63159,68.14393,5.05,D,2026-05-16 08:18:00
27.70255,68.1081,5.32,D,2026-05-16 08:18:00
27.70669,68.10707,5.32,D,2026-05-16 08:18:00
28.02891,68.98196,3.38,D,2026-05-16 08:18:00
28.8798,77.03313,7.78,D,2026-05-16 08:18:00
28.88974,76.72643,9.98,D,2026-05-16 08:18:00
29.02469,76.7449,3.61,D,2026-05-16 08:18:00
29.21478,76.82232,11.12,D,2026-05-16 08:18:00
29.28334,76.71252,7.25,D,2026-05-16 08:18:00
29.32108,76.83717,11.9,D,2026-05-16 08:18:00
29.39317,76.43551,12.57,D,2026-05-16 08:18:00
29.45085,75.61618,6.67,D,2026-05-16 08:18:00
29.45144,76.79291,9.67,D,2026-05-16 08:18:00
29.51646,81.17335,5.15,D,2026-05-16 08:18:00
29.52005,75.49014,4.42,D,2026-05-16 08:18:00
29.52341,75.48952,4.2,D,2026-05-16 08:18:00
29.54691,79.39792,1.82,D,2026-05-16 08:18:00
29.57596,78.55017,5.64,D,2026-05-16 08:18:00
29.57631,79.81392,5.95,D,2026-05-16 08:18:00
29.58448,76.28085,3.42,D,2026-05-16 08:18:00
29.59108,75.51962,5.81,D,2026-05-16 08:18:00
29.5937,75.61201,7.25,D,2026-05-16 08:18:00
29.6013,75.32477,13.44,D,2026-05-16 08:18:00
29.60308,76.15927,2.74,D,2026-05-16 08:18:00
29.66936,78.33997,10.23,D,2026-05-16 08:18:00
29.74177,75.95341,4.34,D,2026-05-16 08:18:00
29.75127,76.66826,6.95,D,2026-05-16 08:18:00
29.78334,74.65083,1.98,D,2026-05-16 08:18:00
29.85309,76.87204,9.89,D,2026-05-16 08:18:00
29.88265,76.39404,5.37,D,2026-05-16 08:18:00
29.88901,76.13783,10.68,D,2026-05-16 08:18:00
29.89333,76.68571,12.7,D,2026-05-16 08:18:00
29.92793,76.13967,13.56,D,2026-05-16 08:18:00
29.9342,76.13416,11.19,D,2026-05-16 08:18:00
29.95536,76.55417,10.42,D,2026-05-16 08:18:00
29.97495,74.59782,9.52,D,2026-05-16 08:18:00
29.98236,76.28024,5.77,D,2026-05-16 08:18:00
29.98406,76.28077,10.17,D,2026-05-16 08:18:00
29.98852,75.924,4.23,D,2026-05-16 08:18:00
29.99097,76.63436,5.33,D,2026-05-16 08:18:00
29.99214,76.31496,5.89,D,2026-05-16 08:18:00
30.00266,74.81097,4.89,D,2026-05-16 08:18:00
30.01531,74.59408,6.02,D,2026-05-16 08:18:00
30.03242,75.76112,4.53,D,2026-05-16 08:18:00
30.03647,78.85288,9.17,D,2026-05-16 08:18:00
30.06269,74.75392,3.82,D,2026-05-16 08:18:00
30.07053,78.90779,4.32,D,2026-05-16 08:18:00
30.07521,74.61154,4.34,D,2026-05-16 08:18:00
30.08363,76.28539,7.53,D,2026-05-16 08:18:00
30.0957,75.07582,6.38,D,2026-05-16 08:18:00
30.09653,78.78785,42.2,D,2026-05-16 08:18:00
30.1119,75.16486,3.52,D,2026-05-16 08:18:00
30.16533,74.39748,3.27,D,2026-05-16 08:18:00
30.18485,76.01256,17.06,D,2026-05-16 08:18:00
30.18839,75.58273,3.49,D,2026-05-16 08:18:00
30.19892,75.33014,6.04,D,2026-05-16 08:18:00
30.21609,78.7224,9.69,D,2026-05-16 08:18:00
30.22989,74.44234,9.54,D,2026-05-16 08:18:00
30.24061,76.11276,4.67,D,2026-05-16 08:18:00
30.24473,79.26314,5.35,D,2026-05-16 08:18:00
30.2457,75.9446,8.88,D,2026-05-16 08:18:00
30.24623,79.25847,10.22,D,2026-05-16 08:18:00
30.24712,75.23236,7.29,D,2026-05-16 08:18:00
30.25454,76.00881,5.65,D,2026-05-16 08:18:00
30.25797,76.00819,8.37,D,2026-05-16 08:18:00
30.25903,75.99043,7.19,D,2026-05-16 08:18:00
30.2613,75.25926,5.32,D,2026-05-16 08:18:00
30.26428,76.15731,2.86,D,2026-05-16 08:18:00
30.27439,75.92705,10.7,D,2026-05-16 08:18:00
30.2843,74.23897,10.64,D,2026-05-16 08:18:00
30.29213,73.93006,6.64,D,2026-05-16 08:18:00
30.29416,76.12625,8.73,D,2026-05-16 08:18:00
30.30014,74.43716,13.45,D,2026-05-16 08:18:00
30.30678,77.71062,3.24,D,2026-05-16 08:18:00
30.3101,74.69131,6.79,D,2026-05-16 08:18:00
30.31158,78.6916,0.94,D,2026-05-16 08:18:00
30.31495,76.45371,6.64,D,2026-05-16 08:18:00
30.31539,75.31802,3.77,D,2026-05-16 08:18:00
30.33123,74.394,4.91,D,2026-05-16 08:18:00
30.33982,75.8933,3.85,D,2026-05-16 08:18:00
30.34842,74.51015,9.21,D,2026-05-16 08:18:00
30.35547,77.41579,6.25,D,2026-05-16 08:18:00
30.35923,74.37612,5.87,D,2026-05-16 08:18:00
30.3759,74.31124,11.44,D,2026-05-16 08:18:00
30.3796,74.40523,6.28,D,2026-05-16 08:18:00
30.38277,74.33458,12.5,D,2026-05-16 08:18:00
30.38427,76.53853,6.95,D,2026-05-16 08:18:00
30.40253,74.49149,7.02,D,2026-05-16 08:18:00
30.40525,74.48682,9.19,D,2026-05-16 08:18:00
30.40584,74.49084,7.73,D,2026-05-16 08:18:00
30.40643,74.49484,7.73,D,2026-05-16 08:18:00
30.41208,76.4788,6.47,D,2026-05-16 08:18:00
30.41247,74.48953,9.38,D,2026-05-16 08:18:00
30.41625,76.20862,9.07,D,2026-05-16 08:18:00
30.42759,75.77404,4.18,D,2026-05-16 08:18:00
30.43121,74.31676,3.03,D,2026-05-16 08:18:00
30.44245,74.83648,11.14,D,2026-05-16 08:18:00
30.46174,76.20499,5.59,D,2026-05-16 08:18:00
30.48328,74.59985,8.28,D,2026-05-16 08:18:00
30.4866,74.5992,8.28,D,2026-05-16 08:18:00
30.4959,76.04838,17.05,D,2026-05-16 08:18:00
30.50035,76.77057,4.97,D,2026-05-16 08:18:00
30.52516,74.35635,6.93,D,2026-05-16 08:18:00
30.52575,74.02382,4.23,D,2026-05-16 08:18:00
30.5274,76.48335,14.02,D,2026-05-16 08:18:00
30.52755,74.03579,25.72,D,2026-05-16 08:18:00
30.52841,76.43742,9.08,D,2026-05-16 08:18:00
30.53285,75.40206,5.02,D,2026-05-16 08:18:00
30.57748,75.54849,5.65,D,2026-05-16 08:18:00
30.58086,75.54786,5.65,D,2026-05-16 08:18:00
30.58547,76.53889,8.86,D,2026-05-16 08:18:00
30.58888,74.93452,27.79,D,2026-05-16 08:18:00
30.58947,74.9386,30.35,D,2026-05-16 08:18:00
30.59005,76.46453,12.28,D,2026-05-16 08:18:00
30.59222,74.93388,10.25,D,2026-05-16 08:18:00
30.59281,74.93796,9.74,D,2026-05-16 08:18:00
30.60441,74.92315,18.54,D,2026-05-16 08:18:00
30.61428,76.6776,9.11,D,2026-05-16 08:18:00
30.61929,74.23963,5.57,D,2026-05-16 08:18:00
30.62079,75.51027,9.03,D,2026-05-16 08:18:00
30.62205,74.18962,4.7,D,2026-05-16 08:18:00
30.6264,74.95676,11.42,D,2026-05-16 08:18:00
30.63359,74.70935,12.02,D,2026-05-16 08:18:00
30.63525,74.94665,12.06,D,2026-05-16 08:18:00
30.63662,74.98004,14.09,D,2026-05-16 08:18:00
30.64743,74.86454,10.69,D,2026-05-16 08:18:00
30.65032,75.09985,11.88,D,2026-05-16 08:18:00
30.66285,75.5595,4.11,D,2026-05-16 08:18:00
30.66624,75.55887,4.53,D,2026-05-16 08:18:00
30.66895,75.9337,5.72,D,2026-05-16 08:18:00
30.68005,75.48287,8.01,D,2026-05-16 08:18:00
30.68648,76.16696,30.94,D,2026-05-16 08:18:00
30.68706,76.01477,9.1,D,2026-05-16 08:18:00
30.69049,76.01415,8.34,D,2026-05-16 08:18:00
30.69156,75.99616,20.54,D,2026-05-16 08:18:00
30.69221,76.15694,11.51,D,2026-05-16 08:18:00
30.71541,75.11404,20.73,D,2026-05-16 08:18:00
30.71977,75.41947,6.65,D,2026-05-16 08:18:00
30.72036,75.42367,3.56,D,2026-05-16 08:18:00
30.72194,75.73579,24.35,D,2026-05-16 08:18:00
30.72382,76.44671,27.83,D,2026-05-16 08:18:00
30.72389,76.4743,9.48,D,2026-05-16 08:18:00
30.72536,75.73517,12.84,D,2026-05-16 08:18:00
30.72731,76.44609,28.6,D,2026-05-16 08:18:00
30.7344,75.44819,6.87,D,2026-05-16 08:18:00
30.74619,75.30852,8.35,D,2026-05-16 08:18:00
30.74723,75.2912,7.48,D,2026-05-16 08:18:00
30.74898,75.30372,9.23,D,2026-05-16 08:18:00
30.75199,74.4496,9.38,D,2026-05-16 08:18:00
30.76023,76.47395,5.83,D,2026-05-16 08:18:00
30.76226,75.98001,7.55,D,2026-05-16 08:18:00
30.76894,76.4034,3.43,D,2026-05-16 08:18:00
30.77213,74.8002,25.36,D,2026-05-16 08:18:00
30.77793,74.55675,7.89,D,2026-05-16 08:18:00
30.77816,76.33769,7.74,D,2026-05-16 08:18:00
30.78266,74.3109,8.02,D,2026-05-16 08:18:00
30.79454,75.13727,10.84,D,2026-05-16 08:18:00
30.79562,76.36204,7.75,D,2026-05-16 08:18:00
30.79596,75.13768,11.18,D,2026-05-16 08:18:00
30.79808,76.43503,8.42,D,2026-05-16 08:18:00
30.79852,76.35695,7.75,D,2026-05-16 08:18:00
30.80021,75.09438,11.23,D,2026-05-16 08:18:00
30.802,76.35633,8.35,D,2026-05-16 08:18:00
30.81889,75.12907,9.92,D,2026-05-16 08:18:00
30.81947,75.13322,9.22,D,2026-05-16 08:18:00
30.82081,75.29097,16.63,D,2026-05-16 08:18:00
30.84021,74.96394,7.89,D,2026-05-16 08:18:00
30.84555,75.74972,10.83,D,2026-05-16 08:18:00
30.84814,75.36315,9.08,D,2026-05-16 08:18:00
30.87538,76.07307,5.24,D,2026-05-16 08:18:00
30.87883,76.07246,11.11,D,2026-05-16 08:18:00
30.8896,75.14123,10.26,D,2026-05-16 08:18:00
30.89019,75.14537,9.69,D,2026-05-16 08:18:00
30.89909,75.13516,7.38,D,2026-05-16 08:18:00
30.90245,75.13453,7.38,D,2026-05-16 08:18:00
30.90352,75.06242,11.99,D,2026-05-16 08:18:00
30.90836,75.17606,5.79,D,2026-05-16 08:18:00
30.90895,75.18022,5.79,D,2026-05-16 08:18:00
30.90974,75.18055,5.28,D,2026-05-16 08:18:00
30.9131,75.17991,5.28,D,2026-05-16 08:18:00
30.91621,75.03026,13.01,D,2026-05-16 08:18:00
30.91822,75.39316,11.27,D,2026-05-16 08:18:00
30.92588,75.27171,7.81,D,2026-05-16 08:18:00
30.93044,76.29894,10.86,D,2026-05-16 08:18:00
30.93342,76.3213,5.79,D,2026-05-16 08:18:00
30.93365,74.7441,10.3,D,2026-05-16 08:18:00
30.93854,76.1351,6.23,D,2026-05-16 08:18:00
30.93958,75.47137,11.29,D,2026-05-16 08:18:00
30.94345,75.29849,8.52,D,2026-05-16 08:18:00
30.94718,75.1521,6.18,D,2026-05-16 08:18:00
30.94832,74.70348,11.06,D,2026-05-16 08:18:00
30.94855,75.66157,7.36,D,2026-05-16 08:18:00
30.94892,74.70757,11.06,D,2026-05-16 08:18:00
30.95057,75.72709,5.89,D,2026-05-16 08:18:00
30.95255,76.29637,8.71,D,2026-05-16 08:18:00
30.95919,76.07724,5.75,D,2026-05-16 08:18:00
30.96041,75.64624,7.02,D,2026-05-16 08:18:00
30.9625,75.08948,1.15,D,2026-05-16 08:18:00
30.96348,75.36797,9.13,D,2026-05-16 08:18:00
30.96471,75.60169,5.91,D,2026-05-16 08:18:00
30.9656,75.65843,9.56,D,2026-05-16 08:18:00
30.96576,75.51056,6.08,D,2026-05-16 08:18:00
30.96687,75.36733,9.13,D,2026-05-16 08:18:00
30.96827,75.62727,6.7,D,2026-05-16 08:18:00
30.9725,76.09739,9.28,D,2026-05-16 08:18:00
30.97478,76.08797,8.13,D,2026-05-16 08:18:00
30.97536,76.09237,28.34,D,2026-05-16 08:18:00
30.97667,76.15544,8.15,D,2026-05-16 08:18:00
30.98643,74.99139,6.82,D,2026-05-16 08:18:00
30.98871,76.46507,3.2,D,2026-05-16 08:18:00
30.98978,74.99075,6.82,D,2026-05-16 08:18:00
30.99222,76.46445,3.2,D,2026-05-16 08:18:00
30.99282,75.63216,17.79,D,2026-05-16 08:18:00
30.9945,75.26739,4.84,D,2026-05-16 08:18:00
30.9951,75.02796,9.24,D,2026-05-16 08:18:00
30.99662,75.02838,8.12,D,2026-05-16 08:18:00
30.99805,76.15615,6.51,D,2026-05-16 08:18:00
31.00887,75.01754,8.15,D,2026-05-16 08:18:00
31.01457,75.87109,7.85,D,2026-05-16 08:18:00
31.01566,75.31937,6.59,D,2026-05-16 08:18:00
31.01735,75.83946,7.11,D,2026-05-16 08:18:00
31.03065,76.21398,8.82,D,2026-05-16 08:18:00
31.03356,75.72582,12.46,D,2026-05-16 08:18:00
31.03796,76.16264,7.43,D,2026-05-16 08:18:00
31.04011,75.31562,4.98,D,2026-05-16 08:18:00
31.04687,75.31435,5.43,D,2026-05-16 08:18:00
31.05372,75.54217,6.6,D,2026-05-16 08:18:00
31.06065,75.79604,10.64,D,2026-05-16 08:18:00
31.07679,75.70906,7.95,D,2026-05-16 08:18:00
31.08413,74.85999,9.49,D,2026-05-16 08:18:00
31.0869,75.5807,6.79,D,2026-05-16 08:18:00
31.09682,74.92533,13.06,D,2026-05-16 08:18:00
31.10405,76.03856,12.9,D,2026-05-16 08:18:00
31.10606,75.84554,12.88,D,2026-05-16 08:18:00
31.1089,75.84057,7.34,D,2026-05-16 08:18:00
31.11195,76.15037,8.73,D,2026-05-16 08:18:00
31.11209,74.79118,9.17,D,2026-05-16 08:18:00
31.11393,73.37049,2.43,D,2026-05-16 08:18:00
31.11609,75.64115,4.7,D,2026-05-16 08:18:00
31.11733,74.90018,20.3,D,2026-05-16 08:18:00
31.12411,75.52132,7.56,D,2026-05-16 08:18:00
31.13945,76.09097,4.91,D,2026-05-16 08:18:00
31.13984,75.94783,3.06,D,2026-05-16 08:18:00
31.14367,75.871,11.3,D,2026-05-16 08:18:00
31.14772,75.71915,13.52,D,2026-05-16 08:18:00
31.1489,76.13467,4.89,D,2026-05-16 08:18:00
31.15039,76.05405,9.73,D,2026-05-16 08:18:00
31.15096,75.82064,4.04,D,2026-05-16 08:18:00
31.15341,76.15791,6.27,D,2026-05-16 08:18:00
31.15472,75.92719,3.39,D,2026-05-16 08:18:00
31.16184,75.8231,7.99,D,2026-05-16 08:18:00
31.17467,75.63477,8.04,D,2026-05-16 08:18:00
31.18629,74.84099,12.94,D,2026-05-16 08:18:00
31.1965,75.69834,7.18,D,2026-05-16 08:18:00
31.19956,76.10416,5.09,D,2026-05-16 08:18:00
31.20007,75.92345,13.53,D,2026-05-16 08:18:00
31.20351,75.92284,13.51,D,2026-05-16 08:18:00
31.20525,75.80627,3.87,D,2026-05-16 08:18:00
31.20648,75.94475,7.44,D,2026-05-16 08:18:00
31.20993,75.94413,7.44,D,2026-05-16 08:18:00
31.22201,75.65388,13.19,D,2026-05-16 08:18:00
31.23222,76.40617,1.47,D,2026-05-16 08:18:00
31.23294,75.68281,6.98,D,2026-05-16 08:18:00
31.23792,75.64214,11.61,D,2026-05-16 08:18:00
31.2503,75.94286,19.1,D,2026-05-16 08:18:00
31.25731,74.85696,9.17,D,2026-05-16 08:18:00
31.26878,75.97557,6.29,D,2026-05-16 08:18:00
31.26937,75.97998,5.56,D,2026-05-16 08:18:00
31.27224,75.97495,6.29,D,2026-05-16 08:18:00
31.28182,75.91467,21.59,D,2026-05-16 08:18:00
31.28418,75.93222,9.13,D,2026-05-16 08:18:00
31.28599,75.68633,5.13,D,2026-05-16 08:18:00
31.28612,75.13341,3.27,D,2026-05-16 08:18:00
31.29942,75.86209,16.73,D,2026-05-16 08:18:00
31.30592,74.53954,7.31,D,2026-05-16 08:18:00
31.31886,75.84959,10.34,D,2026-05-16 08:18:00
31.33535,73.88778,5.88,D,2026-05-16 08:18:00
31.35351,75.69725,11.95,D,2026-05-16 08:18:00
31.35773,75.04723,20.6,D,2026-05-16 08:18:00
31.36888,75.8372,3.79,D,2026-05-16 08:18:00
31.37199,75.91304,3.55,D,2026-05-16 08:18:00
31.38527,75.77604,9.63,D,2026-05-16 08:18:00
31.39468,75.21256,6.24,D,2026-05-16 08:18:00
31.39747,75.2077,6.24,D,2026-05-16 08:18:00
31.40276,75.24569,6.96,D,2026-05-16 08:18:00
31.40744,75.17987,5.47,D,2026-05-16 08:18:00
31.40803,75.18408,5.47,D,2026-05-16 08:18:00
31.43644,75.13979,9.48,D,2026-05-16 08:18:00
31.44236,74.83076,5.75,D,2026-05-16 08:18:00
31.44512,74.82596,4.94,D,2026-05-16 08:18:00
31.47289,75.65379,6.05,D,2026-05-16 08:18:00
31.47547,75.31542,15.36,D,2026-05-16 08:18:00
31.48622,75.31776,6.09,D,2026-05-16 08:18:00
31.49019,75.32137,11.6,D,2026-05-16 08:18:00
31.49163,75.637,5.95,D,2026-05-16 08:18:00
31.49402,75.42569,11.57,D,2026-05-16 08:18:00
31.49724,74.08806,3.74,D,2026-05-16 08:18:00
31.49755,75.32434,8.12,D,2026-05-16 08:18:00
31.50044,75.47282,14.01,D,2026-05-16 08:18:00
31.50563,75.35779,12.25,D,2026-05-16 08:18:00
31.50841,75.48014,5.41,D,2026-05-16 08:18:00
31.5089,75.45805,7.96,D,2026-05-16 08:18:00
31.51109,75.60336,5.46,D,2026-05-16 08:18:00
31.52965,75.40585,9.42,D,2026-05-16 08:18:00
31.52999,73.89944,6.44,D,2026-05-16 08:18:00
31.53082,75.41441,6.18,D,2026-05-16 08:18:00
31.53363,75.40949,6.18,D,2026-05-16 08:18:00
31.53703,75.40886,5.7,D,2026-05-16 08:18:00
31.5378,74.04362,6.07,D,2026-05-16 08:18:00
31.55886,73.956,6.72,D,2026-05-16 08:18:00
31.56777,75.42946,4.49,D,2026-05-16 08:18:00
31.56836,75.43375,4.49,D,2026-05-16 08:18:00
31.57177,75.43311,4.49,D,2026-05-16 08:18:00
31.579,75.40978,8.23,D,2026-05-16 08:18:00
31.58051,74.00996,3.79,D,2026-05-16 08:18:00
31.58451,75.47476,10.17,D,2026-05-16 08:18:00
31.58863,74.04168,3.0,D,2026-05-16 08:18:00
31.59,75.54002,7.14,D,2026-05-16 08:18:00
31.61255,75.47918,8.87,D,2026-05-16 08:18:00
31.61585,75.45209,8.4,D,2026-05-16 08:18:00
31.61872,74.10661,4.49,D,2026-05-16 08:18:00
31.61984,75.22784,6.91,D,2026-05-16 08:18:00
31.62205,75.21872,7.95,D,2026-05-16 08:18:00
31.62442,75.46372,11.09,D,2026-05-16 08:18:00
31.62543,75.21809,6.37,D,2026-05-16 08:18:00
31.62629,75.3753,16.4,D,2026-05-16 08:18:00
31.63765,74.10313,2.63,D,2026-05-16 08:18:00
31.65568,75.59083,10.06,D,2026-05-16 08:18:00
31.65982,75.39098,7.01,D,2026-05-16 08:18:00
31.66158,74.53947,6.06,D,2026-05-16 08:18:00
31.6933,75.32933,5.33,D,2026-05-16 08:18:00
31.7,74.53236,6.4,D,2026-05-16 08:18:00
31.72137,75.2802,2.81,D,2026-05-16 08:18:00
31.72196,75.28448,2.81,D,2026-05-16 08:18:00
31.73684,74.31399,6.06,D,2026-05-16 08:18:00
31.73863,74.85298,5.05,D,2026-05-16 08:18:00
31.74086,74.22488,4.96,D,2026-05-16 08:18:00
31.74875,74.94994,5.41,D,2026-05-16 08:18:00
31.76164,74.32651,7.18,D,2026-05-16 08:18:00
31.7645,73.92754,3.76,D,2026-05-16 08:18:00
31.76871,74.04795,6.42,D,2026-05-16 08:18:00
31.77892,75.01755,6.38,D,2026-05-16 08:18:00
31.78044,75.40536,6.11,D,2026-05-16 08:18:00
31.78642,74.4271,3.77,D,2026-05-16 08:18:00
31.78874,75.16334,6.9,D,2026-05-16 08:18:00
31.7993,75.03963,4.1,D,2026-05-16 08:18:00
31.81579,75.15819,3.98,D,2026-05-16 08:18:00
31.81806,74.10503,7.05,D,2026-05-16 08:18:00
31.82313,74.49181,7.23,D,2026-05-16 08:18:00
31.8292,74.36789,11.4,D,2026-05-16 08:18:00
31.83067,74.19066,6.67,D,2026-05-16 08:18:00
31.83183,74.40965,5.64,D,2026-05-16 08:18:00
31.83358,74.54069,2.93,D,2026-05-16 08:18:00
31.83458,74.19407,6.67,D,2026-05-16 08:18:00
31.83646,74.48919,3.92,D,2026-05-16 08:18:00
31.83691,74.54003,2.93,D,2026-05-16 08:18:00
31.8379,74.1934,21.71,D,2026-05-16 08:18:00
31.83803,75.29403,5.12,D,2026-05-16 08:18:00
31.83818,74.21859,5.41,D,2026-05-16 08:18:00
31.84089,73.82892,2.45,D,2026-05-16 08:18:00
31.84944,74.50784,6.11,D,2026-05-16 08:18:00
31.85456,74.88296,4.43,D,2026-05-16 08:18:00
31.86075,75.4088,5.31,D,2026-05-16 08:18:00
31.86341,73.82012,8.76,D,2026-05-16 08:18:00
31.86341,75.27605,7.12,D,2026-05-16 08:18:00
31.8694,73.2116,6.15,D,2026-05-16 08:18:00
31.87288,75.16915,8.58,D,2026-05-16 08:18:00
31.87347,75.17341,2.94,D,2026-05-16 08:18:00
31.87414,74.87487,4.17,D,2026-05-16 08:18:00
31.87931,74.74071,4.61,D,2026-05-16 08:18:00
31.87993,74.99038,5.63,D,2026-05-16 08:18:00
31.88691,74.11681,9.27,D,2026-05-16 08:18:00
31.88898,74.83326,6.08,D,2026-05-16 08:18:00
31.88945,74.49994,3.81,D,2026-05-16 08:18:00
31.89346,74.4446,12.0,D,2026-05-16 08:18:00
31.89831,75.27486,5.28,D,2026-05-16 08:18:00
31.90034,75.11249,4.26,D,2026-05-16 08:18:00
31.90201,74.85226,11.15,D,2026-05-16 08:18:00
31.9103,74.83773,9.33,D,2026-05-16 08:18:00
31.92473,74.96445,4.05,D,2026-05-16 08:18:00
31.92651,74.60392,5.78,D,2026-05-16 08:18:00
31.92964,75.70883,4.72,D,2026-05-16 08:18:00
31.93916,74.87092,10.17,D,2026-05-16 08:18:00
31.94008,74.62687,5.03,D,2026-05-16 08:18:00
31.94123,74.56266,21.23,D,2026-05-16 08:18:00
31.94372,74.8234,6.06,D,2026-05-16 08:18:00
31.94462,75.35873,2.86,D,2026-05-16 08:18:00
31.9449,74.83179,5.79,D,2026-05-16 08:18:00
31.94708,74.82275,4.78,D,2026-05-16 08:18:00
31.96295,74.19946,3.26,D,2026-05-16 08:18:00
31.96627,74.1988,2.85,D,2026-05-16 08:18:00
31.97007,75.34067,5.01,D,2026-05-16 08:18:00
31.97055,74.99116,4.16,D,2026-05-16 08:18:00
31.97114,74.99539,4.16,D,2026-05-16 08:18:00
31.9715,73.79487,4.33,D,2026-05-16 08:18:00
31.97318,74.96028,5.61,D,2026-05-16 08:18:00
31.97347,75.34002,4.74,D,2026-05-16 08:18:00
31.97377,74.9645,7.65,D,2026-05-16 08:18:00
31.98066,74.98921,8.32,D,2026-05-16 08:18:00
31.98872,73.88758,3.33,D,2026-05-16 08:18:00
31.98961,74.10146,2.67,D,2026-05-16 08:18:00
31.99092,74.8401,0.95,D,2026-05-16 08:18:00
32.00156,74.34808,4.32,D,2026-05-16 08:18:00
32.00251,74.16621,2.62,D,2026-05-16 08:18:00
32.00414,72.72826,5.01,D,2026-05-16 08:18:00
32.00429,74.3433,4.32,D,2026-05-16 08:18:00
32.00489,74.34742,4.32,D,2026-05-16 08:18:00
32.00607,75.09757,5.59,D,2026-05-16 08:18:00
32.01328,74.47735,6.59,D,2026-05-16 08:18:00
32.01378,74.9785,7.54,D,2026-05-16 08:18:00
32.01575,74.72341,5.22,D,2026-05-16 08:18:00
32.01757,74.95607,5.67,D,2026-05-16 08:18:00
32.01816,74.9603,5.67,D,2026-05-16 08:18:00
32.03674,75.04371,4.07,D,2026-05-16 08:18:00
32.04012,75.04305,4.83,D,2026-05-16 08:18:00
32.04071,75.0473,14.02,D,2026-05-16 08:18:00
32.04811,73.49535,5.16,D,2026-05-16 08:18:00
32.04913,74.44047,2.95,D,2026-05-16 08:18:00
32.05559,75.07938,4.59,D,2026-05-16 08:18:00
32.06414,75.26651,11.6,D,2026-05-16 08:18:00
32.06754,75.26587,11.6,D,2026-05-16 08:18:00
32.06975,75.25662,4.34,D,2026-05-16 08:18:00
32.07349,74.37191,28.78,D,2026-05-16 08:18:00
32.07689,74.75584,9.72,D,2026-05-16 08:18:00
32.08101,74.40014,3.49,D,2026-05-16 08:18:00
32.08153,74.27326,6.1,D,2026-05-16 08:18:00
32.08853,73.18254,2.65,D,2026-05-16 08:18:00
32.09259,74.62393,3.05,D,2026-05-16 08:18:00
32.09594,74.62328,3.88,D,2026-05-16 08:18:00
32.10571,74.78902,4.71,D,2026-05-16 08:18:00
32.11167,75.64155,5.43,D,2026-05-16 08:18:00
32.11428,74.45356,2.66,D,2026-05-16 08:18:00
32.11525,74.43634,9.54,D,2026-05-16 08:18:00
32.12162,74.68259,5.13,D,2026-05-16 08:18:00
32.12179,74.5545,5.6,D,2026-05-16 08:18:00
32.12475,74.2646,6.41,D,2026-05-16 08:18:00
32.12794,73.78026,21.77,D,2026-05-16 08:18:00
32.13457,74.62049,6.51,D,2026-05-16 08:18:00
32.13737,74.30445,3.23,D,2026-05-16 08:18:00
32.14159,73.53059,6.3,D,2026-05-16 08:18:00
32.14386,75.01156,7.19,D,2026-05-16 08:18:00
32.14687,74.95869,6.59,D,2026-05-16 08:18:00
32.14809,73.80127,7.2,D,2026-05-16 08:18:00
32.17227,75.04104,5.33,D,2026-05-16 08:18:00
32.17392,74.58276,7.32,D,2026-05-16 08:18:00
32.18066,73.67721,4.12,D,2026-05-16 08:18:00
32.18268,73.82771,2.18,D,2026-05-16 08:18:00
32.18417,73.81483,3.76,D,2026-05-16 08:18:00
32.1893,74.61832,6.4,D,2026-05-16 08:18:00
32.18941,73.49154,4.96,D,2026-05-16 08:18:00
32.19525,73.77479,5.13,D,2026-05-16 08:18:00
32.19865,74.53934,6.95,D,2026-05-16 08:18:00
32.20881,73.79717,5.24,D,2026-05-16 08:18:00
32.21211,73.7965,6.83,D,2026-05-16 08:18:00
32.21466,75.2706,8.65,D,2026-05-16 08:18:00
32.22532,73.73107,9.57,D,2026-05-16 08:18:00
32.23039,74.71352,14.17,D,2026-05-16 08:18:00
32.24332,73.71477,7.5,D,2026-05-16 08:18:00
32.24566,73.95357,3.2,D,2026-05-16 08:18:00
32.25209,73.75072,4.17,D,2026-05-16 08:18:00
32.26816,74.43645,3.89,D,2026-05-16 08:18:00
32.27499,75.38465,6.99,D,2026-05-16 08:18:00
32.2763,75.42018,3.72,D,2026-05-16 08:18:00
32.27757,73.35638,6.54,D,2026-05-16 08:18:00
32.28736,73.87373,4.29,D,2026-05-16 08:18:00
32.28857,73.88191,3.03,D,2026-05-16 08:18:00
32.28918,73.88599,3.03,D,2026-05-16 08:18:00
32.29731,74.0108,2.96,D,2026-05-16 08:18:00
32.29985,75.00492,3.73,D,2026-05-16 08:18:00
32.30853,75.4769,2.97,D,2026-05-16 08:18:00
32.31195,75.47625,2.97,D,2026-05-16 08:18:00
32.31393,74.83212,4.72,D,2026-05-16 08:18:00
32.31453,74.83635,4.72,D,2026-05-16 08:18:00
32.33532,75.57104,8.56,D,2026-05-16 08:18:00
32.33555,73.92285,3.63,D,2026-05-16 08:18:00
32.33648,74.04507,5.91,D,2026-05-16 08:18:00
32.33708,74.04917,4.87,D,2026-05-16 08:18:00
32.3404,74.0485,4.87,D,2026-05-16 08:18:00
32.34879,72.29238,7.24,D,2026-05-16 08:18:00
32.35577,74.03693,4.98,D,2026-05-16 08:18:00
32.35909,74.03626,4.98,D,2026-05-16 08:18:00
32.3597,74.04036,4.98,D,2026-05-16 08:18:00
32.36088,74.35432,4.62,D,2026-05-16 08:18:00
32.36241,74.03558,2.06,D,2026-05-16 08:18:00
32.36528,74.67535,3.19,D,2026-05-16 08:18:00
32.36899,74.38686,3.09,D,2026-05-16 08:18:00
32.36956,73.99665,6.47,D,2026-05-16 08:18:00
32.37065,72.23659,20.0,D,2026-05-16 08:18:00
32.39127,73.95843,9.84,D,2026-05-16 08:18:00
32.40848,74.21768,5.69,D,2026-05-16 08:18:00
32.41646,74.29698,5.51,D,2026-05-16 08:18:00
32.42298,74.22327,6.65,D,2026-05-16 08:18:00
32.42862,74.02693,6.71,D,2026-05-16 08:18:00
32.43073,74.27707,8.36,D,2026-05-16 08:18:00
32.44791,74.06536,9.53,D,2026-05-16 08:18:00
32.45001,74.1031,6.34,D,2026-05-16 08:18:00
32.45916,74.28416,6.1,D,2026-05-16 08:18:00
32.47793,73.40319,5.48,D,2026-05-16 08:18:00
32.48166,74.20296,0.42,D,2026-05-16 08:18:00
32.48281,73.91554,6.18,D,2026-05-16 08:18:00
32.50186,74.27134,3.52,D,2026-05-16 08:18:00
32.50778,73.08706,3.49,D,2026-05-16 08:18:00
32.55841,73.85415,4.64,D,2026-05-16 08:18:00
32.56624,73.86099,7.71,D,2026-05-16 08:18:00
32.57135,73.82613,7.15,D,2026-05-16 08:18:00
32.65939,73.6901,4.67,D,2026-05-16 08:18:00
32.68987,74.70155,6.36,D,2026-05-16 08:18:00
32.70036,74.67773,4.97,D,2026-05-16 08:18:00
32.75175,74.65021,6.16,D,2026-05-16 08:18:00
33.42081,72.74297,3.41,D,2026-05-16 08:18:00
22.05515,88.12248,1.87,N,2026-05-16 19:02:00
23.69132,87.11928,2.36,N,2026-05-16 19:02:00
32.85556,74.41959,2.1,N,2026-05-16 20:40:00
32.85632,74.42128,2.75,N,2026-05-16 20:40:00
32.85695,74.41602,2.75,N,2026-05-16 20:40:00
32.86068,74.41667,2.95,N,2026-05-16 20:40:00
32.904,76.10152,0.99,N,2026-05-16 20:40:00
33.5681,73.72694,0.88,N,2026-05-16 20:40:00
33.56815,73.72497,1.06,N,2026-05-16 20:40:00
33.56877,73.72093,0.88,N,2026-05-16 20:40:00
33.56886,73.71889,0.96,N,2026-05-16 20:40:00
34.2837,74.84697,0.78,N,2026-05-16 20:40:00
35.96737,68.68452,1.46,N,2026-05-16 20:40:00
36.99757,80.1929,0.73,N,2026-05-16 20:40:00
37.20078,79.30066,0.66,N,2026-05-16 20:40:00
24.53598,87.45677,2.08,N,2026-05-16 20:42:00
25.03266,87.37701,1.97,N,2026-05-16 20:42:00
25.52063,80.49262,4.32,N,2026-05-16 20:42:00
25.54567,80.57828,5.17,N,2026-05-16 20:42:00
25.56125,80.20534,3.2,N,2026-05-16 20:42:00
25.62822,80.37431,3.88,N,2026-05-16 20:42:00
25.68224,79.5034,1.11,N,2026-05-16 20:42:00
25.74704,80.05517,2.79,N,2026-05-16 20:42:00
25.7612,80.16054,3.01,N,2026-05-16 20:42:00
25.76476,80.16132,4.43,N,2026-05-16 20:42:00
25.88704,80.06535,1.12,N,2026-05-16 20:42:00
25.90303,80.11987,1.2,N,2026-05-16 20:42:00
26.01188,80.1009,1.44,N,2026-05-16 20:42:00
26.03277,79.61707,0.89,N,2026-05-16 20:42:00
26.0928,79.96964,0.58,N,2026-05-16 20:42:00
26.09852,80.18269,0.56,N,2026-05-16 20:42:00
26.11131,81.32243,2.82,N,2026-05-16 20:42:00
26.31774,79.17562,1.47,N,2026-05-16 20:42:00
26.64099,79.47773,1.25,N,2026-05-16 20:42:00
26.6437,79.48266,1.25,N,2026-05-16 20:42:00
26.64443,79.47848,1.25,N,2026-05-16 20:42:00
26.80522,78.43751,0.62,N,2026-05-16 20:42:00
26.80856,78.43821,0.62,N,2026-05-16 20:42:00
26.85356,82.77454,0.6,N,2026-05-16 20:42:00
26.87502,73.51675,1.85,N,2026-05-16 20:42:00
26.92624,73.4672,1.16,N,2026-05-16 20:42:00
27.28875,73.83795,1.57,N,2026-05-16 20:42:00
27.34444,81.62597,1.34,N,2026-05-16 20:42:00
27.53584,69.31324,3.42,N,2026-05-16 20:42:00
27.53758,69.3084,2.68,N,2026-05-16 20:42:00
27.66913,76.12839,2.37,N,2026-05-16 20:42:00
28.02678,76.45792,1.94,N,2026-05-16 20:42:00
28.27343,77.20819,0.92,N,2026-05-16 20:42:00
28.61184,81.85277,0.65,N,2026-05-16 20:42:00
28.74361,76.92559,0.87,N,2026-05-16 20:42:00
28.79657,77.07008,2.06,N,2026-05-16 20:42:00
28.85327,81.79185,0.45,N,2026-05-16 20:42:00
28.8901,81.43328,2.29,N,2026-05-16 20:42:00
28.89795,81.43153,1.2,N,2026-05-16 20:42:00
28.92963,77.23692,1.24,N,2026-05-16 20:42:00
28.98625,81.30411,0.63,N,2026-05-16 20:42:00
29.01726,80.64174,0.73,N,2026-05-16 20:42:00
29.02651,81.44976,0.81,N,2026-05-16 20:42:00
29.03362,80.35146,1.92,N,2026-05-16 20:42:00
29.25152,79.87988,0.79,N,2026-05-16 20:42:00
29.2534,79.88928,0.87,N,2026-05-16 20:42:00
29.2543,79.69994,0.99,N,2026-05-16 20:42:00
29.25511,79.69871,0.56,N,2026-05-16 20:42:00
29.25564,79.87648,0.79,N,2026-05-16 20:42:00
29.25641,79.8721,0.61,N,2026-05-16 20:42:00
29.25979,79.87289,1.09,N,2026-05-16 20:42:00
29.26237,79.87823,1.98,N,2026-05-16 20:42:00
29.26417,79.8881,0.37,N,2026-05-16 20:42:00
29.26574,79.87913,0.99,N,2026-05-16 20:42:00
29.26727,79.87032,1.69,N,2026-05-16 20:42:00
29.2691,79.88,0.99,N,2026-05-16 20:42:00
29.27063,79.87125,1.69,N,2026-05-16 20:42:00
29.27245,79.88098,1.12,N,2026-05-16 20:42:00
29.27397,79.8723,1.27,N,2026-05-16 20:42:00
29.27579,79.88203,1.12,N,2026-05-16 20:42:00
29.31576,80.0327,1.05,N,2026-05-16 20:42:00
29.32895,80.01807,1.69,N,2026-05-16 20:42:00
29.3297,80.01383,1.69,N,2026-05-16 20:42:00
29.33238,80.01867,1.69,N,2026-05-16 20:42:00
29.33552,79.88055,1.32,N,2026-05-16 20:42:00
29.44602,80.07392,0.26,N,2026-05-16 20:42:00
29.49537,79.41988,0.38,N,2026-05-16 20:42:00
29.4987,79.4207,0.38,N,2026-05-16 20:42:00
29.51886,79.40406,1.43,N,2026-05-16 20:42:00
29.61764,79.40321,0.56,N,2026-05-16 20:42:00
29.69205,80.03428,0.88,N,2026-05-16 20:42:00
29.69546,80.0349,0.53,N,2026-05-16 20:42:00
29.73319,78.97147,0.35,N,2026-05-16 20:42:00
29.73783,79.0055,0.59,N,2026-05-16 20:42:00
29.76173,79.30616,0.71,N,2026-05-16 20:42:00
29.78962,79.85625,0.84,N,2026-05-16 20:42:00
29.83418,78.67123,1.76,N,2026-05-16 20:42:00
29.8454,78.66531,0.62,N,2026-05-16 20:42:00
29.84589,78.62056,0.4,N,2026-05-16 20:42:00
29.85658,79.4479,0.69,N,2026-05-16 20:42:00
29.87973,78.93116,1.19,N,2026-05-16 20:42:00
29.88898,78.50257,0.57,N,2026-05-16 20:42:00
30.0537,78.76212,0.66,N,2026-05-16 20:42:00
30.05625,78.70467,0.56,N,2026-05-16 20:42:00
30.05689,78.70075,0.56,N,2026-05-16 20:42:00
30.27885,77.71365,0.96,N,2026-05-16 20:42:00
30.28215,77.71434,2.37,N,2026-05-16 20:42:00
30.4799,76.6098,1.24,N,2026-05-16 20:42:00
31.14647,75.85188,1.92,N,2026-05-16 20:42:00
31.14991,75.85253,1.92,N,2026-05-16 20:42:00
31.23782,77.24581,0.67,N,2026-05-16 20:42:00
31.23845,77.24163,1.58,N,2026-05-16 20:42:00
31.29712,75.86252,2.18,N,2026-05-16 20:42:00
31.31911,70.57799,0.99,N,2026-05-16 20:42:00
31.32769,76.89552,1.01,N,2026-05-16 20:42:00
31.55651,76.83497,0.47,N,2026-05-16 20:42:00
31.82216,77.04764,1.92,N,2026-05-16 20:42:00
17.6079,83.20123,3.58,N,2026-05-16 20:44:00
17.61279,83.20234,3.58,N,2026-05-16 20:44:00
17.889,81.06033,0.31,N,2026-05-16 20:44:00
17.89,81.06216,0.51,N,2026-05-16 20:44:00
17.95006,80.78674,1.19,N,2026-05-16 20:44:00
17.95098,80.78566,1.45,N,2026-05-16 20:44:00
17.957,80.79942,1.09,N,2026-05-16 20:44:00
18.04198,79.66606,0.63,N,2026-05-16 20:44:00
18.0426,79.66467,0.52,N,2026-05-16 20:44:00
18.12341,79.66129,0.91,N,2026-05-16 20:44:00
18.12411,79.76865,0.52,N,2026-05-16 20:44:00
18.12801,79.76945,0.52,N,2026-05-16 20:44:00
18.12832,79.76582,1.29,N,2026-05-16 20:44:00
18.14118,79.58558,2.86,N,2026-05-16 20:44:00
18.14504,79.58635,2.86,N,2026-05-16 20:44:00
18.1489,79.58713,4.42,N,2026-05-16 20:44:00
18.4301,77.6402,5.89,N,2026-05-16 20:44:00
18.43359,77.64086,5.14,N,2026-05-16 20:44:00
18.43571,77.62864,5.37,N,2026-05-16 20:44:00
18.43991,77.62521,5.37,N,2026-05-16 20:44:00
18.44341,77.62586,5.16,N,2026-05-16 20:44:00
18.52736,78.66309,1.0,N,2026-05-16 20:44:00
18.68202,77.73239,2.16,N,2026-05-16 20:44:00
18.70218,75.552,1.72,N,2026-05-16 20:44:00
18.70226,75.72065,0.68,N,2026-05-16 20:44:00
18.80401,74.2586,2.41,N,2026-05-16 20:44:00
18.84243,78.77026,1.18,N,2026-05-16 20:44:00
18.84322,78.76574,1.18,N,2026-05-16 20:44:00
18.92847,78.78957,0.84,N,2026-05-16 20:44:00
19.03012,76.54682,5.88,N,2026-05-16 20:44:00
19.05185,75.92513,1.75,N,2026-05-16 20:44:00
19.07861,84.56627,0.8,N,2026-05-16 20:44:00
19.0967,82.16891,3.27,N,2026-05-16 20:44:00
19.09883,82.1665,2.15,N,2026-05-16 20:44:00
19.101,73.05066,1.4,N,2026-05-16 20:44:00
19.12089,77.9201,0.69,N,2026-05-16 20:44:00
19.17514,78.04634,2.07,N,2026-05-16 20:44:00
19.25122,77.98197,1.28,N,2026-05-16 20:44:00
19.28367,77.94118,2.72,N,2026-05-16 20:44:00
19.36895,71.35482,7.0,N,2026-05-16 20:44:00
19.3696,71.35014,6.3,N,2026-05-16 20:44:00
19.53106,78.12248,0.57,N,2026-05-16 20:44:00
19.57196,71.36129,1.67,N,2026-05-16 20:44:00
19.71283,84.34139,2.45,N,2026-05-16 20:44:00
19.77628,75.91335,0.47,N,2026-05-16 20:44:00
19.78614,79.14857,0.86,N,2026-05-16 20:44:00
19.8984,76.01416,0.46,N,2026-05-16 20:44:00
19.90599,74.88039,2.18,N,2026-05-16 20:44:00
19.93713,75.45632,2.26,N,2026-05-16 20:44:00
19.99553,79.64128,2.32,N,2026-05-16 20:44:00
20.00675,79.64047,1.92,N,2026-05-16 20:44:00
20.07956,75.26379,4.18,N,2026-05-16 20:44:00
20.08547,73.74829,0.82,N,2026-05-16 20:44:00
20.08885,73.74889,0.82,N,2026-05-16 20:44:00
20.20069,75.37427,3.28,N,2026-05-16 20:44:00
20.21093,72.91882,0.23,N,2026-05-16 20:44:00
20.21622,75.36198,5.15,N,2026-05-16 20:44:00
20.25586,78.18594,3.7,N,2026-05-16 20:44:00
20.29803,75.57152,1.01,N,2026-05-16 20:44:00
20.34342,79.52017,3.48,N,2026-05-16 20:44:00
20.34485,75.18851,0.86,N,2026-05-16 20:44:00
20.46115,78.00623,5.7,N,2026-05-16 20:44:00
20.62845,75.10923,0.37,N,2026-05-16 20:44:00
20.87255,77.673,3.89,N,2026-05-16 20:44:00
20.9109,71.46151,0.6,N,2026-05-16 20:44:00
20.91154,71.45665,0.72,N,2026-05-16 20:44:00
20.94773,76.71811,0.59,N,2026-05-16 20:44:00
20.94999,75.30814,0.5,N,2026-05-16 20:44:00
20.95953,75.35137,1.94,N,2026-05-16 20:44:00
20.96284,75.35196,0.38,N,2026-05-16 20:44:00
21.09997,72.637,1.42,N,2026-05-16 20:44:00
21.10057,72.63268,1.42,N,2026-05-16 20:44:00
21.10353,72.63757,5.0,N,2026-05-16 20:44:00
21.10414,72.63325,5.0,N,2026-05-16 20:44:00
21.10589,72.64674,5.28,N,2026-05-16 20:44:00
21.11127,72.63439,2.74,N,2026-05-16 20:44:00
21.12855,74.81038,0.54,N,2026-05-16 20:44:00
21.13405,78.26427,0.81,N,2026-05-16 20:44:00
21.23921,79.22879,1.98,N,2026-05-16 20:44:00
21.24364,79.22502,2.13,N,2026-05-16 20:44:00
21.24444,79.22053,3.01,N,2026-05-16 20:44:00
21.25046,79.2078,5.28,N,2026-05-16 20:44:00
21.25772,78.28325,0.77,N,2026-05-16 20:44:00
21.25829,72.94191,0.86,N,2026-05-16 20:44:00
21.26968,78.50426,0.26,N,2026-05-16 20:44:00
21.2762,78.19798,5.39,N,2026-05-16 20:44:00
21.28324,79.14964,1.96,N,2026-05-16 20:44:00
21.30004,77.40448,0.82,N,2026-05-16 20:44:00
21.33571,78.96697,1.38,N,2026-05-16 20:44:00
21.35059,78.88429,1.01,N,2026-05-16 20:44:00
21.39145,76.81704,0.51,N,2026-05-16 20:44:00
21.41007,72.98683,1.56,N,2026-05-16 20:44:00
21.43182,76.8014,0.95,N,2026-05-16 20:44:00
21.4332,72.97607,0.69,N,2026-05-16 20:44:00
21.43516,76.80202,1.33,N,2026-05-16 20:44:00
21.54649,77.41727,1.11,N,2026-05-16 20:44:00
21.55954,76.53948,0.32,N,2026-05-16 20:44:00
21.56394,77.83234,0.37,N,2026-05-16 20:44:00
21.56438,77.06236,0.74,N,2026-05-16 20:44:00
21.65132,78.03765,1.57,N,2026-05-16 20:44:00
21.65475,78.03832,2.25,N,2026-05-16 20:44:00
21.65739,78.14702,2.68,N,2026-05-16 20:44:00
21.67533,77.95966,0.85,N,2026-05-16 20:44:00
21.72252,76.24389,0.55,N,2026-05-16 20:44:00
21.72652,77.41154,1.1,N,2026-05-16 20:44:00
21.74122,83.84156,1.16,N,2026-05-16 20:44:00
21.7459,83.84277,1.16,N,2026-05-16 20:44:00
21.77092,78.82967,0.75,N,2026-05-16 20:44:00
21.81942,83.89169,2.35,N,2026-05-16 20:44:00
21.82298,83.89823,2.94,N,2026-05-16 20:44:00
21.82517,77.39001,1.57,N,2026-05-16 20:44:00
21.85317,78.10773,2.62,N,2026-05-16 20:44:00
21.87335,83.49635,1.35,N,2026-05-16 20:44:00
21.875,83.49884,1.76,N,2026-05-16 20:44:00
21.89738,78.31702,3.19,N,2026-05-16 20:44:00
21.90749,77.43765,0.41,N,2026-05-16 20:44:00
21.91766,83.35314,2.07,N,2026-05-16 20:44:00
21.95988,77.39899,1.25,N,2026-05-16 20:44:00
21.96053,77.39516,1.25,N,2026-05-16 20:44:00
21.96867,77.63628,1.06,N,2026-05-16 20:44:00
21.97322,76.66481,0.62,N,2026-05-16 20:44:00
21.97754,79.38332,2.43,N,2026-05-16 20:44:00
21.98395,79.2642,2.35,N,2026-05-16 20:44:00
21.99037,79.35338,5.06,N,2026-05-16 20:44:00
21.99397,79.35413,5.06,N,2026-05-16 20:44:00
22.00374,82.67287,0.62,N,2026-05-16 20:44:00
22.01269,77.99881,2.83,N,2026-05-16 20:44:00
22.01544,78.00344,9.91,N,2026-05-16 20:44:00
22.0161,77.99953,1.44,N,2026-05-16 20:44:00
22.01686,77.68562,0.76,N,2026-05-16 20:44:00
22.03989,79.41197,2.38,N,2026-05-16 20:44:00
22.0435,79.41273,3.85,N,2026-05-16 20:44:00
22.05287,88.12514,0.53,N,2026-05-16 20:44:00
22.05292,78.81466,0.91,N,2026-05-16 20:44:00
22.05396,88.12189,1.02,N,2026-05-16 20:44:00
22.06598,88.12524,0.39,N,2026-05-16 20:44:00
22.06604,88.12358,0.82,N,2026-05-16 20:44:00
22.07215,78.03822,0.35,N,2026-05-16 20:44:00
22.07434,77.44868,0.59,N,2026-05-16 20:44:00
22.10068,79.19861,3.85,N,2026-05-16 20:44:00
22.10612,76.87069,0.92,N,2026-05-16 20:44:00
22.10854,77.05784,1.13,N,2026-05-16 20:44:00
22.11313,77.96383,2.51,N,2026-05-16 20:44:00
22.12496,77.75014,1.98,N,2026-05-16 20:44:00
22.12855,79.10445,2.13,N,2026-05-16 20:44:00
22.15508,79.03781,3.19,N,2026-05-16 20:44:00
22.15878,77.14956,1.22,N,2026-05-16 20:44:00
22.1601,78.5324,1.53,N,2026-05-16 20:44:00
22.16641,73.84325,0.99,N,2026-05-16 20:44:00
22.16699,73.83914,1.13,N,2026-05-16 20:44:00
22.20185,74.34122,0.76,N,2026-05-16 20:44:00
22.20722,76.95975,8.98,N,2026-05-16 20:44:00
22.20748,76.87434,0.74,N,2026-05-16 20:44:00
22.21198,77.23329,1.5,N,2026-05-16 20:44:00
22.21532,77.23393,1.5,N,2026-05-16 20:44:00
22.2264,78.75572,0.75,N,2026-05-16 20:44:00
22.25407,78.84705,2.82,N,2026-05-16 20:44:00
22.25674,76.92155,0.68,N,2026-05-16 20:44:00
22.2576,78.84771,2.82,N,2026-05-16 20:44:00
22.26069,76.91841,0.68,N,2026-05-16 20:44:00
22.26326,75.13366,1.79,N,2026-05-16 20:44:00
22.267,77.72004,1.47,N,2026-05-16 20:44:00
22.30242,77.11649,1.11,N,2026-05-16 20:44:00
22.3338,69.73325,6.2,N,2026-05-16 20:44:00
22.35388,82.30544,0.94,N,2026-05-16 20:44:00
22.35811,82.30639,0.94,N,2026-05-16 20:44:00
22.35895,82.30216,1.57,N,2026-05-16 20:44:00
22.36326,77.54532,2.83,N,2026-05-16 20:44:00
22.54369,73.93582,0.87,N,2026-05-16 20:44:00
22.54489,79.20997,4.86,N,2026-05-16 20:44:00
22.54766,79.2151,4.86,N,2026-05-16 20:44:00
22.54844,79.21072,4.86,N,2026-05-16 20:44:00
22.59797,76.24088,0.78,N,2026-05-16 20:44:00
22.62974,76.21227,1.01,N,2026-05-16 20:44:00
22.63152,76.20113,0.75,N,2026-05-16 20:44:00
22.77401,77.26669,0.7,N,2026-05-16 20:44:00
22.80596,77.07308,1.42,N,2026-05-16 20:44:00
22.81554,79.66453,3.89,N,2026-05-16 20:44:00
22.81635,79.66,3.89,N,2026-05-16 20:44:00
22.92556,69.82231,0.93,N,2026-05-16 20:44:00
22.92647,70.10724,4.65,N,2026-05-16 20:44:00
22.93054,69.70321,1.41,N,2026-05-16 20:44:00
22.96765,73.99425,0.98,N,2026-05-16 20:44:00
23.06297,83.05132,0.72,N,2026-05-16 20:44:00
23.06411,83.04951,1.21,N,2026-05-16 20:44:00
23.1643,82.3414,3.22,N,2026-05-16 20:44:00
23.16512,82.3372,3.22,N,2026-05-16 20:44:00
23.16848,82.34228,3.22,N,2026-05-16 20:44:00
23.22894,77.84637,0.47,N,2026-05-16 20:44:00
23.25558,77.66699,2.28,N,2026-05-16 20:44:00
23.30111,77.331,2.62,N,2026-05-16 20:44:00
23.31391,70.19876,1.38,N,2026-05-16 20:44:00
23.32881,73.61233,1.43,N,2026-05-16 20:44:00
23.35498,77.91061,0.85,N,2026-05-16 20:44:00
23.36931,78.18097,1.41,N,2026-05-16 20:44:00
23.39375,78.18178,1.32,N,2026-05-16 20:44:00
23.40783,78.07829,1.39,N,2026-05-16 20:44:00
23.42498,74.46474,2.52,N,2026-05-16 20:44:00
23.42927,77.4853,1.3,N,2026-05-16 20:44:00
23.43157,77.4846,0.97,N,2026-05-16 20:44:00
23.44335,78.21959,1.65,N,2026-05-16 20:44:00
23.48195,78.05551,1.72,N,2026-05-16 20:44:00
23.49769,78.35462,1.69,N,2026-05-16 20:44:00
23.501,78.35338,1.06,N,2026-05-16 20:44:00
23.50643,77.84982,1.57,N,2026-05-16 20:44:00
23.53522,77.82334,0.91,N,2026-05-16 20:44:00
23.54694,78.18935,1.58,N,2026-05-16 20:44:00
23.55157,78.85233,1.38,N,2026-05-16 20:44:00
23.56227,78.40739,1.26,N,2026-05-16 20:44:00
23.56244,78.30369,1.37,N,2026-05-16 20:44:00
23.56516,78.30836,1.12,N,2026-05-16 20:44:00
23.56585,78.30437,1.12,N,2026-05-16 20:44:00
23.56762,77.85794,1.27,N,2026-05-16 20:44:00
23.57599,76.73132,0.52,N,2026-05-16 20:44:00
23.58147,77.58865,1.27,N,2026-05-16 20:44:00
23.59333,77.66264,0.57,N,2026-05-16 20:44:00
23.63068,77.82055,1.0,N,2026-05-16 20:44:00
23.64466,85.4384,0.42,N,2026-05-16 20:44:00
23.64813,85.43902,0.38,N,2026-05-16 20:44:00
23.64884,85.43584,0.38,N,2026-05-16 20:44:00
23.64965,85.43965,0.42,N,2026-05-16 20:44:00
23.65014,78.53223,0.94,N,2026-05-16 20:44:00
23.65084,78.52818,0.94,N,2026-05-16 20:44:00
23.66966,78.37762,1.26,N,2026-05-16 20:44:00
23.67319,78.27496,1.92,N,2026-05-16 20:44:00
23.67441,78.39104,1.48,N,2026-05-16 20:44:00
23.69412,78.76012,1.7,N,2026-05-16 20:44:00
23.69532,85.36834,0.58,N,2026-05-16 20:44:00
23.69756,78.76083,1.17,N,2026-05-16 20:44:00
23.72815,77.91098,1.84,N,2026-05-16 20:44:00
23.7313,77.85121,1.5,N,2026-05-16 20:44:00
23.75322,77.5561,0.88,N,2026-05-16 20:44:00
23.75592,77.56059,0.88,N,2026-05-16 20:44:00
23.75827,79.34576,1.79,N,2026-05-16 20:44:00
23.75903,79.34146,1.29,N,2026-05-16 20:44:00
23.76032,79.34872,1.5,N,2026-05-16 20:44:00
23.76109,79.34444,1.5,N,2026-05-16 20:44:00
23.76179,79.34653,2.2,N,2026-05-16 20:44:00
23.76353,76.40708,0.26,N,2026-05-16 20:44:00
23.7705,78.86507,2.62,N,2026-05-16 20:44:00
23.77396,78.86581,1.6,N,2026-05-16 20:44:00
23.78901,78.21099,0.8,N,2026-05-16 20:44:00
23.80888,77.6983,0.44,N,2026-05-16 20:44:00
23.80919,77.5512,0.34,N,2026-05-16 20:44:00
23.81158,77.70282,0.55,N,2026-05-16 20:44:00
23.8245,77.25081,0.41,N,2026-05-16 20:44:00
23.82861,84.57486,0.86,N,2026-05-16 20:44:00
23.84192,77.77604,0.52,N,2026-05-16 20:44:00
23.86347,78.49442,0.69,N,2026-05-16 20:44:00
23.86688,78.49513,0.76,N,2026-05-16 20:44:00
23.89223,76.19419,1.79,N,2026-05-16 20:44:00
23.9015,77.66802,2.15,N,2026-05-16 20:44:00
23.90214,77.66416,2.15,N,2026-05-16 20:44:00
23.90549,77.66483,1.18,N,2026-05-16 20:44:00
23.90686,78.54379,1.04,N,2026-05-16 20:44:00
23.91863,79.60709,1.12,N,2026-05-16 20:44:00
23.9884,79.39316,1.79,N,2026-05-16 20:44:00
24.00886,74.33041,1.16,N,2026-05-16 20:44:00
24.03839,78.02319,2.06,N,2026-05-16 20:44:00
24.03944,78.2435,2.96,N,2026-05-16 20:44:00
24.04399,77.19467,0.66,N,2026-05-16 20:44:00
24.05193,78.72408,2.49,N,2026-05-16 20:44:00
24.08165,77.64252,1.83,N,2026-05-16 20:44:00
24.08814,78.01696,2.34,N,2026-05-16 20:44:00
24.09206,77.42383,1.84,N,2026-05-16 20:44:00
24.09268,77.42001,1.77,N,2026-05-16 20:44:00
24.09406,77.42333,1.3,N,2026-05-16 20:44:00
24.11368,77.55358,2.51,N,2026-05-16 20:44:00
24.11843,77.56641,3.01,N,2026-05-16 20:44:00
24.11907,77.56257,3.01,N,2026-05-16 20:44:00
24.12035,77.55489,2.68,N,2026-05-16 20:44:00
24.12059,77.12348,1.68,N,2026-05-16 20:44:00
24.12304,77.55939,2.68,N,2026-05-16 20:44:00
24.13016,82.61871,1.39,N,2026-05-16 20:44:00
24.13038,82.62125,2.31,N,2026-05-16 20:44:00
24.14349,82.70753,1.0,N,2026-05-16 20:44:00
24.14524,82.65553,2.2,N,2026-05-16 20:44:00
24.16372,82.62874,2.47,N,2026-05-16 20:44:00
24.17693,82.64977,1.62,N,2026-05-16 20:44:00
24.19933,82.71272,2.02,N,2026-05-16 20:44:00
24.20431,82.70967,2.02,N,2026-05-16 20:44:00
24.20585,82.52649,1.31,N,2026-05-16 20:44:00
24.23248,74.78377,0.81,N,2026-05-16 20:44:00
24.23703,74.77644,0.82,N,2026-05-16 20:44:00
24.2933,80.21335,4.42,N,2026-05-16 20:44:00
24.50191,80.85117,0.74,N,2026-05-16 20:44:00
24.50565,80.85201,0.74,N,2026-05-16 20:44:00
24.51724,80.32575,0.58,N,2026-05-16 20:44:00
24.62355,77.0925,3.04,N,2026-05-16 20:44:00
24.62417,77.08871,1.39,N,2026-05-16 20:44:00
24.62686,77.09313,3.04,N,2026-05-16 20:44:00
24.62748,77.08935,1.39,N,2026-05-16 20:44:00
24.65104,80.96957,3.01,N,2026-05-16 20:44:00
24.65767,73.87625,0.98,N,2026-05-16 20:44:00
24.67647,77.85949,0.96,N,2026-05-16 20:44:00
24.73957,77.00497,1.84,N,2026-05-16 20:44:00
24.75752,77.37171,5.55,N,2026-05-16 20:44:00
24.76083,77.37237,4.67,N,2026-05-16 20:44:00
24.76306,74.60848,2.42,N,2026-05-16 20:44:00
24.7835,76.98612,2.57,N,2026-05-16 20:44:00
24.81253,77.13929,3.16,N,2026-05-16 20:44:00
24.8196,73.09296,1.48,N,2026-05-16 20:44:00
24.85588,76.7038,0.86,N,2026-05-16 20:44:00
24.89064,78.84556,4.39,N,2026-05-16 20:44:00
24.89406,78.84628,4.65,N,2026-05-16 20:44:00
24.91399,76.97523,0.72,N,2026-05-16 20:44:00
24.93412,74.63351,0.95,N,2026-05-16 20:44:00
24.98232,77.01505,2.07,N,2026-05-16 20:44:00
24.98293,77.01126,2.07,N,2026-05-16 20:44:00
25.11724,81.66773,9.04,N,2026-05-16 20:44:00
25.13685,76.31846,3.02,N,2026-05-16 20:44:00
25.13947,76.31866,3.76,N,2026-05-16 20:44:00
25.38856,68.58324,1.49,N,2026-05-16 20:44:00
25.38889,68.58219,0.99,N,2026-05-16 20:44:00
25.59618,78.25122,0.95,N,2026-05-16 20:44:00
25.66063,78.32143,0.45,N,2026-05-16 20:44:00
25.66114,78.25642,0.75,N,2026-05-16 20:44:00
25.66838,76.57942,0.4,N,2026-05-16 20:44:00
25.7393,76.60473,0.84,N,2026-05-16 20:44:00
26.27161,74.1888,2.46,N,2026-05-16 20:44:00
26.31697,72.30502,2.81,N,2026-05-16 20:44:00
12.85136,79.9054,9.19,N,2026-05-16 20:46:00
13.293,77.23953,0.72,N,2026-05-16 20:46:00
14.95617,77.57846,1.93,N,2026-05-16 20:46:00
15.12027,78.07361,0.8,N,2026-05-16 20:46:00
15.16753,76.66868,2.1,N,2026-05-16 20:46:00
15.173,76.65746,2.24,N,2026-05-16 20:46:00
15.17314,76.78458,2.06,N,2026-05-16 20:46:00
15.17359,77.10164,0.68,N,2026-05-16 20:46:00
15.17461,76.69042,2.65,N,2026-05-16 20:46:00
15.17647,76.65809,2.29,N,2026-05-16 20:46:00
15.17661,76.67855,2.14,N,2026-05-16 20:46:00
15.17713,77.10229,0.68,N,2026-05-16 20:46:00
15.17714,76.65414,2.29,N,2026-05-16 20:46:00
15.17728,76.67458,3.75,N,2026-05-16 20:46:00
15.18061,76.65476,2.29,N,2026-05-16 20:46:00
15.18142,76.67125,1.56,N,2026-05-16 20:46:00
15.18209,76.66729,2.17,N,2026-05-16 20:46:00
15.18489,76.67189,1.56,N,2026-05-16 20:46:00
15.18689,76.66,3.12,N,2026-05-16 20:46:00
15.22417,76.76392,2.21,N,2026-05-16 20:46:00
15.29969,79.95045,1.01,N,2026-05-16 20:46:00
15.71297,78.65221,3.0,N,2026-05-16 20:46:00
15.71677,78.65294,1.64,N,2026-05-16 20:46:00
15.84385,78.58678,0.43,N,2026-05-16 20:46:00
16.14955,78.76566,2.27,N,2026-05-16 20:46:00
16.15029,78.76856,2.84,N,2026-05-16 20:46:00
16.1534,78.76614,1.7,N,2026-05-16 20:46:00
17.13949,77.185,1.31,N,2026-05-16 20:46:00
17.20803,80.80118,2.23,N,2026-05-16 20:46:00
17.28876,80.81149,1.44,N,2026-05-16 20:46:00
17.28917,80.81322,1.42,N,2026-05-16 20:46:00
17.60241,80.17744,1.62,N,2026-05-16 20:46:00
17.60645,80.17829,0.6,N,2026-05-16 20:46:00
17.64569,78.05069,2.36,N,2026-05-16 20:46:00
17.64644,78.04638,2.36,N,2026-05-16 20:46:00
17.78779,77.87777,1.6,N,2026-05-16 20:46:00
17.79134,77.87845,3.74,N,2026-05-16 20:46:00
17.79198,74.58659,2.68,N,2026-05-16 20:46:00
18.58661,71.03213,2.68,N,2026-05-16 20:46:00
18.68167,73.03452,2.3,N,2026-05-16 20:46:00
18.68452,73.03899,1.08,N,2026-05-16 20:46:00
18.68568,73.03117,1.59,N,2026-05-16 20:46:00
9.12864,78.41508,1.5,D,2026-05-17 07:52:00
11.89715,78.93376,3.3,D,2026-05-17 07:54:00
12.09755,79.51098,3.65,D,2026-05-17 07:54:00
12.32213,79.80682,5.51,D,2026-05-17 07:54:00
12.86137,79.70206,2.79,D,2026-05-17 07:54:00
12.89182,79.66201,4.91,D,2026-05-17 07:54:00
13.00165,79.89355,2.62,D,2026-05-17 07:54:00
14.34466,79.86359,4.06,D,2026-05-17 07:54:00
14.8629,77.02166,1.83,D,2026-05-17 07:54:00
14.9119,78.05463,7.36,D,2026-05-17 07:54:00
14.92774,78.13425,5.84,D,2026-05-17 07:54:00
14.93009,78.83564,5.1,D,2026-05-17 07:54:00
14.9335,78.82936,6.09,D,2026-05-17 07:54:00
14.93375,78.83504,5.1,D,2026-05-17 07:54:00
14.93422,78.83366,6.09,D,2026-05-17 07:54:00
14.94134,78.32049,6.15,D,2026-05-17 07:54:00
15.18402,76.6431,2.53,D,2026-05-17 07:54:00
15.28591,78.2513,4.93,D,2026-05-17 07:54:00
15.3007,77.99879,3.34,D,2026-05-17 07:54:00
15.3366,78.07104,6.45,D,2026-05-17 07:54:00
15.33949,78.07256,18.41,D,2026-05-17 07:54:00
15.34041,78.07043,7.15,D,2026-05-17 07:54:00
15.34122,78.07521,7.15,D,2026-05-17 07:54:00
15.36288,78.27123,7.97,D,2026-05-17 07:54:00
15.41331,78.31659,5.69,D,2026-05-17 07:54:00
15.41439,78.34504,8.0,D,2026-05-17 07:54:00
15.41596,78.28739,5.06,D,2026-05-17 07:54:00
15.44663,78.35352,6.58,D,2026-05-17 07:54:00
15.45082,78.40025,9.46,D,2026-05-17 07:54:00
15.45838,78.33233,3.56,D,2026-05-17 07:54:00
15.50201,78.89729,5.43,D,2026-05-17 07:54:00
15.62074,76.98832,3.75,D,2026-05-17 07:54:00
15.65824,78.2994,14.26,D,2026-05-17 07:54:00
15.69355,76.36053,0.98,D,2026-05-17 07:54:00
15.7048,75.44923,6.96,D,2026-05-17 07:54:00
15.83228,80.15664,7.23,D,2026-05-17 07:54:00
15.87431,77.93515,6.61,D,2026-05-17 07:54:00
15.91019,77.80362,6.39,D,2026-05-17 07:54:00
16.04503,80.52168,7.52,D,2026-05-17 07:54:00
16.04563,80.52542,7.52,D,2026-05-17 07:54:00
16.12102,77.83475,8.6,D,2026-05-17 07:54:00
16.16277,78.777,24.73,D,2026-05-17 07:54:00
16.1715,78.78458,5.6,D,2026-05-17 07:54:00
16.17439,78.77966,6.69,D,2026-05-17 07:54:00
16.17511,78.78394,26.66,D,2026-05-17 07:54:00
16.37461,80.63383,23.05,D,2026-05-17 07:54:00
16.66034,81.32877,5.08,D,2026-05-17 07:54:00
16.66309,81.3246,9.09,D,2026-05-17 07:54:00
16.66641,81.32404,9.09,D,2026-05-17 07:54:00
16.67192,81.3157,7.66,D,2026-05-17 07:54:00
16.67801,81.52923,14.06,D,2026-05-17 07:54:00
16.71509,82.0566,3.02,D,2026-05-17 07:54:00
16.72171,82.05552,2.82,D,2026-05-17 07:54:00
16.72298,81.75389,3.2,D,2026-05-17 07:54:00
16.72447,82.05138,3.08,D,2026-05-17 07:54:00
16.72502,82.05497,2.82,D,2026-05-17 07:54:00
16.72559,82.0365,5.18,D,2026-05-17 07:54:00
16.73245,82.23763,2.58,D,2026-05-17 07:54:00
16.73984,82.10768,2.61,D,2026-05-17 07:54:00
16.74314,82.10714,14.0,D,2026-05-17 07:54:00
16.74815,82.07323,3.89,D,2026-05-17 07:54:00
16.7861,82.14433,4.66,D,2026-05-17 07:54:00
16.80206,82.16012,2.53,D,2026-05-17 07:54:00
16.80261,82.16371,2.53,D,2026-05-17 07:54:00
16.80537,82.15958,11.98,D,2026-05-17 07:54:00
16.80592,82.16317,11.98,D,2026-05-17 07:54:00
16.80647,82.16676,5.0,D,2026-05-17 07:54:00
16.80898,81.89418,7.75,D,2026-05-17 07:54:00
15.87946,74.13083,5.05,D,2026-05-17 07:56:00
16.08494,76.78178,6.34,D,2026-05-17 07:56:00
16.18624,76.37254,3.47,D,2026-05-17 07:56:00
16.29057,76.62695,1.28,D,2026-05-17 07:56:00
16.31533,76.48437,3.94,D,2026-05-17 07:56:00
16.32151,76.49505,2.64,D,2026-05-17 07:56:00
16.36114,76.52685,3.56,D,2026-05-17 07:56:00
16.36776,77.45395,6.26,D,2026-05-17 07:56:00
16.37395,76.59873,5.28,D,2026-05-17 07:56:00
16.37838,77.51405,3.67,D,2026-05-17 07:56:00
16.38223,77.51335,5.85,D,2026-05-17 07:56:00
16.39342,77.64426,10.03,D,2026-05-17 07:56:00
16.41123,76.53295,4.07,D,2026-05-17 07:56:00
16.41814,76.64011,6.84,D,2026-05-17 07:56:00
16.42108,76.77026,4.69,D,2026-05-17 07:56:00
16.42223,73.75977,7.33,D,2026-05-17 07:56:00
16.44043,76.71645,1.75,D,2026-05-17 07:56:00
16.44707,76.79883,8.23,D,2026-05-17 07:56:00
16.44773,76.8025,9.24,D,2026-05-17 07:56:00
16.45118,76.72964,4.09,D,2026-05-17 07:56:00
16.45184,76.73333,4.77,D,2026-05-17 07:56:00
16.46967,76.57603,4.65,D,2026-05-17 07:56:00
16.47252,76.49737,5.74,D,2026-05-17 07:56:00
16.4732,76.50117,5.74,D,2026-05-17 07:56:00
16.47534,76.49671,7.9,D,2026-05-17 07:56:00
16.47604,76.5005,7.9,D,2026-05-17 07:56:00
16.47662,76.49657,5.53,D,2026-05-17 07:56:00
16.47729,76.5004,5.53,D,2026-05-17 07:56:00
16.47955,76.51949,8.21,D,2026-05-17 07:56:00
16.48055,76.56616,1.99,D,2026-05-17 07:56:00
16.48068,76.51944,11.74,D,2026-05-17 07:56:00
16.48647,77.71081,7.63,D,2026-05-17 07:56:00
16.49806,76.5511,13.58,D,2026-05-17 07:56:00
16.50826,77.85583,4.86,D,2026-05-17 07:56:00
16.52045,76.53506,4.66,D,2026-05-17 07:56:00
16.54354,76.54604,2.71,D,2026-05-17 07:56:00
16.56661,76.55719,6.26,D,2026-05-17 07:56:00
16.57871,76.62464,5.43,D,2026-05-17 07:56:00
16.57962,76.48834,12.55,D,2026-05-17 07:56:00
16.5803,76.49215,11.69,D,2026-05-17 07:56:00
16.58208,76.48759,10.34,D,2026-05-17 07:56:00
16.58279,76.49138,11.05,D,2026-05-17 07:56:00
16.58897,76.50194,6.48,D,2026-05-17 07:56:00
16.59049,76.50195,8.0,D,2026-05-17 07:56:00
16.59142,76.67234,2.26,D,2026-05-17 07:56:00
16.59464,76.71371,1.2,D,2026-05-17 07:56:00
16.62773,76.78295,2.95,D,2026-05-17 07:56:00
16.708,76.53365,8.95,D,2026-05-17 07:56:00
16.73112,76.56792,6.03,D,2026-05-17 07:56:00
16.74183,81.18069,5.39,D,2026-05-17 07:56:00
16.74515,81.18014,5.39,D,2026-05-17 07:56:00
16.74721,76.4714,2.13,D,2026-05-17 07:56:00
16.75266,76.47816,3.01,D,2026-05-17 07:56:00
16.76351,81.46692,2.27,D,2026-05-17 07:56:00
16.76692,76.53376,7.29,D,2026-05-17 07:56:00
16.76759,76.5375,7.29,D,2026-05-17 07:56:00
16.77135,81.21664,10.9,D,2026-05-17 07:56:00
16.78405,75.82288,11.06,D,2026-05-17 07:56:00
16.78505,75.82206,11.11,D,2026-05-17 07:56:00
16.79334,81.33544,5.98,D,2026-05-17 07:56:00
16.80016,81.40096,6.22,D,2026-05-17 07:56:00
16.83743,76.3483,5.17,D,2026-05-17 07:56:00
16.87655,80.0791,5.04,D,2026-05-17 07:56:00
16.87687,80.08223,4.68,D,2026-05-17 07:56:00
16.87718,80.08291,5.91,D,2026-05-17 07:56:00
16.88718,81.98727,3.21,D,2026-05-17 07:56:00
16.92637,81.9109,9.88,D,2026-05-17 07:56:00
16.94556,82.03654,1.98,D,2026-05-17 07:56:00
16.9566,82.02001,4.28,D,2026-05-17 07:56:00
16.97526,82.09795,3.29,D,2026-05-17 07:56:00
16.97897,82.10069,8.44,D,2026-05-17 07:56:00
17.03827,76.32832,5.91,D,2026-05-17 07:56:00
17.04996,80.43665,3.41,D,2026-05-17 07:56:00
17.07784,81.64165,1.79,D,2026-05-17 07:56:00
17.12206,80.8006,6.51,D,2026-05-17 07:56:00
17.28019,82.48364,3.26,D,2026-05-17 07:56:00
17.30173,77.78061,15.34,D,2026-05-17 07:56:00
17.32893,77.44929,14.62,D,2026-05-17 07:56:00
17.34223,82.44373,3.41,D,2026-05-17 07:56:00
17.34277,82.44735,3.57,D,2026-05-17 07:56:00
17.34292,77.34987,20.26,D,2026-05-17 07:56:00
17.42546,82.41472,3.89,D,2026-05-17 07:56:00
17.4425,73.95352,4.62,D,2026-05-17 07:56:00
17.44614,73.50008,8.41,D,2026-05-17 07:56:00
17.49342,75.61101,3.62,D,2026-05-17 07:56:00
17.51894,80.39742,5.66,D,2026-05-17 07:56:00
17.5277,75.52213,9.31,D,2026-05-17 07:56:00
17.55725,75.37044,8.7,D,2026-05-17 07:56:00
17.60575,83.20301,4.44,D,2026-05-17 07:56:00
17.60966,83.20621,3.32,D,2026-05-17 07:56:00
17.61304,83.2057,3.32,D,2026-05-17 07:56:00
17.66455,75.55284,9.27,D,2026-05-17 07:56:00
17.68576,75.27961,4.62,D,2026-05-17 07:56:00
17.70072,83.25694,1.87,D,2026-05-17 07:56:00
17.75492,79.84258,3.14,D,2026-05-17 07:56:00
17.79584,75.98393,14.25,D,2026-05-17 07:56:00
17.79714,75.98354,12.87,D,2026-05-17 07:56:00
17.81933,73.33121,7.78,D,2026-05-17 07:56:00
17.8268,75.60686,11.67,D,2026-05-17 07:56:00
17.82755,75.61097,12.26,D,2026-05-17 07:56:00
17.84354,82.79923,5.86,D,2026-05-17 07:56:00
17.84681,75.1264,10.11,D,2026-05-17 07:56:00
17.84683,75.12553,8.83,D,2026-05-17 07:56:00
17.86955,83.24548,16.67,D,2026-05-17 07:56:00
17.8701,83.24928,16.67,D,2026-05-17 07:56:00
17.87348,83.24876,8.93,D,2026-05-17 07:56:00
17.88335,73.28528,4.48,D,2026-05-17 07:56:00
17.8883,73.28448,5.72,D,2026-05-17 07:56:00
17.985,75.61838,7.39,D,2026-05-17 07:56:00
18.07468,78.22189,4.83,D,2026-05-17 07:56:00
18.0851,78.23544,7.06,D,2026-05-17 07:56:00
18.14331,83.69412,3.14,D,2026-05-17 07:56:00
18.14675,83.69359,4.66,D,2026-05-17 07:56:00
18.15536,83.68023,1.13,D,2026-05-17 07:56:00
18.18496,83.4025,2.28,D,2026-05-17 07:56:00
18.23676,83.9424,4.17,D,2026-05-17 07:56:00
18.25002,83.81026,2.38,D,2026-05-17 07:56:00
18.26148,83.3512,1.49,D,2026-05-17 07:56:00
18.26676,83.95412,2.19,D,2026-05-17 07:56:00
18.27258,83.94505,6.5,D,2026-05-17 07:56:00
18.32885,79.39352,4.83,D,2026-05-17 07:56:00
18.33481,77.98962,12.07,D,2026-05-17 07:56:00
18.33599,79.2865,13.5,D,2026-05-17 07:56:00
18.36362,77.64034,21.65,D,2026-05-17 07:56:00
18.43139,79.35876,16.86,D,2026-05-17 07:56:00
18.4438,73.24878,13.16,D,2026-05-17 07:56:00
18.50302,77.98868,14.73,D,2026-05-17 07:56:00
18.50363,74.49496,6.83,D,2026-05-17 07:56:00
18.53751,83.26094,1.11,D,2026-05-17 07:56:00
18.5632,83.88474,4.5,D,2026-05-17 07:56:00
18.60583,82.43937,2.61,D,2026-05-17 07:56:00
18.64614,82.30486,5.12,D,2026-05-17 07:56:00
18.64982,83.06965,4.38,D,2026-05-17 07:56:00
18.65061,83.89217,2.67,D,2026-05-17 07:56:00
18.65175,83.87473,3.44,D,2026-05-17 07:56:00
18.66856,74.87717,6.55,D,2026-05-17 07:56:00
18.68883,78.47884,10.9,D,2026-05-17 07:56:00
18.79019,81.92956,1.78,D,2026-05-17 07:56:00
18.80265,83.70052,2.32,D,2026-05-17 07:56:00
18.81555,82.55679,3.49,D,2026-05-17 07:56:00
18.86031,82.65181,1.44,D,2026-05-17 07:56:00
18.88218,78.65501,11.45,D,2026-05-17 07:56:00
18.89854,74.44353,9.79,D,2026-05-17 07:56:00
18.94567,73.21758,6.73,D,2026-05-17 07:56:00
18.94744,82.7444,1.87,D,2026-05-17 07:56:00
18.95467,84.35233,3.96,D,2026-05-17 07:56:00
18.9782,82.74338,4.09,D,2026-05-17 07:56:00
18.98439,78.04362,9.98,D,2026-05-17 07:56:00
18.99603,75.21564,5.59,D,2026-05-17 07:56:00
19.00274,84.49113,6.8,D,2026-05-17 07:56:00
19.00784,82.73472,4.6,D,2026-05-17 07:56:00
19.02611,82.8358,4.22,D,2026-05-17 07:56:00
19.04718,82.85171,2.28,D,2026-05-17 07:56:00
19.05248,82.79314,1.77,D,2026-05-17 07:56:00
19.05408,79.20771,2.98,D,2026-05-17 07:56:00
19.0657,78.0163,11.93,D,2026-05-17 07:56:00
19.0892,82.99987,2.97,D,2026-05-17 07:56:00
19.10873,83.40466,3.72,D,2026-05-17 07:56:00
19.12991,83.60174,5.14,D,2026-05-17 07:56:00
19.15611,78.26338,10.44,D,2026-05-17 07:56:00
19.18515,80.95169,8.18,D,2026-05-17 07:56:00
19.19313,81.15617,1.78,D,2026-05-17 07:56:00
19.27605,83.33368,2.62,D,2026-05-17 07:56:00
19.31645,83.32289,27.69,D,2026-05-17 07:56:00
19.34623,83.70425,5.88,D,2026-05-17 07:56:00
19.37227,71.35255,6.28,D,2026-05-17 07:56:00
19.37306,71.35618,7.47,D,2026-05-17 07:56:00
19.42797,73.35483,4.48,D,2026-05-17 07:56:00
19.44656,83.59895,1.75,D,2026-05-17 07:56:00
19.4826,75.39626,6.37,D,2026-05-17 07:56:00
19.50184,83.18266,8.54,D,2026-05-17 07:56:00
19.50985,84.49954,4.77,D,2026-05-17 07:56:00
19.52545,83.77276,1.41,D,2026-05-17 07:56:00
19.53436,83.19005,4.59,D,2026-05-17 07:56:00
19.55399,73.82985,10.26,D,2026-05-17 07:56:00
19.55494,73.82764,7.07,D,2026-05-17 07:56:00
19.58476,83.25008,5.14,D,2026-05-17 07:56:00
19.59153,84.04327,2.15,D,2026-05-17 07:56:00
19.61041,83.23388,4.66,D,2026-05-17 07:56:00
19.61077,77.16458,18.14,D,2026-05-17 07:56:00
19.61097,83.23782,8.0,D,2026-05-17 07:56:00
19.6307,81.03113,5.04,D,2026-05-17 07:56:00
19.65083,83.22732,1.78,D,2026-05-17 07:56:00
19.6538,83.17429,2.77,D,2026-05-17 07:56:00
19.68102,79.65706,5.09,D,2026-05-17 07:56:00
19.68106,83.02399,6.26,D,2026-05-17 07:56:00
19.68577,84.12696,46.13,D,2026-05-17 07:56:00
19.68598,83.94534,5.84,D,2026-05-17 07:56:00
19.68781,83.21716,2.69,D,2026-05-17 07:56:00
19.69124,83.2167,22.14,D,2026-05-17 07:56:00
19.69572,84.14689,14.35,D,2026-05-17 07:56:00
19.69686,83.25614,24.24,D,2026-05-17 07:56:00
19.70354,83.94259,2.71,D,2026-05-17 07:56:00
19.71076,84.07241,2.59,D,2026-05-17 07:56:00
19.71883,75.42726,5.26,D,2026-05-17 07:56:00
19.72207,83.92142,2.98,D,2026-05-17 07:56:00
19.72295,84.16077,5.2,D,2026-05-17 07:56:00
19.72808,73.22596,7.16,D,2026-05-17 07:56:00
19.72888,84.17747,8.78,D,2026-05-17 07:56:00
19.73173,73.21941,11.03,D,2026-05-17 07:56:00
19.73283,73.22492,13.36,D,2026-05-17 07:56:00
19.75171,83.27572,22.6,D,2026-05-17 07:56:00
19.75457,83.27116,22.6,D,2026-05-17 07:56:00
19.75513,83.27522,22.6,D,2026-05-17 07:56:00
19.76177,84.13451,2.51,D,2026-05-17 07:56:00
19.76454,80.84653,1.72,D,2026-05-17 07:56:00
19.76511,80.85019,12.53,D,2026-05-17 07:56:00
19.76567,80.85384,12.53,D,2026-05-17 07:56:00
19.76811,83.99525,1.89,D,2026-05-17 07:56:00
19.77051,83.98656,34.67,D,2026-05-17 07:56:00
19.77106,83.99059,34.67,D,2026-05-17 07:56:00
19.77162,83.99464,20.85,D,2026-05-17 07:56:00
19.77348,83.98199,5.98,D,2026-05-17 07:56:00
19.7736,84.08838,5.49,D,2026-05-17 07:56:00
19.77403,83.98602,34.67,D,2026-05-17 07:56:00
19.77459,83.99009,34.67,D,2026-05-17 07:56:00
19.77755,83.98548,7.73,D,2026-05-17 07:56:00
19.77934,83.97234,7.39,D,2026-05-17 07:56:00
19.78692,83.97522,97.44,D,2026-05-17 07:56:00
19.78823,83.9327,4.42,D,2026-05-17 07:56:00
19.79188,73.66755,9.29,D,2026-05-17 07:56:00
19.80943,83.23836,9.22,D,2026-05-17 07:56:00
19.83253,74.82919,8.83,D,2026-05-17 07:56:00
19.85082,83.99499,20.87,D,2026-05-17 07:56:00
19.85396,83.86028,8.39,D,2026-05-17 07:56:00
19.85436,83.99464,20.87,D,2026-05-17 07:56:00
19.85579,83.84754,2.47,D,2026-05-17 07:56:00
19.90965,81.9584,2.57,D,2026-05-17 07:56:00
19.91184,83.47503,3.81,D,2026-05-17 07:56:00
19.92398,85.16465,3.33,D,2026-05-17 07:56:00
19.92954,81.97777,3.04,D,2026-05-17 07:56:00
19.95231,84.20887,6.0,D,2026-05-17 07:56:00
19.9561,79.3705,3.54,D,2026-05-17 07:56:00
20.05111,75.86732,4.27,D,2026-05-17 07:56:00
20.05177,75.871,4.27,D,2026-05-17 07:56:00
20.05367,79.34473,7.97,D,2026-05-17 07:56:00
20.07236,75.28989,5.24,D,2026-05-17 07:56:00
20.09747,80.87459,2.21,D,2026-05-17 07:56:00
20.12784,73.56934,11.05,D,2026-05-17 07:56:00
20.16866,80.07714,5.04,D,2026-05-17 07:56:00
20.2004,80.60021,10.05,D,2026-05-17 07:56:00
20.24457,83.66833,3.79,D,2026-05-17 07:56:00
20.24806,83.66776,3.79,D,2026-05-17 07:56:00
20.30499,84.34481,5.56,D,2026-05-17 07:56:00
20.32167,75.366,10.55,D,2026-05-17 07:56:00
20.33386,79.83981,2.6,D,2026-05-17 07:56:00
20.34908,75.26202,7.9,D,2026-05-17 07:56:00
20.34923,73.82756,7.33,D,2026-05-17 07:56:00
20.38951,74.94353,7.73,D,2026-05-17 07:56:00
20.43393,75.47182,6.2,D,2026-05-17 07:56:00
20.46755,80.57569,3.48,D,2026-05-17 07:56:00
20.5375,79.22081,19.28,D,2026-05-17 07:56:00
20.56715,76.47315,7.87,D,2026-05-17 07:56:00
20.57095,76.47223,7.87,D,2026-05-17 07:56:00
20.59896,72.03614,1.67,D,2026-05-17 07:56:00
20.61719,75.37402,18.67,D,2026-05-17 07:56:00
20.67428,84.00008,6.22,D,2026-05-17 07:56:00
20.75191,84.4355,6.86,D,2026-05-17 07:56:00
20.78846,85.67401,3.91,D,2026-05-17 07:56:00
20.79492,85.2524,3.1,D,2026-05-17 07:56:00
20.80887,84.38707,6.45,D,2026-05-17 07:56:00
20.83613,84.23361,6.58,D,2026-05-17 07:56:00
20.84781,84.14846,5.95,D,2026-05-17 07:56:00
20.86975,84.99545,4.52,D,2026-05-17 07:56:00
20.88725,84.98312,4.08,D,2026-05-17 07:56:00
20.89034,84.11083,13.36,D,2026-05-17 07:56:00
20.90253,74.01157,12.27,D,2026-05-17 07:56:00
20.93604,83.18366,2.19,D,2026-05-17 07:56:00
20.94339,81.97226,7.33,D,2026-05-17 07:56:00
20.94395,81.976,11.96,D,2026-05-17 07:56:00
20.9445,81.97975,11.96,D,2026-05-17 07:56:00
20.94452,81.95671,5.71,D,2026-05-17 07:56:00
20.94728,81.97545,11.96,D,2026-05-17 07:56:00
20.94784,81.97919,11.96,D,2026-05-17 07:56:00
20.94785,81.95615,18.33,D,2026-05-17 07:56:00
20.94841,81.9599,7.58,D,2026-05-17 07:56:00
20.95062,81.97489,2.48,D,2026-05-17 07:56:00
20.9508,85.06006,3.68,D,2026-05-17 07:56:00
20.95122,85.06239,3.38,D,2026-05-17 07:56:00
20.95597,85.01009,10.39,D,2026-05-17 07:56:00
20.9561,85.01248,8.93,D,2026-05-17 07:56:00
20.96223,85.17513,8.51,D,2026-05-17 07:56:00
20.96249,86.01005,3.96,D,2026-05-17 07:56:00
20.96353,85.18497,7.92,D,2026-05-17 07:56:00
20.96418,85.18992,7.92,D,2026-05-17 07:56:00
20.96431,85.16758,4.24,D,2026-05-17 07:56:00
20.96438,86.00748,7.19,D,2026-05-17 07:56:00
20.96493,85.17247,4.24,D,2026-05-17 07:56:00
20.96538,85.16971,4.49,D,2026-05-17 07:56:00
20.96717,86.015,9.2,D,2026-05-17 07:56:00
20.96724,85.1545,4.04,D,2026-05-17 07:56:00
20.96872,85.17195,4.24,D,2026-05-17 07:56:00
20.96903,86.01245,7.0,D,2026-05-17 07:56:00
20.96934,85.17684,13.62,D,2026-05-17 07:56:00
20.96982,85.17408,8.22,D,2026-05-17 07:56:00
20.97004,85.15179,4.55,D,2026-05-17 07:56:00
20.97046,85.17898,8.22,D,2026-05-17 07:56:00
20.97066,85.15672,6.15,D,2026-05-17 07:56:00
20.97103,85.15396,7.52,D,2026-05-17 07:56:00
20.97313,85.17632,4.73,D,2026-05-17 07:56:00
20.97361,85.17355,4.69,D,2026-05-17 07:56:00
21.03124,79.03005,9.93,D,2026-05-17 07:56:00
21.18688,75.11102,10.18,D,2026-05-17 07:56:00
21.18831,81.39312,3.62,D,2026-05-17 07:56:00
21.19099,75.11017,10.18,D,2026-05-17 07:56:00
21.19174,83.29287,1.59,D,2026-05-17 07:56:00
21.19362,83.00401,8.81,D,2026-05-17 07:56:00
21.24552,76.55177,13.28,D,2026-05-17 07:56:00
21.25637,83.89924,6.15,D,2026-05-17 07:56:00
21.27475,83.06178,7.09,D,2026-05-17 07:56:00
21.28458,84.30765,1.85,D,2026-05-17 07:56:00
21.33109,77.16512,7.27,D,2026-05-17 07:56:00
21.35837,73.7168,6.69,D,2026-05-17 07:56:00
21.3593,73.7215,6.69,D,2026-05-17 07:56:00
21.39123,85.47084,20.1,D,2026-05-17 07:56:00
21.42085,85.54858,7.82,D,2026-05-17 07:56:00
21.44556,71.62843,10.07,D,2026-05-17 07:56:00
21.44624,71.63164,12.92,D,2026-05-17 07:56:00
21.45202,84.11645,6.41,D,2026-05-17 07:56:00
21.45623,84.12035,5.77,D,2026-05-17 07:56:00
21.45894,85.50279,5.21,D,2026-05-17 07:56:00
21.53077,81.37969,4.56,D,2026-05-17 07:56:00
21.53481,73.08161,13.0,D,2026-05-17 07:56:00
21.56594,73.49889,9.31,D,2026-05-17 07:56:00
21.56752,73.50078,10.16,D,2026-05-17 07:56:00
21.6037,77.26627,16.1,D,2026-05-17 07:56:00
21.64489,83.77317,2.91,D,2026-05-17 07:56:00
21.64614,83.77228,1.85,D,2026-05-17 07:56:00
21.67898,84.03884,5.06,D,2026-05-17 07:56:00
21.67932,71.99987,24.97,D,2026-05-17 07:56:00
21.67996,71.99964,26.54,D,2026-05-17 07:56:00
21.67999,84.03963,4.67,D,2026-05-17 07:56:00
21.69423,79.01704,9.76,D,2026-05-17 07:56:00
21.69505,79.01701,12.05,D,2026-05-17 07:56:00
21.69606,77.29987,9.77,D,2026-05-17 07:56:00
21.70459,74.23791,5.23,D,2026-05-17 07:56:00
21.74144,83.84213,4.35,D,2026-05-17 07:56:00
21.74318,82.99744,6.98,D,2026-05-17 07:56:00
21.74491,82.98477,4.51,D,2026-05-17 07:56:00
21.74501,83.8416,4.35,D,2026-05-17 07:56:00
21.74548,82.9888,6.69,D,2026-05-17 07:56:00
21.74561,83.84596,4.35,D,2026-05-17 07:56:00
21.74662,82.99688,14.89,D,2026-05-17 07:56:00
21.74719,83.00092,14.89,D,2026-05-17 07:56:00
21.74779,82.98018,4.51,D,2026-05-17 07:56:00
21.74848,83.97503,7.47,D,2026-05-17 07:56:00
21.74918,83.84543,9.55,D,2026-05-17 07:56:00
21.75181,82.98367,6.8,D,2026-05-17 07:56:00
21.75207,83.97446,5.92,D,2026-05-17 07:56:00
21.75314,83.47988,2.48,D,2026-05-17 07:56:00
21.75374,82.98353,5.9,D,2026-05-17 07:56:00
21.75633,83.84435,3.04,D,2026-05-17 07:56:00
21.7599,83.8438,3.04,D,2026-05-17 07:56:00
21.77688,76.09786,4.56,D,2026-05-17 07:56:00
21.81992,83.8942,4.75,D,2026-05-17 07:56:00
21.8235,83.89365,4.75,D,2026-05-17 07:56:00
21.82468,83.90248,3.98,D,2026-05-17 07:56:00
21.82772,77.39066,12.97,D,2026-05-17 07:56:00
21.83312,72.65343,28.33,D,2026-05-17 07:56:00
21.8335,72.65259,25.63,D,2026-05-17 07:56:00
21.84523,81.46693,5.98,D,2026-05-17 07:56:00
21.84855,81.46636,5.75,D,2026-05-17 07:56:00
21.87718,83.49535,7.18,D,2026-05-17 07:56:00
21.8844,79.34261,10.56,D,2026-05-17 07:56:00
21.90739,77.13547,21.92,D,2026-05-17 07:56:00
21.9191,83.3523,6.5,D,2026-05-17 07:56:00
21.9226,83.35175,6.5,D,2026-05-17 07:56:00
21.99951,73.13047,8.1,D,2026-05-17 07:56:00
22.01589,73.57381,3.96,D,2026-05-17 07:56:00
22.01655,83.7545,6.81,D,2026-05-17 07:56:00
22.01744,74.18855,7.28,D,2026-05-17 07:56:00
22.01925,74.18877,15.64,D,2026-05-17 07:56:00
22.03857,83.72894,3.74,D,2026-05-17 07:56:00
22.03916,83.73329,3.74,D,2026-05-17 07:56:00
22.08732,83.11877,4.44,D,2026-05-17 07:56:00
22.0908,83.11821,4.44,D,2026-05-17 07:56:00
22.09492,82.3611,2.87,D,2026-05-17 07:56:00
22.11229,73.22179,12.78,D,2026-05-17 07:56:00
22.13265,81.92508,3.98,D,2026-05-17 07:56:00
22.13321,81.92889,3.98,D,2026-05-17 07:56:00
22.13601,81.92451,3.98,D,2026-05-17 07:56:00
22.16405,77.42693,6.66,D,2026-05-17 07:56:00
22.16762,77.42622,6.66,D,2026-05-17 07:56:00
22.17157,73.27742,8.39,D,2026-05-17 07:56:00
22.17576,73.27958,6.28,D,2026-05-17 07:56:00
22.2156,76.28725,26.98,D,2026-05-17 07:56:00
22.22748,72.25958,14.1,D,2026-05-17 07:56:00
22.24683,72.88171,9.8,D,2026-05-17 07:56:00
22.3046,79.04365,6.11,D,2026-05-17 07:56:00
22.33204,82.60554,3.66,D,2026-05-17 07:56:00
22.33918,72.48766,13.83,D,2026-05-17 07:56:00
22.37784,83.31738,1.47,D,2026-05-17 07:56:00
22.4084,75.21574,1.28,D,2026-05-17 07:56:00
22.4724,79.6665,8.07,D,2026-05-17 07:56:00
22.47398,71.92664,15.29,D,2026-05-17 07:56:00
22.47923,85.33363,9.51,D,2026-05-17 07:56:00
22.48493,80.13349,8.77,D,2026-05-17 07:56:00
22.51045,80.07912,23.66,D,2026-05-17 07:56:00
22.51376,80.07851,23.66,D,2026-05-17 07:56:00
22.51434,80.08224,23.66,D,2026-05-17 07:56:00
22.57177,85.66938,3.67,D,2026-05-17 07:56:00
22.57243,85.67487,8.44,D,2026-05-17 07:56:00
22.57445,85.8968,3.98,D,2026-05-17 07:56:00
22.58766,78.80251,5.67,D,2026-05-17 07:56:00
22.69271,85.32362,6.64,D,2026-05-17 07:56:00
22.69664,85.32323,32.49,D,2026-05-17 07:56:00
22.72173,85.23806,9.9,D,2026-05-17 07:56:00
22.79762,86.20732,4.54,D,2026-05-17 07:56:00
22.83955,81.60547,1.79,D,2026-05-17 07:56:00
22.91714,73.07531,3.71,D,2026-05-17 07:56:00
23.06388,83.05086,4.4,D,2026-05-17 07:56:00
23.16253,77.1482,27.19,D,2026-05-17 07:56:00
23.16489,82.33734,4.94,D,2026-05-17 07:56:00
23.16546,82.34133,4.94,D,2026-05-17 07:56:00
23.18344,81.9314,2.69,D,2026-05-17 07:56:00
23.43645,78.91471,17.05,D,2026-05-17 07:56:00
23.49287,81.27287,3.38,D,2026-05-17 07:56:00
23.50429,80.77853,5.3,D,2026-05-17 07:56:00
23.51083,80.17722,7.77,D,2026-05-17 07:56:00
23.52417,82.19379,3.08,D,2026-05-17 07:56:00
23.53846,79.96059,12.5,D,2026-05-17 07:56:00
23.57732,80.83516,7.52,D,2026-05-17 07:56:00
23.63026,86.29377,4.15,D,2026-05-17 07:56:00
23.67669,86.39877,5.06,D,2026-05-17 07:56:00
23.68091,86.39814,5.06,D,2026-05-17 07:56:00
23.68464,86.39336,7.61,D,2026-05-17 07:56:00
23.71179,86.45038,4.08,D,2026-05-17 07:56:00
23.73581,86.43416,3.27,D,2026-05-17 07:56:00
23.74004,86.43356,3.27,D,2026-05-17 07:56:00
23.7583,86.40511,3.94,D,2026-05-17 07:56:00
23.76253,86.40453,3.94,D,2026-05-17 07:56:00
23.77503,86.36416,3.66,D,2026-05-17 07:56:00
23.77798,86.38947,4.87,D,2026-05-17 07:56:00
23.77828,86.21056,4.54,D,2026-05-17 07:56:00
23.77933,86.21105,6.41,D,2026-05-17 07:56:00
23.78246,86.20996,4.54,D,2026-05-17 07:56:00
23.79514,86.35287,3.29,D,2026-05-17 07:56:00
23.79523,86.35366,3.85,D,2026-05-17 07:56:00
23.80552,86.33076,4.48,D,2026-05-17 07:56:00
23.83297,81.89212,3.95,D,2026-05-17 07:56:00
23.99492,79.67147,11.32,D,2026-05-17 07:56:00
24.05617,82.94971,6.23,D,2026-05-17 07:56:00
24.11272,80.95843,11.75,D,2026-05-17 07:56:00
24.11604,80.95785,11.75,D,2026-05-17 07:56:00
24.20387,82.71068,5.8,D,2026-05-17 07:56:00
24.22349,83.54091,21.83,D,2026-05-17 07:56:00
24.35339,81.05383,10.5,D,2026-05-17 07:56:00
24.37091,81.24388,6.36,D,2026-05-17 07:56:00
24.37974,81.18704,8.92,D,2026-05-17 07:56:00
24.38427,83.38371,5.02,D,2026-05-17 07:56:00
24.39057,81.05126,10.79,D,2026-05-17 07:56:00
24.41844,80.99142,5.13,D,2026-05-17 07:56:00
24.43403,81.02796,6.89,D,2026-05-17 07:56:00
24.43489,83.2038,7.68,D,2026-05-17 07:56:00
24.43663,83.24431,8.81,D,2026-05-17 07:56:00
24.43736,81.02737,6.89,D,2026-05-17 07:56:00
24.51559,82.97292,9.02,D,2026-05-17 07:56:00
24.74525,84.26752,9.53,D,2026-05-17 07:56:00
22.92557,70.10605,10.17,D,2026-05-17 07:58:00
22.92642,70.10981,11.33,D,2026-05-17 07:58:00
23.25823,73.47743,5.91,D,2026-05-17 07:58:00
23.32193,73.70805,5.35,D,2026-05-17 07:58:00
23.40573,68.82643,5.99,D,2026-05-17 07:58:00
23.4297,68.8247,3.91,D,2026-05-17 07:58:00
23.44376,73.6748,13.22,D,2026-05-17 07:58:00
23.46869,69.81525,8.0,D,2026-05-17 07:58:00
23.48468,69.8354,10.42,D,2026-05-17 07:58:00
23.50695,69.25827,7.45,D,2026-05-17 07:58:00
23.56673,69.07813,5.78,D,2026-05-17 07:58:00
23.56771,69.07825,6.78,D,2026-05-17 07:58:00
23.57802,69.565,6.63,D,2026-05-17 07:58:00
23.57893,69.56895,6.63,D,2026-05-17 07:58:00
23.59611,69.20753,11.52,D,2026-05-17 07:58:00
23.59791,69.20725,15.74,D,2026-05-17 07:58:00
23.68508,69.48171,10.99,D,2026-05-17 07:58:00
23.68966,69.47626,6.7,D,2026-05-17 07:58:00
23.69582,74.49151,11.31,D,2026-05-17 07:58:00
23.79102,71.15953,7.05,D,2026-05-17 07:58:00
23.97548,74.68455,10.08,D,2026-05-17 07:58:00
24.17696,74.6418,12.31,D,2026-05-17 07:58:00
24.23493,74.3548,6.41,D,2026-05-17 07:58:00
24.30521,74.72104,12.75,D,2026-05-17 07:58:00
24.30642,74.72033,10.22,D,2026-05-17 07:58:00
24.42303,73.71806,6.33,D,2026-05-17 07:58:00
24.42315,74.69398,23.22,D,2026-05-17 07:58:00
24.42726,73.71727,6.33,D,2026-05-17 07:58:00
24.47995,74.07751,12.86,D,2026-05-17 07:58:00
24.48062,74.42963,7.58,D,2026-05-17 07:58:00
24.53912,80.75466,12.58,D,2026-05-17 07:58:00
24.66567,73.82204,10.08,D,2026-05-17 07:58:00
24.70308,82.53019,10.59,D,2026-05-17 07:58:00
24.70656,82.52963,10.59,D,2026-05-17 07:58:00
24.71871,79.51343,14.17,D,2026-05-17 07:58:00
24.79732,81.51485,8.48,D,2026-05-17 07:58:00
24.8806,83.85471,9.44,D,2026-05-17 07:58:00
24.8824,83.85603,16.93,D,2026-05-17 07:58:00
24.88431,83.85416,9.44,D,2026-05-17 07:58:00
24.90099,83.82384,15.88,D,2026-05-17 07:58:00
24.93645,77.98447,14.52,D,2026-05-17 07:58:00
24.9387,73.85239,10.81,D,2026-05-17 07:58:00
24.94154,74.09923,15.04,D,2026-05-17 07:58:00
24.97324,68.24544,5.78,D,2026-05-17 07:58:00
24.97779,68.24026,5.83,D,2026-05-17 07:58:00
24.97888,68.24471,7.94,D,2026-05-17 07:58:00
24.97898,68.24383,5.71,D,2026-05-17 07:58:00
25.03848,84.25155,13.92,D,2026-05-17 07:58:00
25.09592,84.09494,14.81,D,2026-05-17 07:58:00
25.10257,82.96353,43.01,D,2026-05-17 07:58:00
25.13524,74.38523,15.06,D,2026-05-17 07:58:00
25.15986,83.60933,6.54,D,2026-05-17 07:58:00
25.18667,73.09747,6.41,D,2026-05-17 07:58:00
25.18846,73.09852,7.76,D,2026-05-17 07:58:00
25.19513,84.27785,6.8,D,2026-05-17 07:58:00
25.23361,85.35746,5.72,D,2026-05-17 07:58:00
25.27676,83.33761,8.27,D,2026-05-17 07:58:00
25.35827,84.35057,8.4,D,2026-05-17 07:58:00
25.37422,85.43442,2.28,D,2026-05-17 07:58:00
25.45951,85.10016,5.29,D,2026-05-17 07:58:00
25.47847,80.61187,13.78,D,2026-05-17 07:58:00
25.56653,80.45415,14.43,D,2026-05-17 07:58:00
25.56985,80.45355,14.43,D,2026-05-17 07:58:00
25.59798,78.25265,11.85,D,2026-05-17 07:58:00
25.63567,68.44865,6.01,D,2026-05-17 07:58:00
25.66618,82.07584,5.97,D,2026-05-17 07:58:00
25.6704,71.24831,11.67,D,2026-05-17 07:58:00
25.67072,71.25195,17.27,D,2026-05-17 07:58:00
25.79634,82.45349,5.19,D,2026-05-17 07:58:00
25.84954,82.12437,3.6,D,2026-05-17 07:58:00
25.97454,82.6308,12.72,D,2026-05-17 07:58:00
26.00823,79.90285,10.06,D,2026-05-17 07:58:00
26.01096,79.89842,6.02,D,2026-05-17 07:58:00
26.01154,79.90225,25.16,D,2026-05-17 07:58:00
26.01426,79.89781,6.02,D,2026-05-17 07:58:00
26.02276,75.72983,12.08,D,2026-05-17 07:58:00
26.04334,81.23902,6.97,D,2026-05-17 07:58:00
26.07029,77.12241,7.78,D,2026-05-17 07:58:00
26.10996,80.28593,2.99,D,2026-05-17 07:58:00
26.12892,84.80813,4.08,D,2026-05-17 07:58:00
26.14701,82.47073,3.23,D,2026-05-17 07:58:00
26.15435,78.28963,14.57,D,2026-05-17 07:58:00
26.20481,84.09441,2.62,D,2026-05-17 07:58:00
26.22248,79.61909,5.72,D,2026-05-17 07:58:00
26.26648,82.90611,8.6,D,2026-05-17 07:58:00
26.28392,79.46959,7.82,D,2026-05-17 07:58:00
26.29536,79.4556,7.79,D,2026-05-17 07:58:00
26.30613,80.42483,2.99,D,2026-05-17 07:58:00
26.3199,77.53405,29.52,D,2026-05-17 07:58:00
26.33705,79.88481,25.73,D,2026-05-17 07:58:00
26.34258,83.32285,5.24,D,2026-05-17 07:58:00
26.42904,79.09521,5.37,D,2026-05-17 07:58:00
26.46717,84.4139,1.57,D,2026-05-17 07:58:00
26.55228,84.49584,2.97,D,2026-05-17 07:58:00
26.56137,81.32827,6.29,D,2026-05-17 07:58:00
26.5944,82.65179,5.3,D,2026-05-17 07:58:00
26.60874,80.48655,14.67,D,2026-05-17 07:58:00
26.64351,80.79847,8.96,D,2026-05-17 07:58:00
26.67934,84.39552,2.12,D,2026-05-17 07:58:00
26.67961,84.39809,2.78,D,2026-05-17 07:58:00
26.74479,83.16096,8.71,D,2026-05-17 07:58:00
26.85026,83.05471,18.11,D,2026-05-17 07:58:00
26.9702,82.23335,6.64,D,2026-05-17 07:58:00
27.08376,80.2169,5.8,D,2026-05-17 07:58:00
27.19016,80.62544,8.66,D,2026-05-17 07:58:00
27.2297,81.02487,5.04,D,2026-05-17 07:58:00
27.33482,80.08691,3.01,D,2026-05-17 07:58:00
27.35329,82.78346,5.25,D,2026-05-17 07:58:00
27.35973,80.18659,7.44,D,2026-05-17 07:58:00
27.40263,82.79459,6.77,D,2026-05-17 07:58:00
27.47912,68.07905,5.76,D,2026-05-17 07:58:00
27.49465,81.32764,4.53,D,2026-05-17 07:58:00
27.50221,82.29642,2.94,D,2026-05-17 07:58:00
27.58517,68.2041,5.18,D,2026-05-17 07:58:00
27.66486,81.29859,2.49,D,2026-05-17 07:58:00
27.66828,81.298,3.72,D,2026-05-17 07:58:00
27.81208,68.21081,4.27,D,2026-05-17 07:58:00
27.8316,79.81082,5.72,D,2026-05-17 07:58:00
27.84112,71.10145,5.48,D,2026-05-17 07:58:00
27.85373,82.98705,2.81,D,2026-05-17 07:58:00
27.86246,69.55642,8.02,D,2026-05-17 07:58:00
27.94329,76.043,15.67,D,2026-05-17 07:58:00
27.97191,69.5534,6.41,D,2026-05-17 07:58:00
27.97267,69.55669,6.49,D,2026-05-17 07:58:00
28.05256,81.15716,4.83,D,2026-05-17 07:58:00
28.05493,69.36858,2.37,D,2026-05-17 07:58:00
28.09434,79.77822,4.45,D,2026-05-17 07:58:00
28.12094,81.30069,7.46,D,2026-05-17 07:58:00
28.15252,80.06267,2.54,D,2026-05-17 07:58:00
28.15309,80.06661,3.46,D,2026-05-17 07:58:00
28.21391,81.99878,1.89,D,2026-05-17 07:58:00
28.21743,81.99817,2.44,D,2026-05-17 07:58:00
28.22939,81.76382,4.32,D,2026-05-17 07:58:00
28.23288,81.76322,4.32,D,2026-05-17 07:58:00
28.26698,82.10168,3.66,D,2026-05-17 07:58:00
28.33481,81.93682,1.77,D,2026-05-17 07:58:00
28.36392,81.34634,1.65,D,2026-05-17 07:58:00
28.42351,80.08601,3.02,D,2026-05-17 07:58:00
28.47726,79.99514,7.14,D,2026-05-17 07:58:00
28.47783,79.9991,8.49,D,2026-05-17 07:58:00
28.47819,80.58736,2.39,D,2026-05-17 07:58:00
28.52409,82.19939,2.6,D,2026-05-17 07:58:00
28.55829,79.69195,5.34,D,2026-05-17 07:58:00
28.5616,79.69132,5.34,D,2026-05-17 07:58:00
28.57522,81.47133,3.62,D,2026-05-17 07:58:00
28.57582,81.4758,3.62,D,2026-05-17 07:58:00
28.58595,80.04469,5.58,D,2026-05-17 07:58:00
28.58845,81.43803,1.96,D,2026-05-17 07:58:00
28.59725,81.47731,2.28,D,2026-05-17 07:58:00
28.65658,80.86765,2.39,D,2026-05-17 07:58:00
28.65774,80.87595,3.93,D,2026-05-17 07:58:00
28.65832,80.8801,3.18,D,2026-05-17 07:58:00
28.6661,80.83624,2.79,D,2026-05-17 07:58:00
28.66668,80.84037,2.79,D,2026-05-17 07:58:00
28.66864,79.50109,7.11,D,2026-05-17 07:58:00
28.67298,80.86047,2.27,D,2026-05-17 07:58:00
28.67661,80.24556,10.22,D,2026-05-17 07:58:00
28.68645,81.28809,11.28,D,2026-05-17 07:58:00
28.69921,79.73016,4.57,D,2026-05-17 07:58:00
28.71706,81.46236,5.74,D,2026-05-17 07:58:00
28.7218,81.95578,6.23,D,2026-05-17 07:58:00
28.72865,80.78336,2.95,D,2026-05-17 07:58:00
28.73157,81.23193,14.23,D,2026-05-17 07:58:00
28.74034,81.32147,3.71,D,2026-05-17 07:58:00
28.74399,81.74454,5.67,D,2026-05-17 07:58:00
28.7468,79.79841,4.18,D,2026-05-17 07:58:00
28.75999,81.31992,2.36,D,2026-05-17 07:58:00
28.77439,81.37475,3.61,D,2026-05-17 07:58:00
28.77784,81.37421,3.61,D,2026-05-17 07:58:00
28.78417,81.36864,2.54,D,2026-05-17 07:58:00
28.78631,81.27972,4.08,D,2026-05-17 07:58:00
28.78819,81.37226,3.37,D,2026-05-17 07:58:00
28.78976,81.27912,14.54,D,2026-05-17 07:58:00
28.79034,81.28345,14.54,D,2026-05-17 07:58:00
28.80412,81.28107,5.75,D,2026-05-17 07:58:00
28.83565,81.25389,4.98,D,2026-05-17 07:58:00
28.84622,79.85336,6.65,D,2026-05-17 07:58:00
28.85651,81.26338,4.68,D,2026-05-17 07:58:00
28.88672,81.43673,2.72,D,2026-05-17 07:58:00
28.88965,81.43219,1.38,D,2026-05-17 07:58:00
28.89086,81.44133,6.29,D,2026-05-17 07:58:00
28.89713,81.5966,2.03,D,2026-05-17 07:58:00
28.92727,79.48927,4.8,D,2026-05-17 07:58:00
28.96861,80.33424,1.79,D,2026-05-17 07:58:00
28.97905,79.47119,20.26,D,2026-05-17 07:58:00
28.99317,79.27,6.78,D,2026-05-17 07:58:00
29.06036,79.52057,4.49,D,2026-05-17 07:58:00
29.06254,80.43722,4.59,D,2026-05-17 07:58:00
29.06393,80.43764,3.38,D,2026-05-17 07:58:00
29.09991,80.47262,4.94,D,2026-05-17 07:58:00
29.11732,80.44904,3.25,D,2026-05-17 07:58:00
29.15133,81.14623,5.09,D,2026-05-17 07:58:00
29.17278,80.37131,2.75,D,2026-05-17 07:58:00
29.18046,80.30366,3.43,D,2026-05-17 07:58:00
29.21008,79.05066,2.57,D,2026-05-17 07:58:00
29.22447,80.81744,2.71,D,2026-05-17 07:58:00
29.22772,80.81758,1.75,D,2026-05-17 07:58:00
29.23787,79.82897,1.16,D,2026-05-17 07:58:00
29.24404,78.98325,5.01,D,2026-05-17 07:58:00
29.2526,79.88338,1.86,D,2026-05-17 07:58:00
29.25404,79.13925,15.27,D,2026-05-17 07:58:00
29.25535,79.87875,3.91,D,2026-05-17 07:58:00
29.25594,79.88284,3.91,D,2026-05-17 07:58:00
29.2591,80.69198,2.59,D,2026-05-17 07:58:00
29.2608,79.86925,9.18,D,2026-05-17 07:58:00
29.26322,79.88589,5.75,D,2026-05-17 07:58:00
29.26353,79.86456,9.31,D,2026-05-17 07:58:00
29.26413,79.86863,9.18,D,2026-05-17 07:58:00
29.26552,81.31989,7.32,D,2026-05-17 07:58:00
29.26569,79.85596,2.13,D,2026-05-17 07:58:00
29.26628,79.86002,4.2,D,2026-05-17 07:58:00
29.26747,79.86811,2.88,D,2026-05-17 07:58:00
29.26963,79.85949,4.2,D,2026-05-17 07:58:00
29.27356,79.86298,3.91,D,2026-05-17 07:58:00
29.2749,79.99027,4.74,D,2026-05-17 07:58:00
29.29548,78.96516,4.61,D,2026-05-17 07:58:00
29.34755,80.57499,3.25,D,2026-05-17 07:58:00
29.35093,80.5744,3.25,D,2026-05-17 07:58:00
29.3515,80.57849,3.77,D,2026-05-17 07:58:00
29.38423,71.9979,13.76,D,2026-05-17 07:58:00
29.41171,80.04828,1.76,D,2026-05-17 07:58:00
29.42296,80.56673,2.57,D,2026-05-17 07:58:00
29.46334,79.84509,1.75,D,2026-05-17 07:58:00
29.48775,81.44829,1.69,D,2026-05-17 07:58:00
29.49951,79.42437,4.26,D,2026-05-17 07:58:00
29.50233,79.85458,1.68,D,2026-05-17 07:58:00
29.51067,79.93569,1.66,D,2026-05-17 07:58:00
29.59628,80.11539,5.53,D,2026-05-17 07:58:00
29.61345,79.18687,2.15,D,2026-05-17 07:58:00
29.64345,79.16466,1.78,D,2026-05-17 07:58:00
29.67777,80.72346,3.97,D,2026-05-17 07:58:00
29.68148,80.59899,2.55,D,2026-05-17 07:58:00
29.68491,80.59865,2.55,D,2026-05-17 07:58:00
29.6952,80.02557,8.71,D,2026-05-17 07:58:00
29.69573,80.70206,4.73,D,2026-05-17 07:58:00
29.71657,80.12746,1.66,D,2026-05-17 07:58:00
29.72423,79.09168,3.03,D,2026-05-17 07:58:00
29.75512,79.09454,3.16,D,2026-05-17 07:58:00
29.76778,79.04321,11.23,D,2026-05-17 07:58:00
29.77107,79.04251,11.23,D,2026-05-17 07:58:00
29.79862,79.89851,13.59,D,2026-05-17 07:58:00
29.81114,79.86661,3.91,D,2026-05-17 07:58:00
29.83345,80.11825,3.09,D,2026-05-17 07:58:00
29.8376,78.87917,2.04,D,2026-05-17 07:58:00
29.8456,79.93926,5.03,D,2026-05-17 07:58:00
29.84917,78.62057,2.55,D,2026-05-17 07:58:00
29.85302,78.62386,1.79,D,2026-05-17 07:58:00
29.85442,78.56664,1.64,D,2026-05-17 07:58:00
29.85641,79.88043,5.37,D,2026-05-17 07:58:00
29.86458,79.67587,3.44,D,2026-05-17 07:58:00
29.86646,79.87888,3.67,D,2026-05-17 07:58:00
29.87013,78.66921,2.16,D,2026-05-17 07:58:00
29.87166,78.56745,1.75,D,2026-05-17 07:58:00
29.87922,78.77316,2.32,D,2026-05-17 07:58:00
29.88276,78.931,4.43,D,2026-05-17 07:58:00
29.91569,79.28761,4.02,D,2026-05-17 07:58:00
29.92052,79.80228,3.25,D,2026-05-17 07:58:00
29.9211,79.80627,3.59,D,2026-05-17 07:58:00
29.92826,79.32659,2.35,D,2026-05-17 07:58:00
29.94001,79.4063,2.02,D,2026-05-17 07:58:00
29.9524,78.85232,2.2,D,2026-05-17 07:58:00
29.95982,75.57225,8.83,D,2026-05-17 07:58:00
29.96018,75.49236,8.12,D,2026-05-17 07:58:00
29.96497,78.84568,8.1,D,2026-05-17 07:58:00
29.96908,79.93803,5.6,D,2026-05-17 07:58:00
30.03646,79.3011,6.66,D,2026-05-17 07:58:00
30.03703,79.30492,10.09,D,2026-05-17 07:58:00
30.04033,79.30429,10.09,D,2026-05-17 07:58:00
30.05193,78.70611,6.84,D,2026-05-17 07:58:00
30.12483,78.6721,3.85,D,2026-05-17 07:58:00
30.21643,75.31892,4.68,D,2026-05-17 07:58:00
30.24093,79.24258,3.31,D,2026-05-17 07:58:00
30.24901,78.77798,4.34,D,2026-05-17 07:58:00
30.2702,74.03528,13.72,D,2026-05-17 07:58:00
30.27037,76.1826,9.21,D,2026-05-17 07:58:00
30.27365,78.56047,3.42,D,2026-05-17 07:58:00
30.30295,76.00057,28.52,D,2026-05-17 07:58:00
30.31746,74.22665,6.69,D,2026-05-17 07:58:00
30.32442,78.64875,1.3,D,2026-05-17 07:58:00
30.33555,75.78551,12.62,D,2026-05-17 07:58:00
30.34214,74.32885,16.86,D,2026-05-17 07:58:00
30.36305,74.67995,12.52,D,2026-05-17 07:58:00
30.37382,73.90137,9.58,D,2026-05-17 07:58:00
30.37683,73.89782,3.18,D,2026-05-17 07:58:00
30.42855,76.0134,13.47,D,2026-05-17 07:58:00
30.43488,75.03399,7.32,D,2026-05-17 07:58:00
30.44623,75.63193,16.63,D,2026-05-17 07:58:00
30.44664,75.65493,9.02,D,2026-05-17 07:58:00
30.44713,75.84268,4.14,D,2026-05-17 07:58:00
30.45879,77.87547,3.19,D,2026-05-17 07:58:00
30.46209,77.8748,18.5,D,2026-05-17 07:58:00
30.5238,74.01276,6.93,D,2026-05-17 07:58:00
30.53508,77.97076,1.28,D,2026-05-17 07:58:00
30.54947,76.3551,10.64,D,2026-05-17 07:58:00
30.63748,74.90617,16.28,D,2026-05-17 07:58:00
30.64461,77.65618,4.6,D,2026-05-17 07:58:00
30.669,72.25791,5.35,D,2026-05-17 07:58:00
30.67482,76.00055,9.32,D,2026-05-17 07:58:00
30.72176,78.27856,5.55,D,2026-05-17 07:58:00
30.74296,78.2619,2.36,D,2026-05-17 07:58:00
30.76125,77.32769,6.41,D,2026-05-17 07:58:00
30.77335,77.08575,5.42,D,2026-05-17 07:58:00
30.78648,74.44278,4.79,D,2026-05-17 07:58:00
30.78702,74.98878,9.97,D,2026-05-17 07:58:00
30.78787,76.00235,9.67,D,2026-05-17 07:58:00
30.80459,74.70596,16.95,D,2026-05-17 07:58:00
30.82221,74.35388,10.98,D,2026-05-17 07:58:00
30.83555,75.181,14.0,D,2026-05-17 07:58:00
30.84778,75.64001,10.57,D,2026-05-17 07:58:00
30.86195,76.02103,7.67,D,2026-05-17 07:58:00
30.87722,76.889,6.76,D,2026-05-17 07:58:00
30.93064,76.01495,17.55,D,2026-05-17 07:58:00
30.94432,75.42398,9.92,D,2026-05-17 07:58:00
30.96055,75.12852,2.9,D,2026-05-17 07:58:00
30.96497,76.36082,8.09,D,2026-05-17 07:58:00
30.97686,75.4861,5.93,D,2026-05-17 07:58:00
30.98675,73.6343,5.05,D,2026-05-17 07:58:00
31.0116,74.68478,8.92,D,2026-05-17 07:58:00
31.01745,75.80231,9.02,D,2026-05-17 07:58:00
31.0242,75.84148,5.96,D,2026-05-17 07:58:00
31.02502,74.96136,12.83,D,2026-05-17 07:58:00
31.02693,75.25526,12.31,D,2026-05-17 07:58:00
31.03147,75.82169,6.58,D,2026-05-17 07:58:00
31.03221,75.82604,6.58,D,2026-05-17 07:58:00
31.05797,75.10271,9.05,D,2026-05-17 07:58:00
31.08321,78.13908,2.91,D,2026-05-17 07:58:00
31.09699,75.19814,19.88,D,2026-05-17 07:58:00
31.09777,75.05955,15.23,D,2026-05-17 07:58:00
31.10128,75.05869,15.23,D,2026-05-17 07:58:00
31.11187,74.82001,8.88,D,2026-05-17 07:58:00
31.12291,75.07744,10.01,D,2026-05-17 07:58:00
31.12439,75.22947,9.83,D,2026-05-17 07:58:00
31.18669,75.02995,9.93,D,2026-05-17 07:58:00
31.2078,75.8692,12.71,D,2026-05-17 07:58:00
31.22669,76.20614,4.98,D,2026-05-17 07:58:00
31.22727,76.20774,9.62,D,2026-05-17 07:58:00
31.26306,77.90005,2.67,D,2026-05-17 07:58:00
31.31443,75.79558,4.66,D,2026-05-17 07:58:00
31.34464,76.0531,11.07,D,2026-05-17 07:58:00
31.35422,75.79981,6.92,D,2026-05-17 07:58:00
31.37054,75.79147,7.85,D,2026-05-17 07:58:00
30.64972,70.76637,5.64,D,2026-05-17 08:01:00
30.77964,71.97906,4.02,D,2026-05-17 08:01:00
30.88378,71.92993,4.71,D,2026-05-17 08:01:00
31.02823,70.80137,4.46,D,2026-05-17 08:01:00
31.16077,73.52304,6.64,D,2026-05-17 08:01:00
31.19169,73.76868,9.77,D,2026-05-17 08:01:00
31.20168,73.53333,4.34,D,2026-05-17 08:01:00
31.35721,73.90253,5.9,D,2026-05-17 08:01:00
31.38534,73.45247,4.75,D,2026-05-17 08:01:00
31.38613,73.45472,3.05,D,2026-05-17 08:01:00
31.39191,70.70621,5.65,D,2026-05-17 08:01:00
31.41749,73.63799,4.74,D,2026-05-17 08:01:00
31.42453,75.24165,16.32,D,2026-05-17 08:01:00
31.432,75.26336,10.41,D,2026-05-17 08:01:00
31.44334,72.18771,6.4,D,2026-05-17 08:01:00
31.44802,75.23128,5.05,D,2026-05-17 08:01:00
31.47276,75.55538,3.1,D,2026-05-17 08:01:00
31.49475,75.22948,10.85,D,2026-05-17 08:01:00
31.50563,75.62086,8.5,D,2026-05-17 08:01:00
31.50943,75.72464,7.85,D,2026-05-17 08:01:00
31.51472,75.75512,5.97,D,2026-05-17 08:01:00
31.51583,75.78199,1.33,D,2026-05-17 08:01:00
31.56237,73.89233,6.34,D,2026-05-17 08:01:00
31.56745,73.82944,10.92,D,2026-05-17 08:01:00
31.61345,74.70937,7.29,D,2026-05-17 08:01:00
31.67552,73.51737,4.79,D,2026-05-17 08:01:00
31.73748,73.76261,10.25,D,2026-05-17 08:01:00
31.74115,73.76167,8.19,D,2026-05-17 08:01:00
31.74639,73.72804,6.36,D,2026-05-17 08:01:00
31.78101,74.44808,9.7,D,2026-05-17 08:01:00
31.78239,75.18839,8.83,D,2026-05-17 08:01:00
31.78699,75.1118,4.06,D,2026-05-17 08:01:00
31.80501,75.00902,8.37,D,2026-05-17 08:01:00
31.81221,73.62144,13.44,D,2026-05-17 08:01:00
31.82306,73.39046,4.35,D,2026-05-17 08:01:00
31.83652,74.1341,5.41,D,2026-05-17 08:01:00
31.84493,73.30071,3.6,D,2026-05-17 08:01:00
31.85046,73.66035,11.32,D,2026-05-17 08:01:00
31.85148,74.41836,7.76,D,2026-05-17 08:01:00
31.87526,74.79234,5.34,D,2026-05-17 08:01:00
31.87582,74.55194,16.25,D,2026-05-17 08:01:00
31.89916,75.04559,7.34,D,2026-05-17 08:01:00
31.90115,73.81647,6.36,D,2026-05-17 08:01:00
31.90367,74.84823,10.12,D,2026-05-17 08:01:00
31.90866,74.87592,6.81,D,2026-05-17 08:01:00
31.91091,75.60725,9.49,D,2026-05-17 08:01:00
31.93263,73.98236,8.36,D,2026-05-17 08:01:00
31.93293,73.59847,6.29,D,2026-05-17 08:01:00
31.94643,74.17816,2.57,D,2026-05-17 08:01:00
31.94877,74.43582,6.94,D,2026-05-17 08:01:00
31.9575,75.0882,5.37,D,2026-05-17 08:01:00
31.96437,74.88145,8.36,D,2026-05-17 08:01:00
32.02039,73.33885,22.45,D,2026-05-17 08:01:00
32.02079,73.26035,4.49,D,2026-05-17 08:01:00
32.05136,73.58647,7.08,D,2026-05-17 08:01:00
32.05724,74.4507,9.63,D,2026-05-17 08:01:00
32.05951,74.13644,4.6,D,2026-05-17 08:01:00
32.07421,76.31781,1.28,D,2026-05-17 08:01:00
32.08128,74.41971,4.53,D,2026-05-17 08:01:00
32.0904,73.17811,4.39,D,2026-05-17 08:01:00
32.09174,73.17939,2.89,D,2026-05-17 08:01:00
32.11187,73.46974,5.38,D,2026-05-17 08:01:00
32.13767,73.3802,3.12,D,2026-05-17 08:01:00
32.14102,73.68459,8.97,D,2026-05-17 08:01:00
32.17267,72.43098,6.14,D,2026-05-17 08:01:00
32.17423,72.43274,9.71,D,2026-05-17 08:01:00
32.18592,73.64946,21.1,D,2026-05-17 08:01:00
32.20532,71.21605,3.28,D,2026-05-17 08:01:00
32.20725,72.43996,6.09,D,2026-05-17 08:01:00
32.21774,74.05399,7.31,D,2026-05-17 08:01:00
32.23941,74.3736,7.97,D,2026-05-17 08:01:00
32.27952,73.34386,8.69,D,2026-05-17 08:01:00
32.28051,74.23226,8.99,D,2026-05-17 08:01:00
32.28323,73.34289,8.69,D,2026-05-17 08:01:00
32.28535,73.9931,9.2,D,2026-05-17 08:01:00
32.28683,74.18494,8.6,D,2026-05-17 08:01:00
32.29842,74.75703,5.42,D,2026-05-17 08:01:00
32.30818,73.33075,4.65,D,2026-05-17 08:01:00
32.33961,74.10284,4.97,D,2026-05-17 08:01:00
32.35034,74.07957,6.06,D,2026-05-17 08:01:00
32.36837,72.29369,4.41,D,2026-05-17 08:01:00
32.37181,74.19659,10.4,D,2026-05-17 08:01:00
32.37288,72.25504,4.71,D,2026-05-17 08:01:00
32.37936,73.05033,7.2,D,2026-05-17 08:01:00
32.44203,74.18571,19.59,D,2026-05-17 08:01:00
32.4446,74.07796,4.8,D,2026-05-17 08:01:00
32.44642,76.00373,3.96,D,2026-05-17 08:01:00
32.46015,73.3926,8.18,D,2026-05-17 08:01:00
32.48785,73.82525,4.79,D,2026-05-17 08:01:00
32.51469,73.76566,5.02,D,2026-05-17 08:01:00
32.53051,73.00581,8.01,D,2026-05-17 08:01:00
32.56056,74.39819,6.63,D,2026-05-17 08:01:00
32.57807,73.12907,8.08,D,2026-05-17 08:01:00
32.6344,74.04378,4.34,D,2026-05-17 08:01:00
32.67636,73.74516,7.04,D,2026-05-17 08:01:00
32.69762,74.50856,5.85,D,2026-05-17 08:01:00
32.73328,71.499,5.56,D,2026-05-17 08:01:00
32.74928,74.63218,7.7,D,2026-05-17 08:01:00
32.75011,74.63683,11.66,D,2026-05-17 08:01:00
32.76275,71.54216,3.7,D,2026-05-17 08:01:00
32.7916,74.5265,6.67,D,2026-05-17 08:01:00
32.80328,72.57732,5.75,D,2026-05-17 08:01:00
32.85403,71.55173,2.42,D,2026-05-17 08:01:00
32.85645,74.62225,10.53,D,2026-05-17 08:01:00
33.65258,73.12211,5.72,D,2026-05-17 08:01:00
22.92306,70.10996,11.24,D,2026-05-17 09:37:00
22.92333,70.10767,4.35,D,2026-05-17 09:37:00
23.4216,69.8222,12.58,D,2026-05-17 09:37:00
23.43219,69.84028,13.47,D,2026-05-17 09:37:00
23.57666,69.56858,10.85,D,2026-05-17 09:37:00
23.6404,68.54498,11.29,D,2026-05-17 09:37:00
23.64085,68.55132,11.29,D,2026-05-17 09:37:00
23.64274,68.54871,22.78,D,2026-05-17 09:37:00
24.02924,69.55244,16.19,D,2026-05-17 09:37:00
24.03314,69.55238,10.08,D,2026-05-17 09:37:00
24.03552,69.53683,6.92,D,2026-05-17 09:37:00
24.03596,69.5444,6.92,D,2026-05-17 09:37:00
28.8416,81.71592,0.84,N,2026-05-17 20:21:00
28.8449,81.7166,0.72,N,2026-05-17 20:21:00
28.86577,81.18064,1.63,N,2026-05-17 20:21:00
28.89405,81.59567,0.56,N,2026-05-17 20:21:00
28.89738,81.5963,0.5,N,2026-05-17 20:21:00
28.89859,81.58831,0.58,N,2026-05-17 20:21:00
29.02887,81.44479,0.97,N,2026-05-17 20:21:00
29.03487,80.35439,2.55,N,2026-05-17 20:21:00
29.06444,80.4419,0.81,N,2026-05-17 20:21:00
29.06505,80.43765,0.81,N,2026-05-17 20:21:00
29.10364,80.3149,1.08,N,2026-05-17 20:21:00
29.19384,80.26888,0.86,N,2026-05-17 20:21:00
29.33834,79.87906,1.61,N,2026-05-17 20:21:00
29.34182,79.87964,0.71,N,2026-05-17 20:21:00
29.43879,80.89198,0.3,N,2026-05-17 20:21:00
29.5045,79.42302,0.54,N,2026-05-17 20:21:00
29.51776,79.64581,0.63,N,2026-05-17 20:21:00
29.52129,79.64629,0.63,N,2026-05-17 20:21:00
29.52549,79.64192,0.98,N,2026-05-17 20:21:00
29.59416,80.11559,0.47,N,2026-05-17 20:21:00
29.60155,79.16192,1.95,N,2026-05-17 20:21:00
29.60202,79.16483,1.36,N,2026-05-17 20:21:00
29.62252,80.68456,0.52,N,2026-05-17 20:21:00
29.64905,80.17955,0.69,N,2026-05-17 20:21:00
29.65503,79.20892,1.28,N,2026-05-17 20:21:00
29.69101,80.06613,0.8,N,2026-05-17 20:21:00
29.69298,80.06841,1.18,N,2026-05-17 20:21:00
29.69394,80.07054,0.8,N,2026-05-17 20:21:00
29.69744,80.07088,0.92,N,2026-05-17 20:21:00
29.71367,79.16492,0.64,N,2026-05-17 20:21:00
29.73038,81.93068,0.51,N,2026-05-17 20:21:00
29.73668,80.12101,0.73,N,2026-05-17 20:21:00
29.74384,79.93953,0.71,N,2026-05-17 20:21:00
29.76216,79.24343,0.52,N,2026-05-17 20:21:00
29.76533,79.13556,0.66,N,2026-05-17 20:21:00
29.7699,79.9317,0.56,N,2026-05-17 20:21:00
29.77461,79.03612,1.24,N,2026-05-17 20:21:00
29.807,79.86983,1.06,N,2026-05-17 20:21:00
29.814,79.87099,1.26,N,2026-05-17 20:21:00
29.83619,78.58482,0.94,N,2026-05-17 20:21:00
29.84484,80.51475,0.85,N,2026-05-17 20:21:00
29.84563,80.51635,0.86,N,2026-05-17 20:21:00
29.85986,78.6362,1.29,N,2026-05-17 20:21:00
29.86272,79.88582,0.86,N,2026-05-17 20:21:00
29.89504,78.67068,0.95,N,2026-05-17 20:21:00
29.97499,79.87737,0.67,N,2026-05-17 20:21:00
29.97843,79.87843,0.67,N,2026-05-17 20:21:00
29.98994,79.26127,0.47,N,2026-05-17 20:21:00
29.99468,79.25316,0.64,N,2026-05-17 20:21:00
30.0225,79.73891,0.59,N,2026-05-17 20:21:00
30.02919,79.30507,1.79,N,2026-05-17 20:21:00
30.03341,79.30076,1.79,N,2026-05-17 20:21:00
30.05772,78.71219,1.04,N,2026-05-17 20:21:00
30.06558,78.87434,1.63,N,2026-05-17 20:21:00
30.0664,78.87728,1.98,N,2026-05-17 20:21:00
30.11058,78.90272,1.17,N,2026-05-17 20:21:00
30.11124,78.89752,1.17,N,2026-05-17 20:21:00
30.13373,76.34261,2.79,N,2026-05-17 20:21:00
30.15351,78.71315,0.64,N,2026-05-17 20:21:00
30.15527,79.19196,0.72,N,2026-05-17 20:21:00
30.16307,78.60778,1.09,N,2026-05-17 20:21:00
30.1711,78.60422,0.78,N,2026-05-17 20:21:00
30.17749,78.70258,1.0,N,2026-05-17 20:21:00
30.24386,79.16399,2.0,N,2026-05-17 20:21:00
30.24444,79.15961,2.0,N,2026-05-17 20:21:00
30.24446,79.16124,2.83,N,2026-05-17 20:21:00
30.24907,77.94281,1.89,N,2026-05-17 20:21:00
30.2504,77.93181,3.53,N,2026-05-17 20:21:00
30.25293,77.94337,2.13,N,2026-05-17 20:21:00
30.25359,77.93794,2.97,N,2026-05-17 20:21:00
30.25368,79.17562,0.46,N,2026-05-17 20:21:00
30.28775,78.82907,0.98,N,2026-05-17 20:21:00
30.29795,77.73414,2.48,N,2026-05-17 20:21:00
30.29861,77.72868,3.96,N,2026-05-17 20:21:00
30.30253,77.72911,2.65,N,2026-05-17 20:21:00
30.30525,77.80461,2.91,N,2026-05-17 20:21:00
30.30574,77.80577,2.98,N,2026-05-17 20:21:00
30.30592,77.79913,2.85,N,2026-05-17 20:21:00
30.30638,77.80025,2.98,N,2026-05-17 20:21:00
30.30914,77.80514,2.64,N,2026-05-17 20:21:00
30.30982,77.79962,2.65,N,2026-05-17 20:21:00
30.31043,79.16577,0.83,N,2026-05-17 20:21:00
30.31223,77.81788,2.6,N,2026-05-17 20:21:00
30.3126,79.12051,1.27,N,2026-05-17 20:21:00
30.32458,78.6407,2.44,N,2026-05-17 20:21:00
30.32772,78.64592,2.05,N,2026-05-17 20:21:00
30.3278,77.81989,1.65,N,2026-05-17 20:21:00
30.32831,78.64119,2.05,N,2026-05-17 20:21:00
30.33141,78.6468,2.05,N,2026-05-17 20:21:00
30.33169,77.8204,1.65,N,2026-05-17 20:21:00
30.33202,78.64188,2.05,N,2026-05-17 20:21:00
30.34413,79.30968,1.43,N,2026-05-17 20:21:00
30.34773,79.3103,1.43,N,2026-05-17 20:21:00
30.34828,79.30612,1.43,N,2026-05-17 20:21:00
30.35133,79.31091,1.33,N,2026-05-17 20:21:00
30.3519,79.30656,1.33,N,2026-05-17 20:21:00
30.35248,79.30211,0.78,N,2026-05-17 20:21:00
30.35324,78.56249,0.9,N,2026-05-17 20:21:00
30.39998,77.47511,2.24,N,2026-05-17 20:21:00
30.40393,77.47578,2.24,N,2026-05-17 20:21:00
30.46351,77.87794,0.99,N,2026-05-17 20:21:00
30.46416,77.87248,2.36,N,2026-05-17 20:21:00
30.64491,77.64687,1.83,N,2026-05-17 20:21:00
30.64623,77.646,1.78,N,2026-05-17 20:21:00
30.69091,77.33796,2.64,N,2026-05-17 20:21:00
30.69176,77.33853,2.8,N,2026-05-17 20:21:00
30.71734,78.28048,1.04,N,2026-05-17 20:21:00
31.04811,78.03809,0.42,N,2026-05-17 20:21:00
31.47081,76.36417,3.12,N,2026-05-17 20:21:00
31.47507,76.36503,3.01,N,2026-05-17 20:21:00
31.4841,76.36171,1.79,N,2026-05-17 20:21:00
31.48462,76.35671,1.79,N,2026-05-17 20:21:00
31.76534,76.48279,1.43,N,2026-05-17 20:21:00
31.76583,76.47802,1.43,N,2026-05-17 20:21:00
32.08666,74.16206,3.03,N,2026-05-17 20:21:00
32.25428,76.16869,0.95,N,2026-05-17 20:21:00
32.68371,76.04087,1.64,N,2026-05-17 20:21:00
32.72647,73.13803,1.72,N,2026-05-17 20:21:00
32.88839,71.61495,1.87,N,2026-05-17 20:21:00
32.88849,71.61376,1.95,N,2026-05-17 20:21:00
32.8928,74.44508,3.98,N,2026-05-17 20:21:00
32.89444,74.44666,2.49,N,2026-05-17 20:21:00
32.89498,74.44003,2.49,N,2026-05-17 20:21:00
33.20175,74.5714,2.54,N,2026-05-17 20:21:00
33.20378,74.57216,3.82,N,2026-05-17 20:21:00
33.20656,74.57272,1.99,N,2026-05-17 20:21:00
33.2673,71.30442,0.87,N,2026-05-17 20:21:00
33.27799,72.14413,0.7,N,2026-05-17 20:21:00
21.96715,85.31462,0.56,N,2026-05-17 20:23:00
22.05246,88.12266,1.58,N,2026-05-17 20:23:00
22.2093,84.84482,0.85,N,2026-05-17 20:23:00
22.2151,84.87618,0.68,N,2026-05-17 20:23:00
22.21792,84.75683,2.19,N,2026-05-17 20:23:00
22.33733,82.5727,3.35,N,2026-05-17 20:23:00
22.35502,82.30247,2.7,N,2026-05-17 20:23:00
22.35839,82.30312,2.7,N,2026-05-17 20:23:00
22.36166,87.01728,1.22,N,2026-05-17 20:23:00
22.36315,87.30183,5.86,N,2026-05-17 20:23:00
22.3648,87.29988,5.23,N,2026-05-17 20:23:00
22.36587,87.01822,1.22,N,2026-05-17 20:23:00
22.36743,87.30283,5.02,N,2026-05-17 20:23:00
22.36908,87.30087,4.04,N,2026-05-17 20:23:00
22.37601,87.28187,4.27,N,2026-05-17 20:23:00
22.37687,87.27749,5.23,N,2026-05-17 20:23:00
22.37781,87.27995,5.37,N,2026-05-17 20:23:00
22.57216,85.89506,4.87,N,2026-05-17 20:23:00
22.59073,85.90493,3.62,N,2026-05-17 20:23:00
22.78468,86.20406,2.64,N,2026-05-17 20:23:00
22.78866,86.20497,2.62,N,2026-05-17 20:23:00
22.79007,86.19754,3.23,N,2026-05-17 20:23:00
22.79192,86.20968,2.98,N,2026-05-17 20:23:00
22.79772,86.09196,0.47,N,2026-05-17 20:23:00
22.856,86.05435,1.14,N,2026-05-17 20:23:00
22.99383,79.67731,3.75,N,2026-05-17 20:23:00
23.06221,83.04855,2.43,N,2026-05-17 20:23:00
23.06563,83.04924,2.43,N,2026-05-17 20:23:00
23.16451,82.33887,3.57,N,2026-05-17 20:23:00
23.16516,82.335,3.57,N,2026-05-17 20:23:00
23.16722,82.34337,7.57,N,2026-05-17 20:23:00
23.16787,82.33952,3.57,N,2026-05-17 20:23:00
23.18502,77.97903,6.89,N,2026-05-17 20:23:00
23.18551,77.981,6.19,N,2026-05-17 20:23:00
23.29447,79.69655,2.87,N,2026-05-17 20:23:00
23.30539,77.08911,4.08,N,2026-05-17 20:23:00
23.30695,77.09142,4.64,N,2026-05-17 20:23:00
23.31393,78.31786,5.22,N,2026-05-17 20:23:00
23.4367,80.45421,1.69,N,2026-05-17 20:23:00
23.44434,77.78888,2.29,N,2026-05-17 20:23:00
23.47955,78.5955,0.98,N,2026-05-17 20:23:00
23.5135,77.84543,2.79,N,2026-05-17 20:23:00
23.54133,76.76189,3.32,N,2026-05-17 20:23:00
23.5582,77.68678,3.47,N,2026-05-17 20:23:00
23.56116,87.08401,1.44,N,2026-05-17 20:23:00
23.57843,78.17587,2.84,N,2026-05-17 20:23:00
23.588,78.86418,0.36,N,2026-05-17 20:23:00
23.59415,78.0901,3.89,N,2026-05-17 20:23:00
23.60013,77.7578,2.66,N,2026-05-17 20:23:00
23.60016,78.19969,0.54,N,2026-05-17 20:23:00
23.60285,77.62939,3.2,N,2026-05-17 20:23:00
23.60313,80.27805,1.24,N,2026-05-17 20:23:00
23.60498,87.15267,0.77,N,2026-05-17 20:23:00
23.60648,77.62997,4.93,N,2026-05-17 20:23:00
23.61477,86.79002,1.09,N,2026-05-17 20:23:00
23.6168,78.38996,1.77,N,2026-05-17 20:23:00
23.62417,79.06736,1.72,N,2026-05-17 20:23:00
23.62644,85.67743,1.31,N,2026-05-17 20:23:00
23.62872,77.88322,1.1,N,2026-05-17 20:23:00
23.64732,85.44008,1.78,N,2026-05-17 20:23:00
23.64826,85.43507,1.78,N,2026-05-17 20:23:00
23.65607,82.83725,2.64,N,2026-05-17 20:23:00
23.6613,87.15292,1.19,N,2026-05-17 20:23:00
23.66463,87.15799,1.19,N,2026-05-17 20:23:00
23.66544,87.1539,1.19,N,2026-05-17 20:23:00
23.6659,77.68823,2.56,N,2026-05-17 20:23:00
23.66983,76.07202,0.55,N,2026-05-17 20:23:00
23.67414,86.40022,2.08,N,2026-05-17 20:23:00
23.67467,78.61662,1.12,N,2026-05-17 20:23:00
23.67487,86.39647,2.08,N,2026-05-17 20:23:00
23.67492,86.10665,0.83,N,2026-05-17 20:23:00
23.67511,86.08421,2.47,N,2026-05-17 20:23:00
23.67559,86.39276,2.66,N,2026-05-17 20:23:00
23.67812,86.40106,2.08,N,2026-05-17 20:23:00
23.67884,86.39732,2.08,N,2026-05-17 20:23:00
23.67956,86.3936,2.66,N,2026-05-17 20:23:00
23.68186,86.09138,2.1,N,2026-05-17 20:23:00
23.68353,86.39448,3.03,N,2026-05-17 20:23:00
23.68424,86.39081,3.03,N,2026-05-17 20:23:00
23.68513,87.11986,0.97,N,2026-05-17 20:23:00
23.68917,87.09931,2.01,N,2026-05-17 20:23:00
23.68926,87.12082,0.97,N,2026-05-17 20:23:00
23.69168,87.10847,1.6,N,2026-05-17 20:23:00
23.69339,87.12177,2.38,N,2026-05-17 20:23:00
23.69456,85.29119,1.87,N,2026-05-17 20:23:00
23.69547,85.28628,2.39,N,2026-05-17 20:23:00
23.69553,86.07979,3.56,N,2026-05-17 20:23:00
23.69586,85.36812,2.29,N,2026-05-17 20:23:00
23.69656,86.07797,7.03,N,2026-05-17 20:23:00
23.69658,86.07441,3.56,N,2026-05-17 20:23:00
23.70535,86.07436,1.4,N,2026-05-17 20:23:00
23.70539,86.07082,0.79,N,2026-05-17 20:23:00
23.71058,86.44735,1.48,N,2026-05-17 20:23:00
23.71384,86.45198,1.1,N,2026-05-17 20:23:00
23.71416,86.42872,0.7,N,2026-05-17 20:23:00
23.72464,86.43883,1.56,N,2026-05-17 20:23:00
23.72719,86.44717,2.64,N,2026-05-17 20:23:00
23.73221,73.66558,5.24,N,2026-05-17 20:23:00
23.73588,86.43264,2.54,N,2026-05-17 20:23:00
23.737,85.01965,1.23,N,2026-05-17 20:23:00
23.73797,86.43405,4.85,N,2026-05-17 20:23:00
23.73875,85.01009,2.16,N,2026-05-17 20:23:00
23.73963,85.00533,1.18,N,2026-05-17 20:23:00
23.73985,86.43353,2.54,N,2026-05-17 20:23:00
23.75145,86.41663,1.96,N,2026-05-17 20:23:00
23.75595,85.8507,1.73,N,2026-05-17 20:23:00
23.75661,78.72646,1.67,N,2026-05-17 20:23:00
23.75814,86.40361,2.63,N,2026-05-17 20:23:00
23.75922,86.39809,5.41,N,2026-05-17 20:23:00
23.7621,86.40448,2.63,N,2026-05-17 20:23:00
23.76606,86.40538,2.73,N,2026-05-17 20:23:00
23.76714,86.39986,4.34,N,2026-05-17 20:23:00
23.77473,86.36099,4.49,N,2026-05-17 20:23:00
23.77617,86.21095,2.09,N,2026-05-17 20:23:00
23.77621,86.20651,4.39,N,2026-05-17 20:23:00
23.7772,86.20553,2.09,N,2026-05-17 20:23:00
23.77723,86.39046,2.68,N,2026-05-17 20:23:00
23.78009,86.21179,2.09,N,2026-05-17 20:23:00
23.78013,86.20734,5.65,N,2026-05-17 20:23:00
23.78047,86.37382,2.82,N,2026-05-17 20:23:00
23.78112,86.20634,2.09,N,2026-05-17 20:23:00
23.78119,86.39133,2.68,N,2026-05-17 20:23:00
23.78227,85.576,2.2,N,2026-05-17 20:23:00
23.78297,86.3398,2.99,N,2026-05-17 20:23:00
23.78369,78.12166,1.17,N,2026-05-17 20:23:00
23.78694,85.55075,1.27,N,2026-05-17 20:23:00
23.78913,85.55357,1.24,N,2026-05-17 20:23:00
23.79267,86.35348,1.97,N,2026-05-17 20:23:00
23.79544,86.23362,2.13,N,2026-05-17 20:23:00
23.79661,86.35438,1.97,N,2026-05-17 20:23:00
23.79767,86.34887,4.15,N,2026-05-17 20:23:00
23.79982,79.36872,0.57,N,2026-05-17 20:23:00
23.80197,86.32671,2.88,N,2026-05-17 20:23:00
23.8059,86.32762,3.4,N,2026-05-17 20:23:00
23.82317,85.49844,2.05,N,2026-05-17 20:23:00
23.82593,84.57313,2.76,N,2026-05-17 20:23:00
23.82953,84.57388,1.99,N,2026-05-17 20:23:00
23.86632,77.93562,3.69,N,2026-05-17 20:23:00
23.8699,77.9362,3.69,N,2026-05-17 20:23:00
23.98815,79.3917,2.09,N,2026-05-17 20:23:00
24.03388,77.79128,1.32,N,2026-05-17 20:23:00
24.04515,77.1907,1.01,N,2026-05-17 20:23:00
24.04658,77.18775,1.28,N,2026-05-17 20:23:00
24.05184,80.61282,2.29,N,2026-05-17 20:23:00
24.06727,79.30343,0.88,N,2026-05-17 20:23:00
24.08907,77.77113,0.81,N,2026-05-17 20:23:00
24.09818,77.64671,1.88,N,2026-05-17 20:23:00
24.09853,77.64355,2.56,N,2026-05-17 20:23:00
24.11539,78.06333,0.94,N,2026-05-17 20:23:00
24.13102,82.62154,2.66,N,2026-05-17 20:23:00
24.14245,82.63591,3.16,N,2026-05-17 20:23:00
24.1441,82.70859,2.29,N,2026-05-17 20:23:00
24.1459,82.65668,3.72,N,2026-05-17 20:23:00
24.15237,82.59751,1.33,N,2026-05-17 20:23:00
24.1612,82.62745,1.59,N,2026-05-17 20:23:00
24.16172,80.88913,1.31,N,2026-05-17 20:23:00
24.16388,80.65662,0.91,N,2026-05-17 20:23:00
24.16455,82.62812,1.59,N,2026-05-17 20:23:00
24.17804,82.651,2.04,N,2026-05-17 20:23:00
24.19994,82.71485,2.42,N,2026-05-17 20:23:00
24.2006,82.71098,1.84,N,2026-05-17 20:23:00
24.20233,80.79887,2.48,N,2026-05-17 20:23:00
24.20394,82.7117,1.84,N,2026-05-17 20:23:00
24.20462,82.70774,1.84,N,2026-05-17 20:23:00
24.2061,82.5243,1.73,N,2026-05-17 20:23:00
24.22769,74.80146,1.32,N,2026-05-17 20:23:00
24.22982,80.75345,1.18,N,2026-05-17 20:23:00
24.27183,77.89512,0.75,N,2026-05-17 20:23:00
24.28163,82.68285,0.6,N,2026-05-17 20:23:00
24.32564,81.32835,2.4,N,2026-05-17 20:23:00
24.3362,79.03162,0.63,N,2026-05-17 20:23:00
24.44942,83.04021,1.65,N,2026-05-17 20:23:00
24.46517,80.83035,1.21,N,2026-05-17 20:23:00
24.49611,81.08807,1.4,N,2026-05-17 20:23:00
24.49882,81.09246,0.81,N,2026-05-17 20:23:00
24.50757,80.81796,0.85,N,2026-05-17 20:23:00
24.50874,80.81039,0.78,N,2026-05-17 20:23:00
24.52634,80.54497,0.84,N,2026-05-17 20:23:00
24.52781,81.16778,1.99,N,2026-05-17 20:23:00
24.52966,80.54557,0.81,N,2026-05-17 20:23:00
24.54069,80.33942,1.0,N,2026-05-17 20:23:00
24.56379,81.00356,1.62,N,2026-05-17 20:23:00
24.59004,80.548,1.8,N,2026-05-17 20:23:00
24.61558,80.73654,0.97,N,2026-05-17 20:23:00
24.63262,80.6263,1.64,N,2026-05-17 20:23:00
24.63594,80.62691,1.64,N,2026-05-17 20:23:00
24.63831,80.62694,1.63,N,2026-05-17 20:23:00
24.64006,80.53362,1.04,N,2026-05-17 20:23:00
24.64262,80.64339,0.7,N,2026-05-17 20:23:00
24.66139,74.63323,4.45,N,2026-05-17 20:23:00
24.66348,80.5963,0.95,N,2026-05-17 20:23:00
24.66756,80.56961,0.53,N,2026-05-17 20:23:00
24.69072,74.85168,4.75,N,2026-05-17 20:23:00
24.69652,78.38056,0.86,N,2026-05-17 20:23:00
24.69713,78.37621,1.18,N,2026-05-17 20:23:00
24.71383,75.95371,0.83,N,2026-05-17 20:23:00
24.72639,80.24926,2.36,N,2026-05-17 20:23:00
24.73766,76.8185,0.98,N,2026-05-17 20:23:00
24.76255,74.60734,4.22,N,2026-05-17 20:23:00
24.768,77.35956,1.28,N,2026-05-17 20:23:00
24.77465,74.25832,3.33,N,2026-05-17 20:23:00
24.7758,79.65614,1.79,N,2026-05-17 20:23:00
24.80351,84.20197,0.81,N,2026-05-17 20:23:00
24.80408,84.20021,0.54,N,2026-05-17 20:23:00
24.80869,79.71819,2.69,N,2026-05-17 20:23:00
24.84258,80.10573,2.72,N,2026-05-17 20:23:00
24.86301,84.09332,0.89,N,2026-05-17 20:23:00
24.8647,76.65154,2.65,N,2026-05-17 20:23:00
24.92046,83.93075,0.83,N,2026-05-17 20:23:00
24.92441,84.15498,1.61,N,2026-05-17 20:23:00
24.92986,84.14598,0.7,N,2026-05-17 20:23:00
24.9355,77.04582,2.11,N,2026-05-17 20:23:00
24.94184,82.34291,0.58,N,2026-05-17 20:23:00
24.98754,81.75095,0.82,N,2026-05-17 20:23:00
25.00059,77.16891,2.28,N,2026-05-17 20:23:00
25.0316,87.37589,2.45,N,2026-05-17 20:23:00
25.03242,87.37181,1.8,N,2026-05-17 20:23:00
25.03308,77.00911,3.69,N,2026-05-17 20:23:00
25.03554,84.20654,0.97,N,2026-05-17 20:23:00
25.03568,87.37691,0.64,N,2026-05-17 20:23:00
25.07713,76.12138,7.01,N,2026-05-17 20:23:00
25.10484,76.02722,2.17,N,2026-05-17 20:23:00
25.1053,76.02336,2.17,N,2026-05-17 20:23:00
25.12272,77.1181,2.54,N,2026-05-17 20:23:00
25.12552,77.12074,2.5,N,2026-05-17 20:23:00
25.1265,77.11871,2.38,N,2026-05-17 20:23:00
25.2202,77.63811,0.6,N,2026-05-17 20:23:00
25.22216,73.59454,2.44,N,2026-05-17 20:23:00
25.22372,73.59602,2.37,N,2026-05-17 20:23:00
25.22627,73.60059,2.62,N,2026-05-17 20:23:00
25.25348,81.69823,0.48,N,2026-05-17 20:23:00
25.38942,68.58022,1.51,N,2026-05-17 20:23:00
25.45481,77.74747,0.81,N,2026-05-17 20:23:00
25.49135,72.9611,1.21,N,2026-05-17 20:23:00
25.49323,72.96186,1.31,N,2026-05-17 20:23:00
25.5004,83.98403,0.74,N,2026-05-17 20:23:00
25.5258,79.77544,3.47,N,2026-05-17 20:23:00
25.5307,78.45388,1.14,N,2026-05-17 20:23:00
25.54392,79.77042,2.96,N,2026-05-17 20:23:00
25.60158,78.28233,1.14,N,2026-05-17 20:23:00
25.60379,78.31966,0.85,N,2026-05-17 20:23:00
25.60738,78.32026,0.85,N,2026-05-17 20:23:00
25.61456,80.09698,3.26,N,2026-05-17 20:23:00
25.64359,78.57428,0.74,N,2026-05-17 20:23:00
25.65034,79.92408,3.03,N,2026-05-17 20:23:00
25.66044,78.28941,1.48,N,2026-05-17 20:23:00
25.66654,78.244,0.59,N,2026-05-17 20:23:00
25.66842,79.91911,3.5,N,2026-05-17 20:23:00
25.67734,79.56886,1.38,N,2026-05-17 20:23:00
25.67793,79.56478,1.38,N,2026-05-17 20:23:00
25.68759,78.22422,0.72,N,2026-05-17 20:23:00
25.69416,83.98525,1.2,N,2026-05-17 20:23:00
25.74784,79.4931,1.64,N,2026-05-17 20:23:00
25.75193,78.1035,1.88,N,2026-05-17 20:23:00
25.75207,78.10571,1.83,N,2026-05-17 20:23:00
25.75267,78.10109,1.83,N,2026-05-17 20:23:00
25.75492,78.1087,3.15,N,2026-05-17 20:23:00
25.75555,78.1041,3.15,N,2026-05-17 20:23:00
25.75569,78.1063,1.83,N,2026-05-17 20:23:00
25.75618,78.09948,1.72,N,2026-05-17 20:23:00
25.75629,78.10168,1.83,N,2026-05-17 20:23:00
25.7851,79.69492,3.96,N,2026-05-17 20:23:00
25.8739,80.25077,3.66,N,2026-05-17 20:23:00
25.87879,78.01495,1.22,N,2026-05-17 20:23:00
25.87894,78.01715,1.11,N,2026-05-17 20:23:00
25.92371,82.96928,1.12,N,2026-05-17 20:23:00
25.97149,77.93443,0.41,N,2026-05-17 20:23:00
25.97846,78.27482,1.04,N,2026-05-17 20:23:00
25.98146,78.27998,1.26,N,2026-05-17 20:23:00
26.03299,79.88536,3.95,N,2026-05-17 20:23:00
26.0893,82.85281,0.65,N,2026-05-17 20:23:00
26.16416,79.07719,0.91,N,2026-05-17 20:23:00
26.20805,80.58686,1.96,N,2026-05-17 20:23:00
26.34134,79.34616,1.03,N,2026-05-17 20:23:00
26.34252,79.34509,0.96,N,2026-05-17 20:23:00
26.38551,79.54138,0.63,N,2026-05-17 20:23:00
26.64086,79.48132,1.19,N,2026-05-17 20:23:00
26.64146,79.47712,1.19,N,2026-05-17 20:23:00
26.64355,79.48019,1.13,N,2026-05-17 20:23:00
26.75845,83.19865,2.21,N,2026-05-17 20:23:00
27.53785,69.31592,2.07,N,2026-05-17 20:23:00
27.72568,84.81702,0.79,N,2026-05-17 20:23:00
28.04938,69.37077,1.32,N,2026-05-17 20:23:00
28.06818,83.12801,0.5,N,2026-05-17 20:23:00
28.09394,81.46967,0.84,N,2026-05-17 20:23:00
28.14302,83.26903,1.38,N,2026-05-17 20:23:00
28.16228,82.90887,0.22,N,2026-05-17 20:23:00
28.2226,81.23059,0.86,N,2026-05-17 20:23:00
28.22533,81.2352,0.86,N,2026-05-17 20:23:00
28.22593,81.23123,0.86,N,2026-05-17 20:23:00
28.22731,81.23419,1.35,N,2026-05-17 20:23:00
28.25445,82.22833,1.44,N,2026-05-17 20:23:00
28.26524,81.48138,1.22,N,2026-05-17 20:23:00
28.27295,77.20638,1.53,N,2026-05-17 20:23:00
28.27659,81.20284,1.14,N,2026-05-17 20:23:00
28.27719,81.19887,1.14,N,2026-05-17 20:23:00
28.36969,82.09783,0.42,N,2026-05-17 20:23:00
28.37825,81.89015,1.05,N,2026-05-17 20:23:00
28.41817,82.19909,0.36,N,2026-05-17 20:23:00
28.44111,81.41237,0.91,N,2026-05-17 20:23:00
28.44384,81.41695,0.46,N,2026-05-17 20:23:00
28.44443,81.41306,1.0,N,2026-05-17 20:23:00
28.455,81.41103,0.64,N,2026-05-17 20:23:00
28.55967,82.31108,0.32,N,2026-05-17 20:23:00
28.58386,81.87331,1.61,N,2026-05-17 20:23:00
28.59431,81.4781,1.05,N,2026-05-17 20:23:00
28.63226,81.84634,0.66,N,2026-05-17 20:23:00
28.667,81.50787,1.0,N,2026-05-17 20:23:00
28.71414,81.4677,0.9,N,2026-05-17 20:23:00
28.71747,81.46831,0.9,N,2026-05-17 20:23:00
28.7226,81.45708,1.17,N,2026-05-17 20:23:00
28.78621,81.27648,1.96,N,2026-05-17 20:23:00
28.81032,81.20675,1.73,N,2026-05-17 20:23:00
28.81092,81.20268,1.95,N,2026-05-17 20:23:00
28.83682,77.13735,3.52,N,2026-05-17 20:23:00
28.89002,76.27056,1.33,N,2026-05-17 20:23:00
29.26221,71.96934,2.29,N,2026-05-17 20:23:00
29.26766,71.96993,2.42,N,2026-05-17 20:23:00
29.81937,69.2067,1.27,N,2026-05-17 20:23:00
15.44132,78.4959,0.75,N,2026-05-17 20:25:00
15.68454,78.45784,0.79,N,2026-05-17 20:25:00
15.75174,78.37655,3.12,N,2026-05-17 20:25:00
15.78717,80.05072,2.42,N,2026-05-17 20:25:00
16.29103,80.63036,1.82,N,2026-05-17 20:25:00
16.34759,80.64417,3.27,N,2026-05-17 20:25:00
16.3482,80.64046,3.77,N,2026-05-17 20:25:00
16.47529,78.19608,0.93,N,2026-05-17 20:25:00
17.06227,76.97844,0.98,N,2026-05-17 20:25:00
17.1292,78.70263,0.81,N,2026-05-17 20:25:00
17.13123,79.89061,1.63,N,2026-05-17 20:25:00
17.17442,80.18782,2.11,N,2026-05-17 20:25:00
17.20713,80.8005,2.05,N,2026-05-17 20:25:00
17.41943,74.245,0.56,N,2026-05-17 20:25:00
17.41995,74.24106,0.64,N,2026-05-17 20:25:00
17.4209,80.67425,1.08,N,2026-05-17 20:25:00
17.57217,78.41438,3.37,N,2026-05-17 20:25:00
17.58399,80.318,0.98,N,2026-05-17 20:25:00
17.59305,80.24106,0.66,N,2026-05-17 20:25:00
17.60405,83.20132,2.6,N,2026-05-17 20:25:00
17.60771,83.20203,2.6,N,2026-05-17 20:25:00
17.61137,83.20274,6.6,N,2026-05-17 20:25:00
17.61532,79.703,0.37,N,2026-05-17 20:25:00
17.66258,78.04677,0.86,N,2026-05-17 20:25:00
17.67807,79.75398,0.57,N,2026-05-17 20:25:00
17.9339,79.80873,4.02,N,2026-05-17 20:25:00
17.9487,80.78534,2.78,N,2026-05-17 20:25:00
17.95204,80.78596,1.53,N,2026-05-17 20:25:00
17.95539,80.78656,1.53,N,2026-05-17 20:25:00
17.96026,80.79884,1.36,N,2026-05-17 20:25:00
17.97775,80.00188,1.0,N,2026-05-17 20:25:00
18.09368,79.82529,3.57,N,2026-05-17 20:25:00
18.16721,79.6189,4.39,N,2026-05-17 20:25:00
18.23264,78.13628,4.13,N,2026-05-17 20:25:00
18.28894,75.30561,5.36,N,2026-05-17 20:25:00
18.43922,77.41637,4.99,N,2026-05-17 20:25:00
18.65403,78.46244,3.94,N,2026-05-17 20:25:00
18.74721,78.35408,0.29,N,2026-05-17 20:25:00
18.79095,78.1075,4.42,N,2026-05-17 20:25:00
18.85179,78.44808,5.89,N,2026-05-17 20:25:00
18.87511,78.71235,2.86,N,2026-05-17 20:25:00
19.01085,72.90612,1.38,N,2026-05-17 20:25:00
19.01525,72.90371,4.58,N,2026-05-17 20:25:00
19.01537,72.90686,1.38,N,2026-05-17 20:25:00
19.01597,72.90172,3.47,N,2026-05-17 20:25:00
19.0932,82.16888,1.16,N,2026-05-17 20:25:00
19.09732,82.16557,1.92,N,2026-05-17 20:25:00
19.10419,82.16689,0.69,N,2026-05-17 20:25:00
19.19073,78.06702,6.92,N,2026-05-17 20:25:00
19.26776,77.9719,0.32,N,2026-05-17 20:25:00
19.40708,76.83045,1.03,N,2026-05-17 20:25:00
19.43528,79.77882,2.32,N,2026-05-17 20:25:00
19.43859,79.7794,2.32,N,2026-05-17 20:25:00
19.50224,80.06417,1.18,N,2026-05-17 20:25:00
19.54247,79.22183,0.39,N,2026-05-17 20:25:00
19.6456,78.47781,3.11,N,2026-05-17 20:25:00
19.78653,79.14819,5.73,N,2026-05-17 20:25:00
19.96193,79.33346,3.24,N,2026-05-17 20:25:00
20.0019,76.22925,2.61,N,2026-05-17 20:25:00
20.00979,79.1933,1.71,N,2026-05-17 20:25:00
20.01345,79.05614,5.87,N,2026-05-17 20:25:00
20.06152,74.93994,0.83,N,2026-05-17 20:25:00
20.41916,73.94778,0.45,N,2026-05-17 20:25:00
20.45794,75.4823,2.34,N,2026-05-17 20:25:00
20.50661,76.50404,0.81,N,2026-05-17 20:25:00
20.57285,75.36359,1.0,N,2026-05-17 20:25:00
20.64005,75.42356,0.72,N,2026-05-17 20:25:00
20.7616,85.29494,2.77,N,2026-05-17 20:25:00
20.78702,85.2674,2.13,N,2026-05-17 20:25:00
20.79274,85.25346,2.13,N,2026-05-17 20:25:00
20.79386,85.25227,2.67,N,2026-05-17 20:25:00
20.80442,85.256,2.19,N,2026-05-17 20:25:00
20.80555,85.25483,2.91,N,2026-05-17 20:25:00
20.86759,79.26651,3.81,N,2026-05-17 20:25:00
20.87,84.99466,1.92,N,2026-05-17 20:25:00
20.87382,84.99552,8.56,N,2026-05-17 20:25:00
20.87479,84.99034,3.52,N,2026-05-17 20:25:00
20.9115,71.45815,1.05,N,2026-05-17 20:25:00
20.94977,85.05959,1.35,N,2026-05-17 20:25:00
20.94993,86.04877,8.83,N,2026-05-17 20:25:00
20.96075,75.35223,4.07,N,2026-05-17 20:25:00
20.96181,85.17219,3.51,N,2026-05-17 20:25:00
20.96212,86.00697,5.34,N,2026-05-17 20:25:00
20.96274,85.18865,4.28,N,2026-05-17 20:25:00
20.96278,85.16701,2.01,N,2026-05-17 20:25:00
20.96372,85.18341,4.28,N,2026-05-17 20:25:00
20.96375,85.16185,2.01,N,2026-05-17 20:25:00
20.96567,85.17303,5.55,N,2026-05-17 20:25:00
20.96664,85.16785,1.9,N,2026-05-17 20:25:00
20.96803,86.02042,5.0,N,2026-05-17 20:25:00
20.9695,86.01268,6.5,N,2026-05-17 20:25:00
20.96954,85.17387,5.55,N,2026-05-17 20:25:00
20.96956,85.15234,2.35,N,2026-05-17 20:25:00
20.97051,85.1687,1.9,N,2026-05-17 20:25:00
20.97056,85.12563,1.16,N,2026-05-17 20:25:00
20.9717,86.00105,5.53,N,2026-05-17 20:25:00
20.97341,85.17471,2.44,N,2026-05-17 20:25:00
20.97342,85.15318,2.35,N,2026-05-17 20:25:00
20.97437,85.16956,1.7,N,2026-05-17 20:25:00
20.97824,85.17039,1.7,N,2026-05-17 20:25:00
20.98115,85.13334,1.16,N,2026-05-17 20:25:00
20.98501,85.13415,1.16,N,2026-05-17 20:25:00
20.9998,86.02646,3.39,N,2026-05-17 20:25:00
21.00228,75.39297,1.34,N,2026-05-17 20:25:00
21.01127,73.57428,2.07,N,2026-05-17 20:25:00
21.02727,78.616,2.9,N,2026-05-17 20:25:00
21.03067,78.61655,2.9,N,2026-05-17 20:25:00
21.03125,78.61267,2.9,N,2026-05-17 20:25:00
21.03408,78.6171,2.74,N,2026-05-17 20:25:00
21.03465,78.61322,2.74,N,2026-05-17 20:25:00
21.03806,78.61378,2.74,N,2026-05-17 20:25:00
21.09952,72.63356,1.98,N,2026-05-17 20:25:00
21.10308,72.64494,1.73,N,2026-05-17 20:25:00
21.10367,72.63956,3.02,N,2026-05-17 20:25:00
21.10427,72.63418,3.02,N,2026-05-17 20:25:00
21.10783,72.64555,1.73,N,2026-05-17 20:25:00
21.10902,72.6348,3.02,N,2026-05-17 20:25:00
21.18328,81.38732,0.85,N,2026-05-17 20:25:00
21.1839,81.38358,0.85,N,2026-05-17 20:25:00
21.18661,81.38794,0.85,N,2026-05-17 20:25:00
21.2156,82.13605,0.79,N,2026-05-17 20:25:00
21.23479,79.63158,2.08,N,2026-05-17 20:25:00
21.24299,79.2248,1.68,N,2026-05-17 20:25:00
21.24692,79.22158,5.91,N,2026-05-17 20:25:00
21.24864,79.21021,3.25,N,2026-05-17 20:25:00
21.24921,79.20643,3.25,N,2026-05-17 20:25:00
21.25142,79.21458,5.34,N,2026-05-17 20:25:00
21.25199,79.2108,3.25,N,2026-05-17 20:25:00
21.25411,79.24225,5.62,N,2026-05-17 20:25:00
21.27125,79.15177,4.87,N,2026-05-17 20:25:00
21.29704,81.60492,0.69,N,2026-05-17 20:25:00
21.30037,81.60555,0.69,N,2026-05-17 20:25:00
21.30743,81.5836,0.83,N,2026-05-17 20:25:00
21.30953,81.59175,0.73,N,2026-05-17 20:25:00
21.33284,77.16935,1.05,N,2026-05-17 20:25:00
21.33778,78.97023,5.4,N,2026-05-17 20:25:00
21.34503,77.24966,2.19,N,2026-05-17 20:25:00
21.34764,77.24757,2.24,N,2026-05-17 20:25:00
21.36371,81.6517,1.64,N,2026-05-17 20:25:00
21.36601,81.67936,1.34,N,2026-05-17 20:25:00
21.37207,81.68439,1.34,N,2026-05-17 20:25:00
21.3756,81.64229,1.05,N,2026-05-17 20:25:00
21.37604,81.68126,1.34,N,2026-05-17 20:25:00
21.39218,77.30729,2.26,N,2026-05-17 20:25:00
21.44918,76.86484,1.53,N,2026-05-17 20:25:00
21.45757,81.80116,0.57,N,2026-05-17 20:25:00
21.48712,77.52903,1.03,N,2026-05-17 20:25:00
21.48728,81.76772,1.03,N,2026-05-17 20:25:00
21.50108,81.80942,1.26,N,2026-05-17 20:25:00
21.62958,82.11292,0.78,N,2026-05-17 20:25:00
21.64154,77.35515,2.18,N,2026-05-17 20:25:00
21.67303,82.08157,1.13,N,2026-05-17 20:25:00
21.67321,77.99027,0.77,N,2026-05-17 20:25:00
21.67381,77.98614,1.62,N,2026-05-17 20:25:00
21.67418,77.9897,0.64,N,2026-05-17 20:25:00
21.70207,78.04518,1.93,N,2026-05-17 20:25:00
21.73162,82.21539,2.47,N,2026-05-17 20:25:00
21.74226,78.01368,1.38,N,2026-05-17 20:25:00
21.75698,83.8455,5.26,N,2026-05-17 20:25:00
21.77641,83.84039,4.62,N,2026-05-17 20:25:00
21.79173,80.0174,2.28,N,2026-05-17 20:25:00
21.79364,77.93089,0.75,N,2026-05-17 20:25:00
21.82056,83.8927,9.4,N,2026-05-17 20:25:00
21.82334,83.89783,2.52,N,2026-05-17 20:25:00
21.82414,83.89342,2.52,N,2026-05-17 20:25:00
21.82692,83.89859,2.52,N,2026-05-17 20:25:00
21.87749,83.49512,1.51,N,2026-05-17 20:25:00
21.87761,83.55487,0.98,N,2026-05-17 20:25:00
21.90992,77.45911,2.86,N,2026-05-17 20:25:00
21.92059,83.35403,1.69,N,2026-05-17 20:25:00
21.92133,83.34985,5.29,N,2026-05-17 20:25:00
21.93571,79.47285,1.2,N,2026-05-17 20:25:00
21.94227,79.36073,2.98,N,2026-05-17 20:25:00
21.94869,78.93938,1.33,N,2026-05-17 20:25:00
21.98501,83.23367,2.4,N,2026-05-17 20:25:00
22.00499,82.67015,2.96,N,2026-05-17 20:25:00
22.00666,79.34451,0.68,N,2026-05-17 20:25:00
22.00777,78.77668,0.24,N,2026-05-17 20:25:00
22.01287,76.78705,5.77,N,2026-05-17 20:25:00
22.01682,83.7541,1.66,N,2026-05-17 20:25:00
22.01759,83.74973,1.66,N,2026-05-17 20:25:00
22.02598,82.77174,0.54,N,2026-05-17 20:25:00
22.02615,78.93644,0.65,N,2026-05-17 20:25:00
22.02886,76.8088,7.07,N,2026-05-17 20:25:00
22.03087,83.36551,1.89,N,2026-05-17 20:25:00
22.03732,83.34948,2.99,N,2026-05-17 20:25:00
22.03763,79.04621,1.76,N,2026-05-17 20:25:00
22.03836,83.73611,2.56,N,2026-05-17 20:25:00
22.03912,83.7318,2.45,N,2026-05-17 20:25:00
22.03979,78.31902,2.86,N,2026-05-17 20:25:00
22.03987,83.72749,2.45,N,2026-05-17 20:25:00
22.0419,83.73685,2.78,N,2026-05-17 20:25:00
22.04342,83.72823,2.33,N,2026-05-17 20:25:00
22.05214,79.13879,0.85,N,2026-05-17 20:25:00
22.0523,79.30058,0.87,N,2026-05-17 20:25:00
22.06507,83.70402,1.31,N,2026-05-17 20:25:00
22.06564,83.70599,1.07,N,2026-05-17 20:25:00
22.07514,78.84047,1.33,N,2026-05-17 20:25:00
22.07854,78.84106,1.33,N,2026-05-17 20:25:00
22.08826,83.12061,2.11,N,2026-05-17 20:25:00
22.08898,83.11653,4.57,N,2026-05-17 20:25:00
22.09776,76.46786,6.56,N,2026-05-17 20:25:00
22.09817,76.46605,7.06,N,2026-05-17 20:25:00
22.10555,83.12407,2.98,N,2026-05-17 20:25:00
22.12074,78.95555,0.64,N,2026-05-17 20:25:00
22.12545,78.87618,1.02,N,2026-05-17 20:25:00
22.12602,78.87224,1.15,N,2026-05-17 20:25:00
22.12949,76.91771,1.1,N,2026-05-17 20:25:00
22.15444,78.58034,2.01,N,2026-05-17 20:25:00
22.15476,79.27038,4.0,N,2026-05-17 20:25:00
22.16043,78.92227,1.49,N,2026-05-17 20:25:00
22.17235,76.77032,6.82,N,2026-05-17 20:25:00
22.17315,76.77229,7.39,N,2026-05-17 20:25:00
22.19551,79.15879,0.39,N,2026-05-17 20:25:00
22.19927,76.97339,1.73,N,2026-05-17 20:25:00
22.19965,79.08397,0.73,N,2026-05-17 20:25:00
22.2177,79.07912,2.14,N,2026-05-17 20:25:00
22.21908,79.69852,1.22,N,2026-05-17 20:25:00
22.22709,76.93482,2.17,N,2026-05-17 20:25:00
22.23039,76.88271,4.52,N,2026-05-17 20:25:00
22.2626,78.98697,0.86,N,2026-05-17 20:25:00
22.26318,78.98305,0.93,N,2026-05-17 20:25:00
22.26435,75.13267,3.09,N,2026-05-17 20:25:00
22.26918,79.79636,0.92,N,2026-05-17 20:25:00
22.27724,77.08349,2.8,N,2026-05-17 20:25:00
22.28603,76.99021,1.79,N,2026-05-17 20:25:00
22.30312,79.59667,1.26,N,2026-05-17 20:25:00
22.35966,79.48525,1.09,N,2026-05-17 20:25:00
22.36223,79.87457,6.41,N,2026-05-17 20:25:00
22.36309,76.94967,4.4,N,2026-05-17 20:25:00
22.36455,76.9519,5.75,N,2026-05-17 20:25:00
22.36498,79.87892,1.92,N,2026-05-17 20:25:00
22.36556,79.87515,1.92,N,2026-05-17 20:25:00
22.36831,79.87951,1.92,N,2026-05-17 20:25:00
22.38675,79.83943,1.02,N,2026-05-17 20:25:00
22.39583,76.99992,5.66,N,2026-05-17 20:25:00
22.43181,79.04636,0.76,N,2026-05-17 20:25:00
22.46795,79.8228,4.1,N,2026-05-17 20:25:00
22.50099,79.09702,2.15,N,2026-05-17 20:25:00
22.56855,76.82652,6.24,N,2026-05-17 20:25:00
22.84091,76.6011,5.81,N,2026-05-17 20:25:00
22.88112,76.27832,7.56,N,2026-05-17 20:25:00
22.92561,70.10491,1.34,N,2026-05-17 20:25:00
22.92674,70.10654,1.14,N,2026-05-17 20:25:00
22.93211,69.70051,1.42,N,2026-05-17 20:25:00
22.93248,69.69602,1.42,N,2026-05-17 20:25:00
22.93408,69.69511,2.8,N,2026-05-17 20:25:00
23.1212,70.0821,1.99,N,2026-05-17 20:25:00
23.12172,70.08375,2.26,N,2026-05-17 20:25:00
23.27292,71.73054,0.84,N,2026-05-17 20:25:00
23.31537,70.19759,1.47,N,2026-05-17 20:25:00
23.42494,69.82085,1.16,N,2026-05-17 20:25:00
8.6695,77.99414,0.5,N,2026-05-17 20:27:00
10.71247,78.09172,1.09,N,2026-05-17 20:27:00
11.18103,79.09923,1.51,N,2026-05-17 20:27:00
12.74683,77.61797,0.57,N,2026-05-17 20:27:00
13.39276,80.10039,0.6,N,2026-05-17 20:27:00
13.39303,80.07767,0.46,N,2026-05-17 20:27:00
13.70901,79.61782,1.25,N,2026-05-17 20:27:00
14.30973,79.92729,0.96,N,2026-05-17 20:27:00
15.02287,78.01449,1.22,N,2026-05-17 20:27:00
15.16749,76.37934,0.64,N,2026-05-17 20:27:00
15.1716,76.37583,1.16,N,2026-05-17 20:27:00
15.17261,76.69345,1.87,N,2026-05-17 20:27:00
15.17328,76.78574,1.1,N,2026-05-17 20:27:00
15.17431,76.65741,1.51,N,2026-05-17 20:27:00
15.17488,76.65347,1.86,N,2026-05-17 20:27:00
15.1756,77.10168,1.05,N,2026-05-17 20:27:00
15.17616,76.65816,2.78,N,2026-05-17 20:27:00
15.17675,76.65423,3.68,N,2026-05-17 20:27:00
15.17778,76.65795,1.51,N,2026-05-17 20:27:00
15.17836,76.65401,1.86,N,2026-05-17 20:27:00
15.17896,76.67426,2.75,N,2026-05-17 20:27:00
15.17902,77.10222,1.14,N,2026-05-17 20:27:00
15.18359,76.66691,2.84,N,2026-05-17 20:27:00
15.22635,76.76205,1.29,N,2026-05-17 20:27:00
32.88621,71.61577,1.64,N,2026-05-17 22:01:00
33.27049,71.30992,1.6,N,2026-05-17 22:01:00
33.27597,72.14541,0.69,N,2026-05-17 22:01:00
25.38677,68.58531,1.67,N,2026-05-17 22:03:00
27.43547,68.58017,0.57,N,2026-05-17 22:03:00
27.53933,69.31108,2.13,N,2026-05-17 22:03:00
29.26437,71.97346,2.49,N,2026-05-17 22:03:00
29.81531,69.20609,1.01,N,2026-05-17 22:03:00
22.92726,70.10445,4.79,N,2026-05-17 22:05:00
11.42398,77.48869,4.31,D,2026-05-18 07:33:00
12.59489,79.29623,1.51,D,2026-05-18 07:33:00
12.71874,79.27209,2.42,D,2026-05-18 07:33:00
13.39478,80.24041,2.14,D,2026-05-18 07:35:00
13.39843,80.24189,2.78,D,2026-05-18 07:35:00
13.58046,78.79429,2.71,D,2026-05-18 07:35:00
13.69579,79.89001,5.21,D,2026-05-18 07:35:00
13.72719,79.63515,4.97,D,2026-05-18 07:35:00
13.72762,79.6397,4.73,D,2026-05-18 07:35:00
13.75696,79.71611,5.8,D,2026-05-18 07:35:00
13.83533,80.10659,5.62,D,2026-05-18 07:35:00
14.53447,77.83222,2.62,D,2026-05-18 07:35:00
14.5517,78.14246,9.26,D,2026-05-18 07:35:00
14.68081,79.59949,3.62,D,2026-05-18 07:35:00
14.77326,78.56242,2.14,D,2026-05-18 07:35:00
14.8434,77.81238,2.5,D,2026-05-18 07:35:00
14.97623,77.58659,1.78,D,2026-05-18 07:35:00
15.0711,78.36842,4.21,D,2026-05-18 07:35:00
15.21006,78.10605,3.65,D,2026-05-18 07:35:00
15.21068,78.10921,3.65,D,2026-05-18 07:35:00
15.27889,78.56361,2.74,D,2026-05-18 07:35:00
15.32809,78.44205,1.63,D,2026-05-18 07:35:00
15.33182,78.44188,3.23,D,2026-05-18 07:35:00
15.33225,78.39143,3.18,D,2026-05-18 07:35:00
15.33311,78.44102,1.63,D,2026-05-18 07:35:00
15.36084,78.24279,4.26,D,2026-05-18 07:35:00
15.40009,79.95479,3.12,D,2026-05-18 07:35:00
15.40613,78.18917,4.5,D,2026-05-18 07:35:00
15.41488,78.28604,1.68,D,2026-05-18 07:35:00
15.43834,78.16441,3.32,D,2026-05-18 07:35:00
15.44529,78.28009,2.58,D,2026-05-18 07:35:00
15.44588,78.28312,4.04,D,2026-05-18 07:35:00
15.45724,78.34071,1.51,D,2026-05-18 07:35:00
15.45849,78.40009,1.67,D,2026-05-18 07:35:00
15.50297,78.44096,3.33,D,2026-05-18 07:35:00
15.52141,78.37481,1.0,D,2026-05-18 07:35:00
15.52927,78.39591,3.65,D,2026-05-18 07:35:00
15.54678,77.8624,1.44,D,2026-05-18 07:35:00
15.58999,78.43964,2.84,D,2026-05-18 07:35:00
15.59498,78.43862,2.84,D,2026-05-18 07:35:00
15.60535,79.49046,14.69,D,2026-05-18 07:35:00
15.75195,79.89175,13.2,D,2026-05-18 07:35:00
15.75648,79.89086,13.2,D,2026-05-18 07:35:00
15.79163,80.10191,5.49,D,2026-05-18 07:35:00
15.79815,77.31138,3.06,D,2026-05-18 07:35:00
15.93558,80.07025,8.61,D,2026-05-18 07:35:00
15.93643,80.07484,8.61,D,2026-05-18 07:35:00
15.93845,77.98352,8.87,D,2026-05-18 07:35:00
15.95565,78.09676,6.25,D,2026-05-18 07:35:00
15.95626,78.09983,6.12,D,2026-05-18 07:35:00
15.97238,78.28649,8.27,D,2026-05-18 07:35:00
16.00143,78.06107,4.62,D,2026-05-18 07:35:00
16.00203,78.06415,6.67,D,2026-05-18 07:35:00
16.00447,78.06205,6.6,D,2026-05-18 07:35:00
16.02341,80.52207,5.29,D,2026-05-18 07:35:00
16.04459,80.83078,3.25,D,2026-05-18 07:35:00
16.05192,80.72668,1.89,D,2026-05-18 07:35:00
16.05326,80.53043,4.65,D,2026-05-18 07:35:00
16.056,80.529,8.77,D,2026-05-18 07:35:00
16.05758,80.52959,4.65,D,2026-05-18 07:35:00
16.06128,80.94541,2.42,D,2026-05-18 07:35:00
16.06228,80.83159,4.05,D,2026-05-18 07:35:00
16.06549,80.9446,4.28,D,2026-05-18 07:35:00
16.06561,78.28757,4.07,D,2026-05-18 07:35:00
16.08701,77.94405,6.67,D,2026-05-18 07:35:00
16.08809,77.94204,6.29,D,2026-05-18 07:35:00
16.09098,80.54076,3.5,D,2026-05-18 07:35:00
16.09974,79.88679,4.22,D,2026-05-18 07:35:00
16.1004,80.54334,5.25,D,2026-05-18 07:35:00
16.10424,79.8859,20.64,D,2026-05-18 07:35:00
16.11565,80.50488,2.12,D,2026-05-18 07:35:00
16.13875,80.77467,1.84,D,2026-05-18 07:35:00
16.14618,80.74329,4.74,D,2026-05-18 07:35:00
16.15343,78.02956,2.67,D,2026-05-18 07:35:00
16.17972,80.21681,1.9,D,2026-05-18 07:35:00
16.18139,80.86382,2.36,D,2026-05-18 07:35:00
16.18213,80.86787,2.36,D,2026-05-18 07:35:00
16.18287,80.87193,1.17,D,2026-05-18 07:35:00
16.25674,80.31443,3.21,D,2026-05-18 07:35:00
16.2845,80.83567,5.7,D,2026-05-18 07:35:00
16.28999,80.06371,8.46,D,2026-05-18 07:35:00
16.29982,80.0429,6.59,D,2026-05-18 07:35:00
16.32405,80.65054,4.7,D,2026-05-18 07:35:00
16.32482,80.65471,4.7,D,2026-05-18 07:35:00
16.32831,80.64971,15.88,D,2026-05-18 07:35:00
16.32908,80.65388,15.88,D,2026-05-18 07:35:00
16.33335,80.65304,15.88,D,2026-05-18 07:35:00
16.34162,80.33379,2.0,D,2026-05-18 07:35:00
16.34166,80.33475,2.97,D,2026-05-18 07:35:00
16.3582,78.3045,5.31,D,2026-05-18 07:35:00
16.36318,78.30354,3.48,D,2026-05-18 07:35:00
16.36372,76.59109,2.8,D,2026-05-18 07:35:00
16.36818,76.58985,4.57,D,2026-05-18 07:35:00
16.38504,80.69449,8.1,D,2026-05-18 07:35:00
16.41803,80.5981,5.32,D,2026-05-18 07:35:00
16.42308,80.60144,5.32,D,2026-05-18 07:35:00
16.4369,78.15432,2.06,D,2026-05-18 07:35:00
16.45461,78.1917,2.08,D,2026-05-18 07:35:00
16.4552,78.19471,3.82,D,2026-05-18 07:35:00
16.46936,78.26732,4.48,D,2026-05-18 07:35:00
16.4732,79.83953,6.79,D,2026-05-18 07:35:00
16.47942,79.62685,9.64,D,2026-05-18 07:35:00
16.50673,77.54758,0.9,D,2026-05-18 07:35:00
16.5109,79.793,7.03,D,2026-05-18 07:35:00
16.51274,78.22373,6.58,D,2026-05-18 07:35:00
16.51333,78.22667,6.58,D,2026-05-18 07:35:00
16.51656,80.39989,6.02,D,2026-05-18 07:35:00
16.55729,80.85573,3.67,D,2026-05-18 07:35:00
16.61177,79.75089,5.83,D,2026-05-18 07:35:00
16.61762,76.58096,1.39,D,2026-05-18 07:35:00
16.61998,76.67488,1.86,D,2026-05-18 07:35:00
16.62364,81.67334,2.51,D,2026-05-18 07:35:00
16.62428,81.67692,4.07,D,2026-05-18 07:35:00
16.66413,79.85638,9.02,D,2026-05-18 07:35:00
16.66662,81.59071,2.73,D,2026-05-18 07:35:00
16.67113,81.38104,4.2,D,2026-05-18 07:35:00
16.70388,81.76484,7.04,D,2026-05-18 07:35:00
16.71171,81.58167,2.53,D,2026-05-18 07:35:00
16.71236,81.58528,2.09,D,2026-05-18 07:35:00
16.72017,79.42609,3.65,D,2026-05-18 07:35:00
16.74738,81.183,3.9,D,2026-05-18 07:35:00
16.7514,80.99469,4.37,D,2026-05-18 07:35:00
16.76293,79.37876,8.46,D,2026-05-18 07:35:00
16.76406,81.50401,1.94,D,2026-05-18 07:35:00
16.7761,81.22459,2.34,D,2026-05-18 07:35:00
16.785,80.60655,7.16,D,2026-05-18 07:35:00
16.78767,81.24187,5.28,D,2026-05-18 07:35:00
16.79106,81.23731,2.31,D,2026-05-18 07:35:00
16.7971,81.43282,2.42,D,2026-05-18 07:35:00
16.79945,82.02554,12.91,D,2026-05-18 07:35:00
16.80382,81.4239,12.81,D,2026-05-18 07:35:00
16.82606,79.73524,4.49,D,2026-05-18 07:35:00
16.8374,81.94424,15.75,D,2026-05-18 07:35:00
16.84158,79.32368,3.26,D,2026-05-18 07:35:00
16.84929,82.05809,4.95,D,2026-05-18 07:35:00
16.87094,82.09056,5.91,D,2026-05-18 07:35:00
16.87112,82.02244,3.42,D,2026-05-18 07:35:00
16.87168,82.0928,6.82,D,2026-05-18 07:35:00
16.87496,80.8826,3.65,D,2026-05-18 07:35:00
16.8872,81.91077,10.08,D,2026-05-18 07:35:00
16.89339,80.72546,2.09,D,2026-05-18 07:35:00
16.90283,79.56908,9.55,D,2026-05-18 07:35:00
16.90694,79.09827,6.38,D,2026-05-18 07:35:00
16.9134,76.77122,3.25,D,2026-05-18 07:35:00
16.92741,80.05548,3.17,D,2026-05-18 07:35:00
16.93049,80.02802,10.9,D,2026-05-18 07:35:00
16.93125,80.027,12.43,D,2026-05-18 07:35:00
16.93588,82.04933,2.99,D,2026-05-18 07:35:00
16.95726,79.20899,4.45,D,2026-05-18 07:35:00
16.95823,79.21403,4.45,D,2026-05-18 07:35:00
16.97482,79.82685,2.58,D,2026-05-18 07:35:00
16.97721,80.84613,5.69,D,2026-05-18 07:35:00
16.98297,82.11322,13.26,D,2026-05-18 07:35:00
16.98391,82.11105,14.89,D,2026-05-18 07:35:00
16.99587,82.14178,8.05,D,2026-05-18 07:35:00
16.997,82.13955,11.31,D,2026-05-18 07:35:00
17.02164,80.10176,7.0,D,2026-05-18 07:35:00
17.02256,80.78792,3.86,D,2026-05-18 07:35:00
17.02302,76.16795,5.62,D,2026-05-18 07:35:00
17.02511,76.16705,7.06,D,2026-05-18 07:35:00
17.02617,80.2944,7.07,D,2026-05-18 07:35:00
17.03865,76.32789,2.85,D,2026-05-18 07:35:00
17.03961,80.12551,4.09,D,2026-05-18 07:35:00
17.06143,79.80618,4.58,D,2026-05-18 07:35:00
17.06994,75.26031,2.39,D,2026-05-18 07:35:00
17.07349,75.25871,3.06,D,2026-05-18 07:35:00
17.08739,80.76262,7.84,D,2026-05-18 07:35:00
17.09013,80.10287,5.78,D,2026-05-18 07:35:00
17.09074,80.12996,8.02,D,2026-05-18 07:35:00
17.09107,80.27364,10.88,D,2026-05-18 07:35:00
17.09156,80.13433,8.49,D,2026-05-18 07:35:00
17.09355,80.27226,8.15,D,2026-05-18 07:35:00
17.09379,80.44321,3.02,D,2026-05-18 07:35:00
17.09592,80.13348,8.49,D,2026-05-18 07:35:00
17.09913,80.24541,6.5,D,2026-05-18 07:35:00
17.10321,80.10033,4.19,D,2026-05-18 07:35:00
17.10403,80.1047,6.97,D,2026-05-18 07:35:00
17.10561,80.8373,5.13,D,2026-05-18 07:35:00
17.1193,79.66265,7.19,D,2026-05-18 07:35:00
17.12482,80.38114,3.31,D,2026-05-18 07:35:00
17.12909,80.38029,6.89,D,2026-05-18 07:35:00
17.13968,80.10217,8.64,D,2026-05-18 07:35:00
17.1596,79.87386,6.55,D,2026-05-18 07:35:00
17.16045,79.87836,6.55,D,2026-05-18 07:35:00
17.17528,80.27021,5.17,D,2026-05-18 07:35:00
17.17831,79.52483,3.9,D,2026-05-18 07:35:00
17.17959,80.26935,4.41,D,2026-05-18 07:35:00
17.19278,79.52688,6.01,D,2026-05-18 07:35:00
17.20838,79.6562,1.56,D,2026-05-18 07:35:00
17.22206,80.90021,6.81,D,2026-05-18 07:35:00
17.2228,80.90413,10.05,D,2026-05-18 07:35:00
17.2253,81.61168,13.71,D,2026-05-18 07:35:00
17.22684,81.60863,9.27,D,2026-05-18 07:35:00
17.22832,81.60559,5.68,D,2026-05-18 07:35:00
17.22983,81.60256,13.74,D,2026-05-18 07:35:00
17.23228,81.60484,5.68,D,2026-05-18 07:35:00
17.25702,80.46051,3.03,D,2026-05-18 07:35:00
17.27064,80.05186,2.46,D,2026-05-18 07:35:00
17.29281,77.41184,7.75,D,2026-05-18 07:35:00
17.33153,79.12234,8.56,D,2026-05-18 07:35:00
17.34398,80.85755,13.22,D,2026-05-18 07:35:00
17.34843,81.45183,3.82,D,2026-05-18 07:35:00
17.35972,78.96883,4.24,D,2026-05-18 07:35:00
17.35998,78.99541,4.71,D,2026-05-18 07:35:00
17.36466,79.882,4.49,D,2026-05-18 07:35:00
17.36769,80.63383,4.65,D,2026-05-18 07:35:00
17.37064,80.10413,5.85,D,2026-05-18 07:35:00
17.37751,77.4848,4.24,D,2026-05-18 07:35:00
17.37829,79.78528,4.96,D,2026-05-18 07:35:00
17.37961,79.41807,2.33,D,2026-05-18 07:35:00
17.39194,78.85314,2.46,D,2026-05-18 07:35:00
17.40468,80.33696,5.0,D,2026-05-18 07:35:00
17.40765,79.98854,3.32,D,2026-05-18 07:35:00
17.41412,80.62489,6.71,D,2026-05-18 07:35:00
17.42225,79.1453,2.01,D,2026-05-18 07:35:00
17.45891,80.06936,6.68,D,2026-05-18 07:35:00
17.46414,79.73631,4.96,D,2026-05-18 07:35:00
17.48937,80.28138,4.06,D,2026-05-18 07:35:00
17.49091,79.99606,8.37,D,2026-05-18 07:35:00
17.52325,79.75751,3.31,D,2026-05-18 07:35:00
17.53101,80.85561,3.85,D,2026-05-18 07:35:00
17.54563,79.99889,3.67,D,2026-05-18 07:35:00
17.57833,80.07783,4.73,D,2026-05-18 07:35:00
17.61225,83.20406,9.63,D,2026-05-18 07:35:00
17.622,79.82874,6.05,D,2026-05-18 07:35:00
17.62985,80.2033,5.37,D,2026-05-18 07:35:00
17.63257,80.85125,6.86,D,2026-05-18 07:35:00
17.63488,80.85089,3.57,D,2026-05-18 07:35:00
17.63859,79.77542,5.0,D,2026-05-18 07:35:00
17.63994,79.77835,4.27,D,2026-05-18 07:35:00
17.64091,80.36917,3.87,D,2026-05-18 07:35:00
17.65335,81.13077,3.76,D,2026-05-18 07:35:00
17.66171,80.85765,4.25,D,2026-05-18 07:35:00
17.67177,79.85265,12.44,D,2026-05-18 07:35:00
17.67216,80.49572,4.17,D,2026-05-18 07:35:00
17.67227,79.8789,5.76,D,2026-05-18 07:35:00
17.67252,79.88019,4.19,D,2026-05-18 07:35:00
17.68042,79.63449,2.44,D,2026-05-18 07:35:00
17.69235,81.84446,2.02,D,2026-05-18 07:35:00
17.70118,80.6759,1.82,D,2026-05-18 07:35:00
17.71525,79.44521,11.67,D,2026-05-18 07:35:00
17.7192,79.29562,13.17,D,2026-05-18 07:35:00
17.7214,79.87472,4.27,D,2026-05-18 07:35:00
17.72359,80.21622,7.88,D,2026-05-18 07:35:00
17.72527,80.21497,2.93,D,2026-05-18 07:35:00
17.73621,80.23585,2.61,D,2026-05-18 07:35:00
17.73626,74.58184,3.67,D,2026-05-18 07:35:00
17.73774,80.23463,4.49,D,2026-05-18 07:35:00
17.73987,80.04396,3.8,D,2026-05-18 07:35:00
17.74048,80.23502,2.61,D,2026-05-18 07:35:00
17.74399,79.75987,3.53,D,2026-05-18 07:35:00
17.74509,79.75854,2.39,D,2026-05-18 07:35:00
17.757,79.82688,2.54,D,2026-05-18 07:35:00
17.7587,78.20603,3.35,D,2026-05-18 07:35:00
17.76214,78.21043,1.47,D,2026-05-18 07:35:00
17.7747,79.77697,2.9,D,2026-05-18 07:35:00
17.77909,79.77608,2.9,D,2026-05-18 07:35:00
17.81247,79.90311,2.72,D,2026-05-18 07:35:00
17.81335,78.08609,3.4,D,2026-05-18 07:35:00
17.81793,78.10907,1.08,D,2026-05-18 07:35:00
17.84623,79.81804,2.69,D,2026-05-18 07:35:00
17.85099,80.47331,3.67,D,2026-05-18 07:35:00
17.86071,79.26907,3.46,D,2026-05-18 07:35:00
17.86309,79.78804,3.78,D,2026-05-18 07:35:00
17.87768,79.81626,5.1,D,2026-05-18 07:35:00
17.87787,79.81745,6.61,D,2026-05-18 07:35:00
17.88062,79.78452,3.91,D,2026-05-18 07:35:00
17.88148,79.78899,3.91,D,2026-05-18 07:35:00
17.89215,79.9188,6.15,D,2026-05-18 07:35:00
17.90371,77.55962,3.82,D,2026-05-18 07:35:00
17.91505,78.34642,3.44,D,2026-05-18 07:35:00
17.91868,78.34875,3.72,D,2026-05-18 07:35:00
17.92099,80.24274,4.86,D,2026-05-18 07:35:00
17.92596,79.66298,2.79,D,2026-05-18 07:35:00
17.92695,73.7409,5.43,D,2026-05-18 07:35:00
17.92791,73.74521,5.43,D,2026-05-18 07:35:00
17.92871,73.74189,9.63,D,2026-05-18 07:35:00
17.93247,79.86598,4.17,D,2026-05-18 07:35:00
17.93261,81.81398,19.81,D,2026-05-18 07:35:00
17.93469,79.80589,10.71,D,2026-05-18 07:35:00
17.94337,78.44666,3.53,D,2026-05-18 07:35:00
17.94383,78.44363,1.48,D,2026-05-18 07:35:00
17.94799,80.06612,3.39,D,2026-05-18 07:35:00
17.9486,80.78564,4.26,D,2026-05-18 07:35:00
17.95269,80.78477,4.26,D,2026-05-18 07:35:00
17.95278,78.16666,3.92,D,2026-05-18 07:35:00
17.95751,80.78779,6.61,D,2026-05-18 07:35:00
17.95763,78.1656,3.92,D,2026-05-18 07:35:00
17.95763,80.04633,2.92,D,2026-05-18 07:35:00
17.95832,77.9051,10.11,D,2026-05-18 07:35:00
17.9653,80.13393,5.47,D,2026-05-18 07:35:00
17.98253,79.75081,6.91,D,2026-05-18 07:35:00
17.98531,79.69417,7.85,D,2026-05-18 07:35:00
17.99941,82.78013,7.02,D,2026-05-18 07:35:00
18.00205,79.68613,16.42,D,2026-05-18 07:35:00
18.00816,79.6942,2.51,D,2026-05-18 07:35:00
18.01134,79.7587,3.54,D,2026-05-18 07:35:00
18.0185,80.67873,3.27,D,2026-05-18 07:35:00
18.01995,79.78004,2.42,D,2026-05-18 07:35:00
18.0276,80.84547,5.09,D,2026-05-18 07:35:00
18.02834,80.65253,6.52,D,2026-05-18 07:35:00
18.03078,80.65205,5.7,D,2026-05-18 07:35:00
18.03093,79.83772,3.5,D,2026-05-18 07:35:00
18.04515,79.67245,3.8,D,2026-05-18 07:35:00
18.04955,79.67153,3.8,D,2026-05-18 07:35:00
18.05293,79.68956,15.87,D,2026-05-18 07:35:00
18.06047,78.13486,5.68,D,2026-05-18 07:35:00
18.06495,78.08044,6.97,D,2026-05-18 07:35:00
18.06532,78.13377,9.41,D,2026-05-18 07:35:00
18.06644,78.13944,3.13,D,2026-05-18 07:35:00
18.06718,78.08351,4.48,D,2026-05-18 07:35:00
18.07243,77.52018,5.39,D,2026-05-18 07:35:00
18.07301,79.69942,5.9,D,2026-05-18 07:35:00
18.07313,78.17338,3.58,D,2026-05-18 07:35:00
18.07615,78.13737,8.39,D,2026-05-18 07:35:00
18.07726,78.14303,8.39,D,2026-05-18 07:35:00
18.07878,78.1403,14.06,D,2026-05-18 07:35:00
18.09487,79.72068,1.72,D,2026-05-18 07:35:00
18.10958,79.93784,4.28,D,2026-05-18 07:35:00
18.1098,79.70353,3.92,D,2026-05-18 07:35:00
18.1103,80.63204,4.43,D,2026-05-18 07:35:00
18.11225,79.93517,3.17,D,2026-05-18 07:35:00
18.12595,80.60026,2.59,D,2026-05-18 07:35:00
18.12692,80.6001,2.96,D,2026-05-18 07:35:00
18.13829,77.82597,2.3,D,2026-05-18 07:35:00
18.13878,77.82507,6.04,D,2026-05-18 07:35:00
18.14036,80.62589,5.85,D,2026-05-18 07:35:00
18.15709,80.57764,3.54,D,2026-05-18 07:35:00
18.17555,79.78715,7.29,D,2026-05-18 07:35:00
18.18115,77.75368,12.79,D,2026-05-18 07:35:00
18.18486,80.35339,7.07,D,2026-05-18 07:35:00
18.18533,80.35591,2.83,D,2026-05-18 07:35:00
18.18952,80.35503,2.01,D,2026-05-18 07:35:00
18.19802,77.81187,7.95,D,2026-05-18 07:35:00
18.1992,77.81776,17.48,D,2026-05-18 07:35:00
18.20429,77.6879,3.83,D,2026-05-18 07:35:00
18.2065,77.82848,7.77,D,2026-05-18 07:35:00
18.20716,79.69357,1.6,D,2026-05-18 07:35:00
18.20861,77.68819,13.36,D,2026-05-18 07:35:00
18.20928,77.68689,3.83,D,2026-05-18 07:35:00
18.25683,79.38565,7.8,D,2026-05-18 07:35:00
18.25968,78.09512,10.11,D,2026-05-18 07:35:00
18.26039,79.38004,12.47,D,2026-05-18 07:35:00
18.2659,79.62186,6.34,D,2026-05-18 07:35:00
18.26708,79.62495,4.9,D,2026-05-18 07:35:00
18.26737,82.51541,6.36,D,2026-05-18 07:35:00
18.2716,77.92392,6.13,D,2026-05-18 07:35:00
18.27321,77.92749,3.57,D,2026-05-18 07:35:00
18.29292,78.43806,9.48,D,2026-05-18 07:35:00
18.29317,83.9286,4.56,D,2026-05-18 07:35:00
18.32011,79.88525,7.69,D,2026-05-18 07:35:00
18.3208,79.88161,3.45,D,2026-05-18 07:35:00
18.32163,79.88593,3.45,D,2026-05-18 07:35:00
18.33548,84.01136,8.07,D,2026-05-18 07:35:00
18.35079,77.98357,11.86,D,2026-05-18 07:35:00
18.35468,79.25914,13.44,D,2026-05-18 07:35:00
18.35567,77.98251,11.86,D,2026-05-18 07:35:00
18.35719,79.55724,6.51,D,2026-05-18 07:35:00
18.3581,77.86607,6.6,D,2026-05-18 07:35:00
18.35842,79.55568,5.06,D,2026-05-18 07:35:00
18.35895,77.86375,4.4,D,2026-05-18 07:35:00
18.36016,77.86961,4.4,D,2026-05-18 07:35:00
18.36278,77.62942,7.77,D,2026-05-18 07:35:00
18.36547,79.68995,2.99,D,2026-05-18 07:35:00
18.36983,79.68906,2.99,D,2026-05-18 07:35:00
18.37636,77.82332,6.76,D,2026-05-18 07:35:00
18.38182,79.4236,7.8,D,2026-05-18 07:35:00
18.388,79.5033,3.14,D,2026-05-18 07:35:00
18.38976,79.3203,4.02,D,2026-05-18 07:35:00
18.39352,78.54673,3.94,D,2026-05-18 07:35:00
18.4037,83.76795,3.91,D,2026-05-18 07:35:00
18.41553,77.83936,5.32,D,2026-05-18 07:35:00
18.43286,80.49852,4.97,D,2026-05-18 07:35:00
18.43358,80.50249,6.14,D,2026-05-18 07:35:00
18.43436,80.49847,2.72,D,2026-05-18 07:35:00
18.43511,80.50243,4.41,D,2026-05-18 07:35:00
18.46715,78.81911,11.15,D,2026-05-18 07:35:00
18.47227,79.15783,6.95,D,2026-05-18 07:35:00
18.50047,79.35323,6.64,D,2026-05-18 07:35:00
18.50219,79.43435,4.42,D,2026-05-18 07:35:00
18.50308,79.43894,5.95,D,2026-05-18 07:35:00
18.50662,79.43341,4.94,D,2026-05-18 07:35:00
18.5075,79.43799,5.9,D,2026-05-18 07:35:00
18.53471,78.21072,6.87,D,2026-05-18 07:35:00
18.55125,79.27133,8.1,D,2026-05-18 07:35:00
18.58979,77.75336,9.09,D,2026-05-18 07:35:00
18.59324,79.6512,1.91,D,2026-05-18 07:35:00
18.59338,79.65,2.65,D,2026-05-18 07:35:00
18.59471,77.75227,9.09,D,2026-05-18 07:35:00
18.60636,81.80159,1.73,D,2026-05-18 07:35:00
18.62055,79.86703,2.58,D,2026-05-18 07:35:00
18.62574,83.02633,6.76,D,2026-05-18 07:35:00
18.6539,78.4178,15.97,D,2026-05-18 07:35:00
18.66582,83.04488,8.0,D,2026-05-18 07:35:00
18.67964,78.37344,16.8,D,2026-05-18 07:35:00
18.67979,78.3707,16.2,D,2026-05-18 07:35:00
18.72008,78.63202,5.33,D,2026-05-18 07:35:00
18.72205,78.6286,8.42,D,2026-05-18 07:35:00
18.72471,78.63094,8.18,D,2026-05-18 07:35:00
18.7289,78.75197,14.12,D,2026-05-18 07:35:00
18.73073,78.69571,3.05,D,2026-05-18 07:35:00
18.73192,78.69315,8.02,D,2026-05-18 07:35:00
18.73359,83.75185,4.08,D,2026-05-18 07:35:00
18.7351,78.08451,2.99,D,2026-05-18 07:35:00
18.73534,78.69469,3.05,D,2026-05-18 07:35:00
18.73635,78.69975,3.05,D,2026-05-18 07:35:00
18.73726,78.08525,6.74,D,2026-05-18 07:35:00
18.75878,78.10242,4.76,D,2026-05-18 07:35:00
18.78381,83.79616,4.34,D,2026-05-18 07:35:00
18.78437,77.41164,7.31,D,2026-05-18 07:35:00
18.78644,77.87634,13.64,D,2026-05-18 07:35:00
18.7866,78.78325,3.67,D,2026-05-18 07:35:00
18.80844,78.42532,8.58,D,2026-05-18 07:35:00
18.80873,78.42373,7.08,D,2026-05-18 07:35:00
18.80894,78.10304,4.1,D,2026-05-18 07:35:00
18.80946,78.43058,9.78,D,2026-05-18 07:35:00
18.80979,78.42896,7.08,D,2026-05-18 07:35:00
18.81179,78.9826,7.22,D,2026-05-18 07:35:00
18.81345,77.97363,7.09,D,2026-05-18 07:35:00
18.81596,77.97074,8.1,D,2026-05-18 07:35:00
18.81632,78.0898,4.21,D,2026-05-18 07:35:00
18.81649,78.38909,2.92,D,2026-05-18 07:35:00
18.83299,78.27427,4.47,D,2026-05-18 07:35:00
18.84917,78.67345,10.89,D,2026-05-18 07:35:00
18.84974,78.16055,7.93,D,2026-05-18 07:35:00
18.85068,78.16286,6.19,D,2026-05-18 07:35:00
18.85173,78.67464,16.58,D,2026-05-18 07:35:00
18.85378,78.6724,9.04,D,2026-05-18 07:35:00
18.87304,78.7208,6.36,D,2026-05-18 07:35:00
18.87501,78.7307,3.37,D,2026-05-18 07:35:00
18.88333,78.34989,5.94,D,2026-05-18 07:35:00
18.88356,79.22932,5.42,D,2026-05-18 07:35:00
18.88612,78.26815,7.66,D,2026-05-18 07:35:00
18.88705,78.27098,8.76,D,2026-05-18 07:35:00
18.89175,78.3728,10.2,D,2026-05-18 07:35:00
18.89339,78.37527,10.71,D,2026-05-18 07:35:00
18.89495,78.51398,2.66,D,2026-05-18 07:35:00
18.89858,78.50773,2.69,D,2026-05-18 07:35:00
18.93342,82.72228,6.97,D,2026-05-18 07:35:00
18.95684,79.51381,3.97,D,2026-05-18 07:35:00
19.09047,78.98283,6.8,D,2026-05-18 07:35:00
19.11116,78.96843,5.96,D,2026-05-18 07:35:00
19.21405,81.26255,3.74,D,2026-05-18 07:35:00
19.50101,83.45116,6.27,D,2026-05-18 07:35:00
19.56468,83.26957,11.03,D,2026-05-18 07:35:00
19.96917,83.82978,3.14,D,2026-05-18 07:35:00
20.1273,86.45314,1.48,D,2026-05-18 07:35:00
20.16267,86.39443,2.42,D,2026-05-18 07:35:00
18.77677,74.13764,3.97,D,2026-05-18 07:37:00
18.77845,74.1384,5.41,D,2026-05-18 07:37:00
18.82655,76.82127,4.38,D,2026-05-18 07:37:00
18.85565,76.3404,6.86,D,2026-05-18 07:37:00
18.98927,78.01793,4.35,D,2026-05-18 07:37:00
19.03404,78.04641,5.98,D,2026-05-18 07:37:00
19.03539,78.04842,4.48,D,2026-05-18 07:37:00
19.05084,78.22692,9.4,D,2026-05-18 07:37:00
19.05277,78.00974,12.32,D,2026-05-18 07:37:00
19.07798,78.13951,8.95,D,2026-05-18 07:37:00
19.07862,78.14171,8.08,D,2026-05-18 07:37:00
19.1076,77.91396,7.64,D,2026-05-18 07:37:00
19.1119,78.96994,4.12,D,2026-05-18 07:37:00
19.11204,78.08651,6.61,D,2026-05-18 07:37:00
19.11353,77.91848,7.64,D,2026-05-18 07:37:00
19.11681,78.08549,6.61,D,2026-05-18 07:37:00
19.12011,78.10199,9.68,D,2026-05-18 07:37:00
19.13276,77.99007,17.14,D,2026-05-18 07:37:00
19.13349,78.96039,4.37,D,2026-05-18 07:37:00
19.13558,77.98811,18.61,D,2026-05-18 07:37:00
19.14555,78.2542,9.0,D,2026-05-18 07:37:00
19.15521,78.00244,7.72,D,2026-05-18 07:37:00
19.15924,78.10343,7.12,D,2026-05-18 07:37:00
19.17365,78.00291,12.89,D,2026-05-18 07:37:00
19.1757,77.93886,23.75,D,2026-05-18 07:37:00
19.18051,77.93784,13.68,D,2026-05-18 07:37:00
19.18532,77.93679,13.68,D,2026-05-18 07:37:00
19.19751,77.92245,21.11,D,2026-05-18 07:37:00
19.20955,78.27765,5.75,D,2026-05-18 07:37:00
19.2131,78.27293,7.48,D,2026-05-18 07:37:00
19.22845,73.56858,5.28,D,2026-05-18 07:37:00
19.24199,77.9744,21.54,D,2026-05-18 07:37:00
19.32782,78.20097,16.73,D,2026-05-18 07:37:00
19.36482,73.49088,3.82,D,2026-05-18 07:37:00
19.36684,73.48714,6.37,D,2026-05-18 07:37:00
19.39768,78.4528,7.92,D,2026-05-18 07:37:00
19.41554,78.59128,5.7,D,2026-05-18 07:37:00
19.46142,79.03638,8.24,D,2026-05-18 07:37:00
19.46421,79.03874,10.57,D,2026-05-18 07:37:00
19.53254,74.67101,1.49,D,2026-05-18 07:37:00
19.57631,80.14195,5.82,D,2026-05-18 07:37:00
19.62374,79.93312,1.75,D,2026-05-18 07:37:00
19.62802,79.93295,2.18,D,2026-05-18 07:37:00
19.62881,79.93707,6.97,D,2026-05-18 07:37:00
19.70535,78.57632,9.74,D,2026-05-18 07:37:00
19.70636,78.58134,22.32,D,2026-05-18 07:37:00
19.70678,78.57783,29.03,D,2026-05-18 07:37:00
19.70992,78.57533,9.74,D,2026-05-18 07:37:00
19.71453,75.88741,4.78,D,2026-05-18 07:37:00
19.72268,79.87907,1.43,D,2026-05-18 07:37:00
19.72408,73.22495,6.91,D,2026-05-18 07:37:00
19.72535,73.23048,10.68,D,2026-05-18 07:37:00
19.72653,73.22676,7.93,D,2026-05-18 07:37:00
19.74147,73.41586,6.63,D,2026-05-18 07:37:00
19.75392,79.86407,3.17,D,2026-05-18 07:37:00
19.77608,80.8758,2.89,D,2026-05-18 07:37:00
19.77678,79.91515,4.74,D,2026-05-18 07:37:00
19.78098,79.91428,4.74,D,2026-05-18 07:37:00
19.79989,77.57446,17.09,D,2026-05-18 07:37:00
19.95711,78.67548,10.1,D,2026-05-18 07:37:00
19.96002,78.69006,10.83,D,2026-05-18 07:37:00
19.96474,79.33325,3.99,D,2026-05-18 07:37:00
19.98845,76.87257,17.44,D,2026-05-18 07:37:00
19.99175,79.85477,6.71,D,2026-05-18 07:37:00
20.07526,79.88018,6.33,D,2026-05-18 07:37:00
20.20308,80.6508,2.72,D,2026-05-18 07:37:00
20.23424,79.68887,3.36,D,2026-05-18 07:37:00
20.23463,79.68813,1.92,D,2026-05-18 07:37:00
20.27506,80.08893,4.8,D,2026-05-18 07:37:00
20.29378,76.45743,8.46,D,2026-05-18 07:37:00
20.31857,79.67103,6.15,D,2026-05-18 07:37:00
20.31936,79.67524,6.16,D,2026-05-18 07:37:00
20.32086,74.75038,8.76,D,2026-05-18 07:37:00
20.32155,74.75102,6.63,D,2026-05-18 07:37:00
20.33717,79.83882,3.03,D,2026-05-18 07:37:00
20.34344,80.50142,1.92,D,2026-05-18 07:37:00
20.40596,75.74946,7.31,D,2026-05-18 07:37:00
20.40919,80.7918,4.17,D,2026-05-18 07:37:00
20.42551,78.24736,19.91,D,2026-05-18 07:37:00
20.45249,86.50381,6.4,D,2026-05-18 07:37:00
20.48561,80.18695,3.37,D,2026-05-18 07:37:00
20.50157,79.87708,4.49,D,2026-05-18 07:37:00
20.52269,80.2949,1.7,D,2026-05-18 07:37:00
20.54089,79.22097,42.61,D,2026-05-18 07:37:00
20.63122,86.58759,6.9,D,2026-05-18 07:37:00
20.63227,80.32008,3.09,D,2026-05-18 07:37:00
20.6327,84.09683,3.78,D,2026-05-18 07:37:00
20.63455,86.58703,4.01,D,2026-05-18 07:37:00
20.63879,80.02615,4.68,D,2026-05-18 07:37:00
20.64486,80.29774,4.36,D,2026-05-18 07:37:00
20.65309,80.22881,3.8,D,2026-05-18 07:37:00
20.70658,86.64378,1.76,D,2026-05-18 07:37:00
20.71389,86.46365,2.1,D,2026-05-18 07:37:00
20.72596,80.10521,2.64,D,2026-05-18 07:37:00
20.74274,75.9107,8.18,D,2026-05-18 07:37:00
20.74369,80.10951,4.44,D,2026-05-18 07:37:00
20.78155,80.15769,3.09,D,2026-05-18 07:37:00
20.78498,81.28158,4.95,D,2026-05-18 07:37:00
20.7863,86.61133,5.04,D,2026-05-18 07:37:00
20.80374,79.14581,11.73,D,2026-05-18 07:37:00
20.80633,79.15897,7.39,D,2026-05-18 07:37:00
20.80719,79.16333,7.39,D,2026-05-18 07:37:00
20.80805,79.14488,12.55,D,2026-05-18 07:37:00
20.91507,77.88139,17.01,D,2026-05-18 07:37:00
20.92041,86.62674,2.54,D,2026-05-18 07:37:00
20.95261,86.04752,3.84,D,2026-05-18 07:37:00
20.96291,85.1885,12.89,D,2026-05-18 07:37:00
20.96359,86.00786,9.16,D,2026-05-18 07:37:00
20.96415,86.01154,6.02,D,2026-05-18 07:37:00
20.96781,85.17625,6.81,D,2026-05-18 07:37:00
20.97054,85.17197,6.81,D,2026-05-18 07:37:00
20.97112,85.17566,6.81,D,2026-05-18 07:37:00
20.97124,85.15633,7.78,D,2026-05-18 07:37:00
20.97169,85.17936,5.12,D,2026-05-18 07:37:00
21.00676,80.06303,3.05,D,2026-05-18 07:37:00
21.0075,80.06691,3.9,D,2026-05-18 07:37:00
21.10511,72.6367,6.39,D,2026-05-18 07:37:00
21.10775,72.64788,6.9,D,2026-05-18 07:37:00
21.10836,72.64493,7.24,D,2026-05-18 07:37:00
21.11578,81.32872,5.82,D,2026-05-18 07:37:00
21.17078,75.87703,8.78,D,2026-05-18 07:37:00
21.17917,85.75858,2.56,D,2026-05-18 07:37:00
21.26847,79.63229,4.81,D,2026-05-18 07:37:00
21.28892,76.63166,5.32,D,2026-05-18 07:37:00
21.31232,79.49564,19.68,D,2026-05-18 07:37:00
21.34577,78.16301,20.98,D,2026-05-18 07:37:00
21.38736,79.50108,14.35,D,2026-05-18 07:37:00
21.47642,85.5099,13.97,D,2026-05-18 07:37:00
21.53937,85.54433,3.25,D,2026-05-18 07:37:00
21.54131,85.33922,22.98,D,2026-05-18 07:37:00
21.55681,76.67025,14.54,D,2026-05-18 07:37:00
21.55745,76.67329,13.99,D,2026-05-18 07:37:00
21.56162,76.02312,1.1,D,2026-05-18 07:37:00
21.56242,76.67216,14.61,D,2026-05-18 07:37:00
21.56637,76.02033,6.8,D,2026-05-18 07:37:00
21.56673,76.02161,4.39,D,2026-05-18 07:37:00
21.5671,76.02369,10.06,D,2026-05-18 07:37:00
21.56743,76.02493,8.02,D,2026-05-18 07:37:00
21.58073,75.04633,5.14,D,2026-05-18 07:37:00
21.62018,83.95106,10.94,D,2026-05-18 07:37:00
21.82074,76.84178,16.93,D,2026-05-18 07:37:00
21.8256,76.84051,17.88,D,2026-05-18 07:37:00
21.85971,83.6353,6.53,D,2026-05-18 07:37:00
21.90349,79.99937,5.29,D,2026-05-18 07:37:00
21.92095,83.35086,6.45,D,2026-05-18 07:37:00
21.94156,76.7491,15.43,D,2026-05-18 07:37:00
21.94166,76.74705,24.45,D,2026-05-18 07:37:00
22.01171,84.20985,3.14,D,2026-05-18 07:37:00
22.04705,77.33791,8.63,D,2026-05-18 07:37:00
22.0553,88.12476,6.48,D,2026-05-18 07:37:00
22.05892,72.91902,2.58,D,2026-05-18 07:37:00
22.07028,72.69312,6.91,D,2026-05-18 07:37:00
22.09844,76.4616,7.37,D,2026-05-18 07:37:00
22.0991,76.46468,7.37,D,2026-05-18 07:37:00
22.09925,76.45999,7.27,D,2026-05-18 07:37:00
22.0999,76.4631,12.35,D,2026-05-18 07:37:00
22.11134,77.31462,14.39,D,2026-05-18 07:37:00
22.11602,77.31335,14.39,D,2026-05-18 07:37:00
22.1172,77.31906,14.39,D,2026-05-18 07:37:00
22.15405,78.58228,17.69,D,2026-05-18 07:37:00
22.22957,76.98001,12.76,D,2026-05-18 07:37:00
22.23457,78.01118,19.57,D,2026-05-18 07:37:00
22.32849,75.99796,2.85,D,2026-05-18 07:37:00
22.34942,76.54136,6.71,D,2026-05-18 07:37:00
22.3779,87.2797,9.44,D,2026-05-18 07:37:00
22.45242,80.09167,10.01,D,2026-05-18 07:37:00
22.46707,75.60132,9.43,D,2026-05-18 07:37:00
22.47085,80.19069,21.24,D,2026-05-18 07:37:00
22.5141,78.61203,6.58,D,2026-05-18 07:37:00
22.57616,79.54737,16.41,D,2026-05-18 07:37:00
22.6357,85.12404,2.08,D,2026-05-18 07:37:00
22.70054,85.1926,1.63,D,2026-05-18 07:37:00
22.71671,85.34257,5.65,D,2026-05-18 07:37:00
22.72695,85.29855,6.65,D,2026-05-18 07:37:00
22.94102,85.63976,10.54,D,2026-05-18 07:37:00
23.04815,75.39138,1.97,D,2026-05-18 07:37:00
23.14296,81.26121,5.34,D,2026-05-18 07:37:00
23.14505,81.25868,4.2,D,2026-05-18 07:37:00
23.18201,81.23136,10.49,D,2026-05-18 07:37:00
23.21504,76.33859,23.65,D,2026-05-18 07:37:00
23.21857,78.40795,11.3,D,2026-05-18 07:37:00
23.30192,73.58047,2.52,D,2026-05-18 07:37:00
23.36076,73.42239,1.51,D,2026-05-18 07:37:00
23.36267,73.4212,1.12,D,2026-05-18 07:37:00
23.38423,73.6715,3.01,D,2026-05-18 07:37:00
23.38629,84.05306,4.15,D,2026-05-18 07:37:00
23.4149,79.20506,18.73,D,2026-05-18 07:37:00
23.41569,79.20909,18.73,D,2026-05-18 07:37:00
23.41648,79.21308,37.98,D,2026-05-18 07:37:00
23.41727,79.20825,12.24,D,2026-05-18 07:37:00
23.41803,79.21225,46.26,D,2026-05-18 07:37:00
23.42539,69.81722,6.0,D,2026-05-18 07:37:00
23.42735,69.82471,11.76,D,2026-05-18 07:37:00
23.53584,80.99071,10.51,D,2026-05-18 07:37:00
23.5726,79.52012,13.92,D,2026-05-18 07:37:00
23.57661,79.51927,13.92,D,2026-05-18 07:37:00
23.59189,77.87014,22.05,D,2026-05-18 07:37:00
23.59324,77.86797,19.0,D,2026-05-18 07:37:00
23.59418,77.87273,22.58,D,2026-05-18 07:37:00
23.59631,77.86909,13.73,D,2026-05-18 07:37:00
23.60641,78.73814,19.4,D,2026-05-18 07:37:00
23.63961,80.39584,6.36,D,2026-05-18 07:37:00
23.64816,85.43762,5.21,D,2026-05-18 07:37:00
23.64872,85.44138,2.66,D,2026-05-18 07:37:00
23.65884,78.76306,25.21,D,2026-05-18 07:37:00
23.65902,78.7613,21.6,D,2026-05-18 07:37:00
23.6702,86.5695,4.28,D,2026-05-18 07:37:00
23.67065,86.93745,3.33,D,2026-05-18 07:37:00
23.67094,86.56947,3.64,D,2026-05-18 07:37:00
23.6767,86.08523,3.28,D,2026-05-18 07:37:00
23.68337,86.08408,4.74,D,2026-05-18 07:37:00
23.68405,86.39571,3.95,D,2026-05-18 07:37:00
23.71259,86.4505,3.36,D,2026-05-18 07:37:00
23.71318,73.97018,3.68,D,2026-05-18 07:37:00
23.71521,73.96951,5.27,D,2026-05-18 07:37:00
23.7294,86.44764,4.55,D,2026-05-18 07:37:00
23.7378,86.43427,12.51,D,2026-05-18 07:37:00
23.75928,78.85329,14.62,D,2026-05-18 07:37:00
23.76228,86.40237,6.48,D,2026-05-18 07:37:00
23.7662,86.40568,3.16,D,2026-05-18 07:37:00
23.77205,73.95944,6.94,D,2026-05-18 07:37:00
23.77407,86.36459,5.5,D,2026-05-18 07:37:00
23.77616,81.27863,32.3,D,2026-05-18 07:37:00
23.77677,78.94389,18.15,D,2026-05-18 07:37:00
23.77913,86.20927,8.61,D,2026-05-18 07:37:00
23.78132,86.39116,6.82,D,2026-05-18 07:37:00
23.79645,86.35282,3.11,D,2026-05-18 07:37:00
23.79981,86.35224,3.11,D,2026-05-18 07:37:00
23.80372,86.33172,6.44,D,2026-05-18 07:37:00
23.83263,78.251,19.09,D,2026-05-18 07:37:00
23.84033,78.13062,22.37,D,2026-05-18 07:37:00
23.90331,79.76147,26.2,D,2026-05-18 07:37:00
23.99958,77.6156,10.17,D,2026-05-18 07:37:00
23.99982,77.85912,18.44,D,2026-05-18 07:37:00
24.04133,82.99449,4.61,D,2026-05-18 07:37:00
24.06211,73.92301,11.97,D,2026-05-18 07:37:00
24.07958,74.32191,10.03,D,2026-05-18 07:37:00
24.13098,81.33252,11.78,D,2026-05-18 07:37:00
24.13546,77.65617,14.37,D,2026-05-18 07:37:00
24.13988,77.65507,14.37,D,2026-05-18 07:37:00
24.20309,74.76811,9.42,D,2026-05-18 07:37:00
24.2546,74.80669,4.98,D,2026-05-18 07:37:00
24.27603,76.7072,21.32,D,2026-05-18 07:37:00
24.29233,78.65516,7.06,D,2026-05-18 07:37:00
24.29256,78.65565,8.24,D,2026-05-18 07:37:00
24.34009,88.42323,2.39,D,2026-05-18 07:37:00
24.35784,80.81379,10.59,D,2026-05-18 07:37:00
24.36675,79.58093,30.11,D,2026-05-18 07:37:00
24.36707,78.52444,6.28,D,2026-05-18 07:37:00
24.42171,73.88474,5.18,D,2026-05-18 07:37:00
24.42615,80.39616,24.28,D,2026-05-18 07:37:00
24.42727,73.88343,8.4,D,2026-05-18 07:37:00
24.42818,73.88741,16.32,D,2026-05-18 07:37:00
24.43281,73.88203,8.4,D,2026-05-18 07:37:00
24.44677,77.73251,18.36,D,2026-05-18 07:37:00
24.46599,74.07664,5.29,D,2026-05-18 07:37:00
24.48646,75.69997,9.49,D,2026-05-18 07:37:00
24.49918,79.27949,16.26,D,2026-05-18 07:37:00
24.50791,79.23742,10.31,D,2026-05-18 07:37:00
24.50858,79.23714,7.82,D,2026-05-18 07:37:00
24.51574,78.94923,12.03,D,2026-05-18 07:37:00
24.53204,79.27175,18.61,D,2026-05-18 07:37:00
24.53664,87.45604,3.55,D,2026-05-18 07:37:00
24.5434,77.51546,16.26,D,2026-05-18 07:37:00
24.61146,81.20654,12.03,D,2026-05-18 07:37:00
24.66394,79.3047,7.26,D,2026-05-18 07:37:00
24.67634,80.83114,15.51,D,2026-05-18 07:37:00
24.6917,81.33712,11.9,D,2026-05-18 07:37:00
24.6956,74.12418,3.45,D,2026-05-18 07:37:00
24.70729,73.95016,4.66,D,2026-05-18 07:37:00
24.70785,73.95053,6.0,D,2026-05-18 07:37:00
24.74891,77.24718,15.26,D,2026-05-18 07:37:00
24.7631,77.06133,21.13,D,2026-05-18 07:37:00
24.77403,80.54891,14.94,D,2026-05-18 07:37:00
24.77542,84.50605,3.79,D,2026-05-18 07:37:00
24.77775,80.54811,14.94,D,2026-05-18 07:37:00
24.78524,74.85435,8.83,D,2026-05-18 07:37:00
24.78866,80.39668,27.49,D,2026-05-18 07:37:00
24.78949,74.85168,12.68,D,2026-05-18 07:37:00
24.79029,74.85519,12.68,D,2026-05-18 07:37:00
24.79039,74.85285,11.31,D,2026-05-18 07:37:00
24.79118,74.85642,11.31,D,2026-05-18 07:37:00
24.8494,84.24274,5.21,D,2026-05-18 07:37:00
24.85514,73.72337,6.53,D,2026-05-18 07:37:00
24.85679,73.72305,7.16,D,2026-05-18 07:37:00
24.89214,78.98691,14.79,D,2026-05-18 07:37:00
24.90978,80.61202,15.9,D,2026-05-18 07:37:00
24.91348,80.61122,15.9,D,2026-05-18 07:37:00
24.91748,74.06283,2.54,D,2026-05-18 07:37:00
24.98618,81.30931,5.96,D,2026-05-18 07:37:00
25.0912,81.91703,24.36,D,2026-05-18 07:37:00
25.09135,82.31597,55.31,D,2026-05-18 07:37:00
25.09408,82.31114,9.72,D,2026-05-18 07:37:00
25.09478,82.31525,8.44,D,2026-05-18 07:37:00
25.13768,81.76624,9.9,D,2026-05-18 07:37:00
25.18691,77.8819,6.89,D,2026-05-18 07:37:00
25.19452,84.41251,11.27,D,2026-05-18 07:37:00
25.22241,73.79025,4.21,D,2026-05-18 07:37:00
25.22356,73.78979,3.42,D,2026-05-18 07:37:00
25.23145,76.82767,17.2,D,2026-05-18 07:37:00
25.23219,76.8251,24.06,D,2026-05-18 07:37:00
25.26209,84.38817,7.25,D,2026-05-18 07:37:00
25.26268,84.39196,7.25,D,2026-05-18 07:37:00
25.26539,84.38755,7.25,D,2026-05-18 07:37:00
25.26598,84.39134,7.25,D,2026-05-18 07:37:00
25.27563,73.07066,10.48,D,2026-05-18 07:37:00
25.27626,73.07361,10.08,D,2026-05-18 07:37:00
25.29495,77.92262,17.91,D,2026-05-18 07:37:00
25.29921,77.92159,16.61,D,2026-05-18 07:37:00
25.30009,77.92601,12.06,D,2026-05-18 07:37:00
25.30098,77.93041,12.06,D,2026-05-18 07:37:00
25.30862,77.92397,31.16,D,2026-05-18 07:37:00
25.33098,77.83394,14.97,D,2026-05-18 07:37:00
25.33227,77.83137,19.66,D,2026-05-18 07:37:00
25.34472,76.15213,9.91,D,2026-05-18 07:37:00
25.36741,77.82754,15.46,D,2026-05-18 07:37:00
25.40401,84.47473,10.58,D,2026-05-18 07:37:00
25.41817,79.05985,14.12,D,2026-05-18 07:37:00
25.49263,76.32966,12.45,D,2026-05-18 07:37:00
25.58896,78.43192,9.44,D,2026-05-18 07:37:00
25.5957,77.76404,9.49,D,2026-05-18 07:37:00
25.59659,77.76842,9.49,D,2026-05-18 07:37:00
25.60625,77.88282,6.89,D,2026-05-18 07:37:00
25.66295,78.41424,6.0,D,2026-05-18 07:37:00
25.73211,79.03455,10.89,D,2026-05-18 07:37:00
25.74626,79.53265,15.5,D,2026-05-18 07:37:00
25.76922,78.13025,12.87,D,2026-05-18 07:37:00
25.77802,77.87095,8.87,D,2026-05-18 07:37:00
25.98477,78.42769,9.88,D,2026-05-18 07:37:00
26.1013,78.10683,11.27,D,2026-05-18 07:37:00
26.10476,78.2114,11.36,D,2026-05-18 07:37:00
26.11597,79.6849,12.44,D,2026-05-18 07:37:00
26.12282,77.37746,47.78,D,2026-05-18 07:37:00
26.15026,77.05346,15.65,D,2026-05-18 07:37:00
26.15291,77.05457,13.7,D,2026-05-18 07:37:00
26.185,78.2402,6.45,D,2026-05-18 07:37:00
26.32572,77.52707,6.84,D,2026-05-18 07:37:00
26.3391,77.57112,6.71,D,2026-05-18 07:37:00
26.36462,77.57567,8.91,D,2026-05-18 07:37:00
26.43064,77.74557,14.37,D,2026-05-18 07:37:00
26.43153,77.74993,14.37,D,2026-05-18 07:37:00
26.51588,76.87543,19.66,D,2026-05-18 07:37:00
26.54712,79.04258,8.31,D,2026-05-18 07:37:00
26.69477,78.14098,2.8,D,2026-05-18 07:37:00
26.69665,78.14002,3.57,D,2026-05-18 07:37:00
26.78005,78.54879,7.42,D,2026-05-18 07:37:00
27.16087,80.60645,6.12,D,2026-05-18 07:37:00
27.2589,86.24921,3.83,D,2026-05-18 07:37:00
27.5436,84.11605,6.66,D,2026-05-18 07:37:00
27.5469,84.11542,6.66,D,2026-05-18 07:37:00
27.67536,83.50027,2.22,D,2026-05-18 07:37:00
26.95967,78.60707,2.69,D,2026-05-18 07:39:00
27.91631,82.5862,2.1,D,2026-05-18 07:39:00
27.9536,82.38078,1.92,D,2026-05-18 07:39:00
28.14427,83.26824,1.96,D,2026-05-18 07:39:00
28.16177,80.15837,6.05,D,2026-05-18 07:39:00
28.24957,81.73701,3.48,D,2026-05-18 07:39:00
28.28168,81.20972,6.77,D,2026-05-18 07:39:00
28.34136,81.36948,2.6,D,2026-05-18 07:39:00
28.35783,81.44501,3.19,D,2026-05-18 07:39:00
28.36197,81.4485,6.35,D,2026-05-18 07:39:00
28.37458,81.89597,3.12,D,2026-05-18 07:39:00
28.37597,80.3655,2.78,D,2026-05-18 07:39:00
28.43283,77.43335,6.49,D,2026-05-18 07:39:00
28.43975,81.4107,2.78,D,2026-05-18 07:39:00
28.56277,83.34289,7.6,D,2026-05-18 07:39:00
28.61076,81.8404,5.18,D,2026-05-18 07:39:00
28.63305,81.84843,10.27,D,2026-05-18 07:39:00
28.65595,80.91972,29.35,D,2026-05-18 07:39:00
28.67325,80.23948,6.84,D,2026-05-18 07:39:00
28.68011,81.35671,3.53,D,2026-05-18 07:39:00
28.70655,81.31182,1.66,D,2026-05-18 07:39:00
28.71304,81.46738,8.79,D,2026-05-18 07:39:00
28.72325,81.96502,3.59,D,2026-05-18 07:39:00
28.73384,81.96611,7.38,D,2026-05-18 07:39:00
28.80289,81.2733,8.11,D,2026-05-18 07:39:00
28.81145,81.20535,2.35,D,2026-05-18 07:39:00
28.8986,81.5899,7.75,D,2026-05-18 07:39:00
28.89931,81.59408,3.88,D,2026-05-18 07:39:00
28.90003,81.5983,3.88,D,2026-05-18 07:39:00
28.95822,80.15034,3.04,D,2026-05-18 07:39:00
29.04173,78.71989,13.51,D,2026-05-18 07:39:00
29.06475,81.28738,5.52,D,2026-05-18 07:39:00
29.06494,80.43774,5.76,D,2026-05-18 07:39:00
29.09307,80.68008,2.3,D,2026-05-18 07:39:00
29.11043,76.8935,5.95,D,2026-05-18 07:39:00
29.17513,76.28785,6.88,D,2026-05-18 07:39:00
29.21704,80.21177,3.55,D,2026-05-18 07:39:00
29.27996,80.17886,2.45,D,2026-05-18 07:39:00
29.2857,80.7617,3.65,D,2026-05-18 07:39:00
29.32567,75.94595,7.65,D,2026-05-18 07:39:00
29.32676,75.95094,9.92,D,2026-05-18 07:39:00
29.38183,71.99874,15.77,D,2026-05-18 07:39:00
29.38384,71.99565,11.86,D,2026-05-18 07:39:00
29.38487,71.99989,18.42,D,2026-05-18 07:39:00
29.46041,80.65908,2.63,D,2026-05-18 07:39:00
29.4616,78.0695,3.54,D,2026-05-18 07:39:00
29.46594,78.00813,3.51,D,2026-05-18 07:39:00
29.49227,81.44606,6.46,D,2026-05-18 07:39:00
29.54891,81.16391,4.04,D,2026-05-18 07:39:00
29.5986,76.98684,4.45,D,2026-05-18 07:39:00
29.60831,80.04401,3.72,D,2026-05-18 07:39:00
29.65266,79.24461,6.68,D,2026-05-18 07:39:00
29.70769,79.3549,5.99,D,2026-05-18 07:39:00
29.72153,79.88129,3.35,D,2026-05-18 07:39:00
29.75466,79.28543,5.08,D,2026-05-18 07:39:00
29.75546,80.17278,6.42,D,2026-05-18 07:39:00
29.76368,76.63689,8.7,D,2026-05-18 07:39:00
29.84019,78.7109,3.3,D,2026-05-18 07:39:00
29.85524,76.67963,7.28,D,2026-05-18 07:39:00
29.91045,79.80147,7.48,D,2026-05-18 07:39:00
29.94981,81.77371,6.39,D,2026-05-18 07:39:00
29.95666,76.15903,8.23,D,2026-05-18 07:39:00
30.00869,75.66866,8.47,D,2026-05-18 07:39:00
30.02314,76.16734,11.25,D,2026-05-18 07:39:00
30.03582,74.86953,10.77,D,2026-05-18 07:39:00
30.05271,74.21323,12.45,D,2026-05-18 07:39:00
30.0697,78.87194,6.57,D,2026-05-18 07:39:00
30.11665,78.8075,23.73,D,2026-05-18 07:39:00
30.1177,78.81295,8.93,D,2026-05-18 07:39:00
30.12635,78.63369,5.5,D,2026-05-18 07:39:00
30.13013,78.63297,4.5,D,2026-05-18 07:39:00
30.14562,78.63193,3.87,D,2026-05-18 07:39:00
30.14673,78.63776,6.09,D,2026-05-18 07:39:00
30.15941,73.67968,4.9,D,2026-05-18 07:39:00
30.16892,78.7551,16.41,D,2026-05-18 07:39:00
30.18153,75.47302,9.2,D,2026-05-18 07:39:00
30.18208,76.60434,9.63,D,2026-05-18 07:39:00
30.20239,74.45433,12.83,D,2026-05-18 07:39:00
30.20363,74.45626,13.97,D,2026-05-18 07:39:00
30.21097,78.83423,1.75,D,2026-05-18 07:39:00
30.22015,78.84189,4.12,D,2026-05-18 07:39:00
30.23931,74.81897,7.15,D,2026-05-18 07:39:00
30.24745,74.40956,8.13,D,2026-05-18 07:39:00
30.26706,76.35777,8.12,D,2026-05-18 07:39:00
30.272,78.33565,6.88,D,2026-05-18 07:39:00
30.28918,78.54688,4.26,D,2026-05-18 07:39:00
30.2896,79.20404,6.99,D,2026-05-18 07:39:00
30.29272,77.69737,6.92,D,2026-05-18 07:39:00
30.29469,77.09311,5.71,D,2026-05-18 07:39:00
30.30082,74.46896,9.14,D,2026-05-18 07:39:00
30.3034,79.23701,13.39,D,2026-05-18 07:39:00
30.30668,77.80998,6.38,D,2026-05-18 07:39:00
30.31331,77.80207,3.69,D,2026-05-18 07:39:00
30.31855,79.0126,6.17,D,2026-05-18 07:39:00
30.33746,75.95003,7.51,D,2026-05-18 07:39:00
30.33761,74.34292,10.54,D,2026-05-18 07:39:00
30.3493,74.84355,5.69,D,2026-05-18 07:39:00
30.36301,74.411,8.61,D,2026-05-18 07:39:00
30.3677,74.40961,10.29,D,2026-05-18 07:39:00
30.36975,74.39644,17.02,D,2026-05-18 07:39:00
30.38033,74.11552,8.86,D,2026-05-18 07:39:00
30.41139,75.9547,9.84,D,2026-05-18 07:39:00
30.42251,76.37208,13.65,D,2026-05-18 07:39:00
30.42302,73.23744,0.88,D,2026-05-18 07:39:00
30.42376,78.15522,4.97,D,2026-05-18 07:39:00
30.42765,74.43311,10.03,D,2026-05-18 07:39:00
30.435,77.45724,4.52,D,2026-05-18 07:39:00
30.44213,76.09422,8.78,D,2026-05-18 07:39:00
30.44753,74.01631,14.37,D,2026-05-18 07:39:00
30.46078,74.64434,11.26,D,2026-05-18 07:39:00
30.46465,77.86911,3.87,D,2026-05-18 07:39:00
30.46667,76.62477,5.22,D,2026-05-18 07:39:00
30.47653,76.93024,6.13,D,2026-05-18 07:39:00
30.48156,71.72792,4.62,D,2026-05-18 07:39:00
30.49804,76.3768,9.36,D,2026-05-18 07:39:00
30.49856,76.37503,10.1,D,2026-05-18 07:39:00
30.4995,76.37958,9.0,D,2026-05-18 07:39:00
30.50858,78.59152,9.46,D,2026-05-18 07:39:00
30.50931,78.5938,16.91,D,2026-05-18 07:39:00
30.52425,74.32839,14.51,D,2026-05-18 07:39:00
30.52869,76.11976,5.85,D,2026-05-18 07:39:00
30.57198,75.18205,8.08,D,2026-05-18 07:39:00
30.59968,74.8347,10.66,D,2026-05-18 07:39:00
30.6,74.82977,11.7,D,2026-05-18 07:39:00
30.60014,78.21322,3.68,D,2026-05-18 07:39:00
30.6012,74.83529,18.77,D,2026-05-18 07:39:00
30.60847,74.41327,2.51,D,2026-05-18 07:39:00
30.61684,77.14725,9.04,D,2026-05-18 07:39:00
30.62095,77.14671,3.82,D,2026-05-18 07:39:00
30.64126,74.44932,4.59,D,2026-05-18 07:39:00
30.64239,74.45265,3.22,D,2026-05-18 07:39:00
30.65908,75.5763,6.32,D,2026-05-18 07:39:00
30.66033,75.5739,6.79,D,2026-05-18 07:39:00
30.67151,77.00076,4.58,D,2026-05-18 07:39:00
30.67345,77.98455,5.24,D,2026-05-18 07:39:00
30.68286,74.2131,10.63,D,2026-05-18 07:39:00
30.69724,74.77057,8.26,D,2026-05-18 07:39:00
30.70036,74.77284,9.34,D,2026-05-18 07:39:00
30.70154,79.51247,8.36,D,2026-05-18 07:39:00
30.72529,76.0332,6.37,D,2026-05-18 07:39:00
30.73768,75.89569,15.28,D,2026-05-18 07:39:00
30.81388,70.71888,7.51,D,2026-05-18 07:39:00
30.81451,70.71737,5.65,D,2026-05-18 07:39:00
30.81736,71.81556,1.82,D,2026-05-18 07:39:00
30.84776,74.72095,12.54,D,2026-05-18 07:39:00
30.85066,72.19146,4.35,D,2026-05-18 07:39:00
30.85312,76.35364,7.86,D,2026-05-18 07:39:00
30.86659,75.19781,10.7,D,2026-05-18 07:39:00
30.90999,76.30902,7.66,D,2026-05-18 07:39:00
30.91146,76.1084,7.85,D,2026-05-18 07:39:00
30.91311,76.13719,8.01,D,2026-05-18 07:39:00
30.91732,76.136,27.5,D,2026-05-18 07:39:00
30.92806,74.84328,15.61,D,2026-05-18 07:39:00
30.93081,74.8397,14.52,D,2026-05-18 07:39:00
30.94567,75.52073,9.45,D,2026-05-18 07:39:00
30.94584,75.47828,11.74,D,2026-05-18 07:39:00
30.95028,75.4557,10.76,D,2026-05-18 07:39:00
30.95401,75.45706,8.52,D,2026-05-18 07:39:00
30.95591,75.63313,9.75,D,2026-05-18 07:39:00
30.95721,75.59622,19.84,D,2026-05-18 07:39:00
30.96496,75.5678,10.14,D,2026-05-18 07:39:00
30.96929,75.56654,20.0,D,2026-05-18 07:39:00
30.97863,76.05634,10.21,D,2026-05-18 07:39:00
30.99246,75.86835,16.57,D,2026-05-18 07:39:00
30.99608,75.09045,5.17,D,2026-05-18 07:39:00
30.99711,75.0928,13.68,D,2026-05-18 07:39:00
31.00052,75.90625,8.01,D,2026-05-18 07:39:00
31.01178,75.85276,11.16,D,2026-05-18 07:39:00
31.02157,75.83481,11.78,D,2026-05-18 07:39:00
31.02309,74.99537,10.55,D,2026-05-18 07:39:00
31.02423,76.16543,5.56,D,2026-05-18 07:39:00
31.03457,70.81069,11.89,D,2026-05-18 07:39:00
31.03795,75.71507,12.67,D,2026-05-18 07:39:00
31.03948,75.80632,12.51,D,2026-05-18 07:39:00
31.0452,78.03579,7.2,D,2026-05-18 07:39:00
31.04732,78.03701,4.31,D,2026-05-18 07:39:00
31.04994,75.68595,13.31,D,2026-05-18 07:39:00
31.06404,75.66643,14.78,D,2026-05-18 07:39:00
31.06507,75.67128,14.78,D,2026-05-18 07:39:00
31.06834,75.66518,14.78,D,2026-05-18 07:39:00
31.06939,75.67005,14.78,D,2026-05-18 07:39:00
31.0699,75.9681,12.39,D,2026-05-18 07:39:00
31.07158,75.96586,12.9,D,2026-05-18 07:39:00
31.07256,75.97054,12.9,D,2026-05-18 07:39:00
31.07414,75.9669,22.16,D,2026-05-18 07:39:00
31.07514,75.97158,22.16,D,2026-05-18 07:39:00
31.0768,75.96934,12.9,D,2026-05-18 07:39:00
31.09039,75.59668,10.85,D,2026-05-18 07:39:00
31.09452,75.59741,6.46,D,2026-05-18 07:39:00
31.11895,75.75317,13.85,D,2026-05-18 07:39:00
31.12672,75.63995,7.16,D,2026-05-18 07:39:00
31.141,75.57881,11.1,D,2026-05-18 07:39:00
31.16245,70.68702,1.76,D,2026-05-18 07:39:00
31.1778,75.55776,13.88,D,2026-05-18 07:39:00
31.18962,75.69893,7.81,D,2026-05-18 07:39:00
31.20421,75.10276,10.41,D,2026-05-18 07:39:00
31.20579,75.10493,7.34,D,2026-05-18 07:39:00
31.22188,75.67934,11.91,D,2026-05-18 07:39:00
31.22235,75.67737,10.92,D,2026-05-18 07:39:00
31.25304,76.10371,11.98,D,2026-05-18 07:39:00
31.25676,77.34881,6.9,D,2026-05-18 07:39:00
31.26077,75.94986,9.15,D,2026-05-18 07:39:00
31.26511,75.6855,6.8,D,2026-05-18 07:39:00
31.27019,76.01607,5.49,D,2026-05-18 07:39:00
31.31807,75.91176,7.6,D,2026-05-18 07:39:00
31.32116,75.15898,7.5,D,2026-05-18 07:39:00
31.38299,72.18175,3.96,D,2026-05-18 07:39:00
31.38993,75.67187,8.58,D,2026-05-18 07:39:00
31.39095,75.67665,8.58,D,2026-05-18 07:39:00
31.40442,75.82407,5.44,D,2026-05-18 07:39:00
31.40714,71.69167,3.56,D,2026-05-18 07:39:00
31.40852,71.6915,4.92,D,2026-05-18 07:39:00
31.41153,75.75178,7.93,D,2026-05-18 07:39:00
31.41154,76.02448,6.27,D,2026-05-18 07:39:00
31.41279,76.02269,6.97,D,2026-05-18 07:39:00
31.42572,72.28899,1.47,D,2026-05-18 07:39:00
31.43667,73.81026,12.97,D,2026-05-18 07:39:00
31.44172,75.2934,14.49,D,2026-05-18 07:39:00
31.44561,73.98141,5.32,D,2026-05-18 07:39:00
31.46192,75.66296,6.92,D,2026-05-18 07:39:00
31.47619,75.60266,11.83,D,2026-05-18 07:39:00
31.4764,76.66728,3.12,D,2026-05-18 07:39:00
31.47675,74.60276,5.01,D,2026-05-18 07:39:00
31.52204,74.5891,9.6,D,2026-05-18 07:39:00
31.54762,70.65936,2.38,D,2026-05-18 07:39:00
31.5528,73.74616,7.75,D,2026-05-18 07:39:00
31.56767,75.18211,5.78,D,2026-05-18 07:39:00
31.61338,73.99099,9.98,D,2026-05-18 07:39:00
31.6385,72.37078,2.74,D,2026-05-18 07:39:00
31.68097,74.18195,6.81,D,2026-05-18 07:39:00
31.68158,74.17949,4.45,D,2026-05-18 07:39:00
31.70048,75.09645,8.93,D,2026-05-18 07:39:00
31.73463,75.23162,5.99,D,2026-05-18 07:39:00
31.76164,76.47626,8.79,D,2026-05-18 07:39:00
31.7707,76.47851,6.55,D,2026-05-18 07:39:00
31.78635,73.7663,5.58,D,2026-05-18 07:39:00
31.78764,73.76652,8.13,D,2026-05-18 07:39:00
31.79608,77.20024,6.77,D,2026-05-18 07:39:00
31.81792,74.41503,10.55,D,2026-05-18 07:39:00
31.8495,75.03839,5.38,D,2026-05-18 07:39:00
31.85099,75.035,11.06,D,2026-05-18 07:39:00
31.87143,75.07529,5.81,D,2026-05-18 07:39:00
31.87431,75.0769,14.99,D,2026-05-18 07:39:00
31.87581,75.07398,5.81,D,2026-05-18 07:39:00
31.88723,74.49134,12.17,D,2026-05-18 07:39:00
31.88928,74.47901,5.5,D,2026-05-18 07:39:00
31.895,75.27139,4.75,D,2026-05-18 07:39:00
31.90652,74.1131,12.49,D,2026-05-18 07:39:00
31.90782,74.11884,12.49,D,2026-05-18 07:39:00
31.91069,74.61742,8.31,D,2026-05-18 07:39:00
31.93081,74.951,7.96,D,2026-05-18 07:39:00
31.93485,74.86137,11.08,D,2026-05-18 07:39:00
31.93603,74.85817,11.89,D,2026-05-18 07:39:00
31.94651,74.79926,14.94,D,2026-05-18 07:39:00
31.99311,75.79723,4.51,D,2026-05-18 07:39:00
32.00858,76.22476,4.86,D,2026-05-18 07:39:00
32.09358,74.64614,7.49,D,2026-05-18 07:39:00
32.09401,74.64356,10.83,D,2026-05-18 07:39:00
32.15139,74.77245,10.49,D,2026-05-18 07:39:00
32.15969,74.61799,9.39,D,2026-05-18 07:39:00
32.16087,74.6233,9.39,D,2026-05-18 07:39:00
32.16237,73.89872,7.64,D,2026-05-18 07:39:00
32.16309,73.8967,7.56,D,2026-05-18 07:39:00
32.20311,73.59644,9.33,D,2026-05-18 07:39:00
32.20343,75.53281,16.51,D,2026-05-18 07:39:00
32.2045,73.59657,7.85,D,2026-05-18 07:39:00
32.20821,73.50988,7.44,D,2026-05-18 07:39:00
32.21487,74.37297,9.68,D,2026-05-18 07:39:00
32.2326,74.84217,7.03,D,2026-05-18 07:39:00
32.24588,73.84563,10.7,D,2026-05-18 07:39:00
32.24604,73.84476,6.56,D,2026-05-18 07:39:00
32.26483,74.38098,11.93,D,2026-05-18 07:39:00
32.26527,74.38445,11.56,D,2026-05-18 07:39:00
32.36248,74.84923,6.09,D,2026-05-18 07:39:00
32.36903,72.31093,3.81,D,2026-05-18 07:39:00
32.39419,72.50298,1.53,D,2026-05-18 07:39:00
32.411,74.24425,10.39,D,2026-05-18 07:39:00
32.44994,75.12658,6.22,D,2026-05-18 07:39:00
32.47176,73.91468,6.23,D,2026-05-18 07:39:00
32.47707,73.89449,7.43,D,2026-05-18 07:39:00
32.47905,73.89763,7.73,D,2026-05-18 07:39:00
32.4808,73.40582,11.38,D,2026-05-18 07:39:00
32.48408,73.40304,8.81,D,2026-05-18 07:39:00
32.56327,73.834,5.06,D,2026-05-18 07:39:00
32.56657,73.82675,22.59,D,2026-05-18 07:39:00
32.56777,73.82426,10.5,D,2026-05-18 07:39:00
32.58382,71.65298,4.48,D,2026-05-18 07:39:00
32.61127,71.47927,2.12,D,2026-05-18 07:39:00
32.62164,73.58403,11.45,D,2026-05-18 07:39:00
32.62246,73.58624,9.12,D,2026-05-18 07:39:00
32.62498,73.75007,8.28,D,2026-05-18 07:39:00
32.64587,73.60188,9.85,D,2026-05-18 07:39:00
32.64653,73.6041,7.53,D,2026-05-18 07:39:00
32.64725,73.60783,9.85,D,2026-05-18 07:39:00
32.65119,73.60262,7.53,D,2026-05-18 07:39:00
32.67139,73.6256,28.86,D,2026-05-18 07:39:00
32.77728,74.00071,4.09,D,2026-05-18 07:39:00
34.05003,71.92352,3.34,D,2026-05-18 07:41:00
34.05599,72.16276,4.1,D,2026-05-18 07:41:00
